world,side,date,days,calendarDays,coveragePct,first,last,price,eligible,status,momPct,yoyPct,accelerationPp,observed.momPct,observed.yoyPct,observed.accelerationPp
Antica,ask,2023-01-01,22,31,70.96774194,2023-01-10,2023-01-31,29392.50000000,True,Eligible,,,,,,
Antica,bid,2023-01-01,22,31,70.96774194,2023-01-10,2023-01-31,29135.50000000,True,Eligible,,,,,,
Antica,ask,2023-02-01,27,28,96.42857143,2023-02-01,2023-02-28,31798.50000000,True,Eligible,8.18576167,,,8.18576167,,
Antica,bid,2023-02-01,27,28,96.42857143,2023-02-01,2023-02-28,31334.50000000,True,Eligible,7.54749361,,,7.54749361,,
Antica,ask,2023-03-01,31,31,100.00000000,2023-03-01,2023-03-31,32009.00000000,True,Eligible,0.66198091,,,0.66198091,,
Antica,bid,2023-03-01,31,31,100.00000000,2023-03-01,2023-03-31,31680.50000000,True,Eligible,1.10421420,,,1.10421420,,
Antica,ask,2023-04-01,28,30,93.33333333,2023-04-01,2023-04-30,36917.75000000,True,Eligible,15.33553063,,,15.33553063,,
Antica,bid,2023-04-01,28,30,93.33333333,2023-04-01,2023-04-30,36342.00000000,True,Eligible,14.71409858,,,14.71409858,,
Antica,ask,2023-05-01,31,31,100.00000000,2023-05-01,2023-05-31,37942.50000000,True,Eligible,2.77576505,,,2.77576505,,
Antica,bid,2023-05-01,31,31,100.00000000,2023-05-01,2023-05-31,37458.00000000,True,Eligible,3.07082714,,,3.07082714,,
Antica,ask,2023-06-01,27,30,90.00000000,2023-06-01,2023-06-30,37934.00000000,True,Eligible,-0.02240232,,,-0.02240232,,
Antica,bid,2023-06-01,27,30,90.00000000,2023-06-01,2023-06-30,37538.50000000,True,Eligible,0.21490736,,,0.21490736,,
Antica,ask,2023-07-01,31,31,100.00000000,2023-07-01,2023-07-31,36392.00000000,True,Eligible,-4.06495492,,,-4.06495492,,
Antica,bid,2023-07-01,31,31,100.00000000,2023-07-01,2023-07-31,35887.00000000,True,Eligible,-4.39948320,,,-4.39948320,,
Antica,ask,2023-08-01,28,31,90.32258065,2023-08-01,2023-08-31,36961.25000000,True,Eligible,1.56421741,,,1.56421741,,
Antica,bid,2023-08-01,28,31,90.32258065,2023-08-01,2023-08-31,36413.25000000,True,Eligible,1.46640845,,,1.46640845,,
Antica,ask,2023-09-01,30,30,100.00000000,2023-09-01,2023-09-30,37590.75000000,True,Eligible,1.70313504,,,1.70313504,,
Antica,bid,2023-09-01,30,30,100.00000000,2023-09-01,2023-09-30,37048.50000000,True,Eligible,1.74455727,,,1.74455727,,
Antica,ask,2023-10-01,29,31,93.54838710,2023-10-01,2023-10-31,39353.00000000,True,Eligible,4.68798840,,,4.68798840,,
Antica,bid,2023-10-01,29,31,93.54838710,2023-10-01,2023-10-31,38600.00000000,True,Eligible,4.18775389,,,4.18775389,,
Antica,ask,2023-11-01,26,30,86.66666667,2023-11-01,2023-11-30,39648.50000000,True,Eligible,0.75089574,,,0.75089574,,
Antica,bid,2023-11-01,26,30,86.66666667,2023-11-01,2023-11-30,39045.50000000,True,Eligible,1.15414508,,,1.15414508,,
Antica,ask,2023-12-01,25,31,80.64516129,2023-12-01,2023-12-31,37938.00000000,True,Eligible,-4.31416069,,,-4.31416069,,
Antica,bid,2023-12-01,25,31,80.64516129,2023-12-01,2023-12-31,37214.00000000,True,Eligible,-4.69068138,,,-4.69068138,,
Antica,ask,2024-01-01,26,31,83.87096774,2024-01-01,2024-01-31,35413.50000000,True,Eligible,-6.65427803,20.48481756,,-6.65427803,20.48481756,
Antica,bid,2024-01-01,26,31,83.87096774,2024-01-01,2024-01-31,34818.50000000,True,Eligible,-6.43709357,19.50541436,,-6.43709357,19.50541436,
Antica,ask,2024-02-01,28,29,96.55172414,2024-02-01,2024-02-29,35236.00000000,True,Eligible,-0.50122129,10.81025835,-9.67455921,-0.50122129,10.81025835,-9.67455921
Antica,bid,2024-02-01,28,29,96.55172414,2024-02-01,2024-02-29,34780.00000000,True,Eligible,-0.11057340,10.99586718,-8.50954718,-0.11057340,10.99586718,-8.50954718
Antica,ask,2024-03-01,28,31,90.32258065,2024-03-01,2024-03-31,34099.50000000,True,Eligible,-3.22539448,6.53097566,-4.27928268,-3.22539448,6.53097566,-4.27928268
Antica,bid,2024-03-01,28,31,90.32258065,2024-03-01,2024-03-31,33439.00000000,True,Eligible,-3.85566417,5.55073310,-5.44513407,-3.85566417,5.55073310,-5.44513407
Antica,ask,2024-04-01,29,30,96.66666667,2024-04-02,2024-04-30,33807.00000000,True,Eligible,-0.85778384,-8.42616357,-14.95713923,-0.85778384,-8.42616357,-14.95713923
Antica,bid,2024-04-01,29,30,96.66666667,2024-04-02,2024-04-30,33294.00000000,True,Eligible,-0.43362541,-8.38699026,-13.93772336,-0.43362541,-8.38699026,-13.93772336
Antica,ask,2024-05-01,28,31,90.32258065,2024-05-01,2024-05-31,33200.00000000,True,Eligible,-1.79548614,-12.49917639,-4.07301282,-1.79548614,-12.49917639,-4.07301282
Antica,bid,2024-05-01,28,31,90.32258065,2024-05-01,2024-05-31,32644.50000000,True,Eligible,-1.95080195,-12.85039244,-4.46340218,-1.95080195,-12.85039244,-4.46340218
Antica,ask,2024-06-01,28,30,93.33333333,2024-06-01,2024-06-30,30168.00000000,True,Eligible,-9.13253012,-20.47239943,-7.97322305,-9.13253012,-20.47239943,-7.97322305
Antica,bid,2024-06-01,28,30,93.33333333,2024-06-01,2024-06-30,29653.50000000,True,Eligible,-9.16233975,-21.00510143,-8.15470899,-9.16233975,-21.00510143,-8.15470899
Antica,ask,2024-07-01,25,31,80.64516129,2024-07-01,2024-07-29,29475.00000000,True,Eligible,-2.29713604,-19.00692460,1.46547483,-2.29713604,-19.00692460,1.46547483
Antica,bid,2024-07-01,25,31,80.64516129,2024-07-01,2024-07-29,28715.00000000,True,Eligible,-3.16488779,-19.98495277,1.02014866,-3.16488779,-19.98495277,1.02014866
Antica,ask,2024-08-01,20,31,64.51612903,2024-08-01,2024-08-26,31994.50000000,True,Eligible,8.54792197,-13.43772194,5.56920266,8.54792197,-13.43772194,5.56920266
Antica,bid,2024-08-01,20,31,64.51612903,2024-08-01,2024-08-26,31332.00000000,True,Eligible,9.11370364,-13.95439847,6.03055430,9.11370364,-13.95439847,6.03055430
Antica,ask,2024-09-01,27,30,90.00000000,2024-09-01,2024-09-30,35448.00000000,True,Eligible,10.79404273,-5.70020550,7.73751644,10.79404273,-5.70020550,7.73751644
Antica,bid,2024-09-01,27,30,90.00000000,2024-09-01,2024-09-30,34805.00000000,True,Eligible,11.08451423,-6.05557580,7.89882267,11.08451423,-6.05557580,7.89882267
Antica,ask,2024-10-01,31,31,100.00000000,2024-10-01,2024-10-31,39695.00000000,True,Eligible,11.98092981,0.86905700,6.56926250,11.98092981,0.86905700,6.56926250
Antica,bid,2024-10-01,31,31,100.00000000,2024-10-01,2024-10-31,38702.00000000,True,Eligible,11.19666715,0.26424870,6.31982450,11.19666715,0.26424870,6.31982450
Antica,ask,2024-11-01,28,30,93.33333333,2024-11-01,2024-11-30,39674.50000000,True,Eligible,-0.05164378,0.06557625,-0.80348075,-0.05164378,0.06557625,-0.80348075
Antica,bid,2024-11-01,28,30,93.33333333,2024-11-01,2024-11-30,38949.50000000,True,Eligible,0.63950183,-0.24586700,-0.51011571,0.63950183,-0.24586700,-0.51011571
Antica,ask,2024-12-01,29,31,93.54838710,2024-12-01,2024-12-31,39499.00000000,True,Eligible,-0.44234962,4.11460804,4.04903179,-0.44234962,4.11460804,4.04903179
Antica,bid,2024-12-01,29,31,93.54838710,2024-12-01,2024-12-31,38711.00000000,True,Eligible,-0.61233135,4.02267964,4.26854664,-0.61233135,4.02267964,4.26854664
Antica,ask,2025-01-01,29,31,93.54838710,2025-01-01,2025-01-31,38676.00000000,True,Eligible,-2.08359705,9.21258842,5.09798037,-2.08359705,9.21258842,5.09798037
Antica,bid,2025-01-01,29,31,93.54838710,2025-01-01,2025-01-31,37901.00000000,True,Eligible,-2.09242851,8.85305226,4.83037262,-2.09242851,8.85305226,4.83037262
Antica,ask,2025-02-01,26,28,92.85714286,2025-02-01,2025-02-28,38983.00000000,True,Eligible,0.79377392,10.63401067,1.42142225,0.79377392,10.63401067,1.42142225
Antica,bid,2025-02-01,26,28,92.85714286,2025-02-01,2025-02-28,38298.00000000,True,Eligible,1.04746577,10.11500863,1.26195637,1.04746577,10.11500863,1.26195637
Antica,ask,2025-03-01,29,31,93.54838710,2025-03-01,2025-03-31,37342.00000000,True,Eligible,-4.20952723,9.50893708,-1.12507359,-4.20952723,9.50893708,-1.12507359
Antica,bid,2025-03-01,29,31,93.54838710,2025-03-01,2025-03-31,36554.00000000,True,Eligible,-4.55376260,9.31546996,-0.79953867,-4.55376260,9.31546996,-0.79953867
Antica,ask,2025-04-01,27,30,90.00000000,2025-04-04,2025-04-30,36448.00000000,True,Eligible,-2.39408709,7.81199160,-1.69694548,-2.39408709,7.81199160,-1.69694548
Antica,bid,2025-04-01,27,30,90.00000000,2025-04-04,2025-04-30,35714.00000000,True,Eligible,-2.29797013,7.26857692,-2.04689304,-2.29797013,7.26857692,-2.04689304
Antica,ask,2025-05-01,31,31,100.00000000,2025-05-01,2025-05-31,34895.00000000,True,Eligible,-4.26086479,5.10542169,-2.70656991,-4.26086479,5.10542169,-2.70656991
Antica,bid,2025-05-01,31,31,100.00000000,2025-05-01,2025-05-31,34074.00000000,True,Eligible,-4.59203674,4.37899187,-2.88958505,-4.59203674,4.37899187,-2.88958505
Antica,ask,2025-06-01,23,30,76.66666667,2025-06-01,2025-06-30,33678.00000000,True,Eligible,-3.48760567,11.63484487,6.52942318,-3.48760567,11.63484487,6.52942318
Antica,bid,2025-06-01,23,30,76.66666667,2025-06-01,2025-06-30,33035.00000000,True,Eligible,-3.04924576,11.40337566,7.02438379,-3.04924576,11.40337566,7.02438379
Antica,ask,2025-07-01,24,31,77.41935484,2025-07-03,2025-07-28,33444.50000000,True,Eligible,-0.69333096,13.46734521,1.83250034,-0.69333096,13.46734521,1.83250034
Antica,bid,2025-07-01,24,31,77.41935484,2025-07-03,2025-07-28,33000.00000000,True,Eligible,-0.10594824,14.92251437,3.51913871,-0.10594824,14.92251437,3.51913871
Antica,ask,2025-08-01,30,31,96.77419355,2025-08-01,2025-08-31,36419.50000000,True,Eligible,8.89533406,13.83050212,0.36315691,8.89533406,13.83050212,0.36315691
Antica,bid,2025-08-01,30,31,96.77419355,2025-08-01,2025-08-31,35345.00000000,True,Eligible,7.10606061,12.80799183,-2.11452254,7.10606061,12.80799183,-2.11452254
Antica,ask,2025-09-01,26,30,86.66666667,2025-09-01,2025-09-30,37191.50000000,True,Eligible,2.11974354,4.91847213,-8.91202999,2.11974354,4.91847213,-8.91202999
Antica,bid,2025-09-01,26,30,86.66666667,2025-09-01,2025-09-30,36365.00000000,True,Eligible,2.88583958,4.48211464,-8.32587719,2.88583958,4.48211464,-8.32587719
Antica,ask,2025-10-01,29,31,93.54838710,2025-10-01,2025-10-31,39878.00000000,True,Eligible,7.22342471,0.46101524,-4.45745689,7.22342471,0.46101524,-4.45745689
Antica,bid,2025-10-01,29,31,93.54838710,2025-10-01,2025-10-31,39117.00000000,True,Eligible,7.56771621,1.07229601,-3.40981863,7.56771621,1.07229601,-3.40981863
Antica,ask,2025-11-01,28,30,93.33333333,2025-11-01,2025-11-30,40198.50000000,True,Eligible,0.80370129,1.32074758,0.85973234,0.80370129,1.32074758,0.85973234
Antica,bid,2025-11-01,28,30,93.33333333,2025-11-01,2025-11-30,39800.00000000,True,Eligible,1.74604392,2.18359671,1.11130070,1.74604392,2.18359671,1.11130070
Antica,ask,2025-12-01,20,31,64.51612903,2025-12-05,2025-12-30,40172.50000000,True,Eligible,-0.06467903,1.70510646,0.38435887,-0.06467903,1.70510646,0.38435887
Antica,bid,2025-12-01,20,31,64.51612903,2025-12-05,2025-12-30,39600.50000000,True,Eligible,-0.50125628,2.29779649,0.11419978,-0.50125628,2.29779649,0.11419978
Antica,ask,2026-01-01,22,31,70.96774194,2026-01-02,2026-01-31,38519.50000000,True,Eligible,-4.11475512,-0.40464371,-2.10975017,-4.11475512,-0.40464371,-2.10975017
Antica,bid,2026-01-01,22,31,70.96774194,2026-01-02,2026-01-31,37812.00000000,True,Eligible,-4.51635712,-0.23482230,-2.53261879,-4.51635712,-0.23482230,-2.53261879
Antica,ask,2026-02-01,22,28,78.57142857,2026-02-01,2026-02-26,38403.00000000,True,Eligible,-0.30244422,-1.48782803,-1.08318432,-0.30244422,-1.48782803,-1.08318432
Antica,bid,2026-02-01,22,28,78.57142857,2026-02-01,2026-02-26,37850.50000000,True,Eligible,0.10181953,-1.16846833,-0.93364603,0.10181953,-1.16846833,-0.93364603
Antica,ask,2026-03-01,24,31,77.41935484,2026-03-01,2026-03-31,37745.00000000,True,Eligible,-1.71340781,1.07921375,2.56704178,-1.71340781,1.07921375,2.56704178
Antica,bid,2026-03-01,24,31,77.41935484,2026-03-01,2026-03-31,37068.00000000,True,Eligible,-2.06734389,1.40613886,2.57460719,-2.06734389,1.40613886,2.57460719
Antica,ask,2026-04-01,30,30,100.00000000,2026-04-01,2026-04-30,37820.00000000,True,Eligible,0.19870181,3.76426690,2.68505315,0.19870181,3.76426690,2.68505315
Antica,bid,2026-04-01,30,30,100.00000000,2026-04-01,2026-04-30,37250.50000000,True,Eligible,0.49233841,4.30223442,2.89609555,0.49233841,4.30223442,2.89609555
Antica,ask,2026-05-01,26,31,83.87096774,2026-05-01,2026-05-31,37299.00000000,True,Eligible,-1.37757800,6.88923915,3.12497225,-1.37757800,6.88923915,3.12497225
Antica,bid,2026-05-01,26,31,83.87096774,2026-05-01,2026-05-31,36850.00000000,True,Eligible,-1.07515335,8.14697423,3.84473981,-1.07515335,8.14697423,3.84473981
Antica,ask,2026-06-01,28,30,93.33333333,2026-06-01,2026-06-30,37164.50000000,True,Eligible,-0.36059948,10.35245561,3.46321646,-0.36059948,10.35245561,3.46321646
Antica,bid,2026-06-01,28,30,93.33333333,2026-06-01,2026-06-30,36572.50000000,True,Eligible,-0.75305292,10.70833964,2.56136541,-0.75305292,10.70833964,2.56136541
Antica,ask,2026-07-01,27,31,87.09677419,2026-07-02,2026-07-30,38597.00000000,True,Eligible,3.85448479,15.40612059,5.05366498,3.85448479,15.40612059,5.05366498
Antica,bid,2026-07-01,27,31,87.09677419,2026-07-02,2026-07-30,37950.00000000,True,Eligible,3.76649122,15.00000000,4.29166036,3.76649122,15.00000000,4.29166036
Antica,ask,2026-08-01,28,31,90.32258065,2026-08-01,2026-08-31,41249.00000000,True,Eligible,6.87100034,13.26075317,-2.14536742,6.87100034,13.26075317,-2.14536742
Antica,bid,2026-08-01,28,31,90.32258065,2026-08-01,2026-08-31,40803.00000000,True,Eligible,7.51778656,15.44207101,0.44207101,7.51778656,15.44207101,0.44207101
Antica,ask,2026-09-01,11,30,36.66666667,2026-09-01,2026-09-28,42799.00000000,False,Partial month,,,,,,
Antica,bid,2026-09-01,11,30,36.66666667,2026-09-01,2026-09-28,42454.00000000,False,Partial month,,,,,,
Astera,ask,2023-01-01,0,31,0.00000000,,,,False,Insufficient coverage,,,,,,
Astera,bid,2023-01-01,0,31,0.00000000,,,,False,Insufficient coverage,,,,,,
Astera,ask,2023-02-01,0,28,0.00000000,,,,False,Insufficient coverage,,,,,,
Astera,bid,2023-02-01,0,28,0.00000000,,,,False,Insufficient coverage,,,,,,
Astera,ask,2023-03-01,0,31,0.00000000,,,,False,Insufficient coverage,,,,,,
Astera,bid,2023-03-01,0,31,0.00000000,,,,False,Insufficient coverage,,,,,,
Astera,ask,2023-04-01,0,30,0.00000000,,,,False,Insufficient coverage,,,,,,
Astera,bid,2023-04-01,0,30,0.00000000,,,,False,Insufficient coverage,,,,,,
Astera,ask,2023-05-01,0,31,0.00000000,,,,False,Insufficient coverage,,,,,,
Astera,bid,2023-05-01,0,31,0.00000000,,,,False,Insufficient coverage,,,,,,
Astera,ask,2023-06-01,0,30,0.00000000,,,,False,Insufficient coverage,,,,,,
Astera,bid,2023-06-01,0,30,0.00000000,,,,False,Insufficient coverage,,,,,,
Astera,ask,2023-07-01,0,31,0.00000000,,,,False,Insufficient coverage,,,,,,
Astera,bid,2023-07-01,0,31,0.00000000,,,,False,Insufficient coverage,,,,,,
Astera,ask,2023-08-01,0,31,0.00000000,,,,False,Insufficient coverage,,,,,,
Astera,bid,2023-08-01,0,31,0.00000000,,,,False,Insufficient coverage,,,,,,
Astera,ask,2023-09-01,0,30,0.00000000,,,,False,Insufficient coverage,,,,,,
Astera,bid,2023-09-01,0,30,0.00000000,,,,False,Insufficient coverage,,,,,,
Astera,ask,2023-10-01,0,31,0.00000000,,,,False,Insufficient coverage,,,,,,
Astera,bid,2023-10-01,0,31,0.00000000,,,,False,Insufficient coverage,,,,,,
Astera,ask,2023-11-01,0,30,0.00000000,,,,False,Insufficient coverage,,,,,,
Astera,bid,2023-11-01,0,30,0.00000000,,,,False,Insufficient coverage,,,,,,
Astera,ask,2023-12-01,0,31,0.00000000,,,,False,Insufficient coverage,,,,,,
Astera,bid,2023-12-01,0,31,0.00000000,,,,False,Insufficient coverage,,,,,,
Astera,ask,2024-01-01,0,31,0.00000000,,,,False,Insufficient coverage,,,,,,
Astera,bid,2024-01-01,0,31,0.00000000,,,,False,Insufficient coverage,,,,,,
Astera,ask,2024-02-01,0,29,0.00000000,,,,False,Insufficient coverage,,,,,,
Astera,bid,2024-02-01,0,29,0.00000000,,,,False,Insufficient coverage,,,,,,
Astera,ask,2024-03-01,0,31,0.00000000,,,,False,Insufficient coverage,,,,,,
Astera,bid,2024-03-01,0,31,0.00000000,,,,False,Insufficient coverage,,,,,,
Astera,ask,2024-04-01,0,30,0.00000000,,,,False,Insufficient coverage,,,,,,
Astera,bid,2024-04-01,0,30,0.00000000,,,,False,Insufficient coverage,,,,,,
Astera,ask,2024-05-01,0,31,0.00000000,,,,False,Insufficient coverage,,,,,,
Astera,bid,2024-05-01,0,31,0.00000000,,,,False,Insufficient coverage,,,,,,
Astera,ask,2024-06-01,1,30,3.33333333,2024-06-29,2024-06-29,37888.00000000,False,Insufficient coverage,,,,,,
Astera,bid,2024-06-01,1,30,3.33333333,2024-06-29,2024-06-29,36023.00000000,False,Insufficient coverage,,,,,,
Astera,ask,2024-07-01,14,31,45.16129032,2024-07-03,2024-07-29,37295.50000000,False,Insufficient coverage,,,,-1.56381968,,
Astera,bid,2024-07-01,14,31,45.16129032,2024-07-03,2024-07-29,34513.50000000,False,Insufficient coverage,,,,-4.19037837,,
Astera,ask,2024-08-01,10,31,32.25806452,2024-08-02,2024-08-26,39025.00000000,False,Insufficient coverage,,,,4.63728868,,
Astera,bid,2024-08-01,10,31,32.25806452,2024-08-02,2024-08-26,37466.50000000,False,Insufficient coverage,,,,8.55607226,,
Astera,ask,2024-09-01,13,30,43.33333333,2024-09-01,2024-09-29,41750.00000000,False,Insufficient coverage,,,,6.98270340,,
Astera,bid,2024-09-01,13,30,43.33333333,2024-09-01,2024-09-29,39001.00000000,False,Insufficient coverage,,,,4.09565879,,
Astera,ask,2024-10-01,14,31,45.16129032,2024-10-01,2024-10-31,43374.50000000,False,Insufficient coverage,,,,3.89101796,,
Astera,bid,2024-10-01,14,31,45.16129032,2024-10-01,2024-10-31,41525.00000000,False,Insufficient coverage,,,,6.47162893,,
Astera,ask,2024-11-01,14,30,46.66666667,2024-11-02,2024-11-30,43160.00000000,False,Insufficient coverage,,,,-0.49453020,,
Astera,bid,2024-11-01,14,30,46.66666667,2024-11-02,2024-11-30,41660.00000000,False,Insufficient coverage,,,,0.32510536,,
Astera,ask,2024-12-01,15,31,48.38709677,2024-12-02,2024-12-30,43311.00000000,False,Insufficient coverage,,,,0.34986098,,
Astera,bid,2024-12-01,15,31,48.38709677,2024-12-02,2024-12-30,41740.00000000,False,Insufficient coverage,,,,0.19203072,,
Astera,ask,2025-01-01,14,31,45.16129032,2025-01-01,2025-01-29,41869.00000000,False,Insufficient coverage,,,,-3.32940823,,
Astera,bid,2025-01-01,14,31,45.16129032,2025-01-01,2025-01-29,40340.50000000,False,Insufficient coverage,,,,-3.35289890,,
Astera,ask,2025-02-01,7,28,25.00000000,2025-02-01,2025-02-25,42700.00000000,False,Insufficient coverage,,,,1.98476200,,
Astera,bid,2025-02-01,7,28,25.00000000,2025-02-01,2025-02-25,40801.00000000,False,Insufficient coverage,,,,1.14153270,,
Astera,ask,2025-03-01,8,31,25.80645161,2025-03-01,2025-03-29,41768.00000000,False,Insufficient coverage,,,,-2.18266979,,
Astera,bid,2025-03-01,8,31,25.80645161,2025-03-01,2025-03-29,40553.00000000,False,Insufficient coverage,,,,-0.60782824,,
Astera,ask,2025-04-01,5,30,16.66666667,2025-04-06,2025-04-28,41196.00000000,False,Insufficient coverage,,,,-1.36946945,,
Astera,bid,2025-04-01,5,30,16.66666667,2025-04-06,2025-04-28,40066.00000000,False,Insufficient coverage,,,,-1.20089759,,
Astera,ask,2025-05-01,8,31,25.80645161,2025-05-02,2025-05-30,40171.50000000,False,Insufficient coverage,,,,-2.48689193,,
Astera,bid,2025-05-01,8,31,25.80645161,2025-05-02,2025-05-30,38711.00000000,False,Insufficient coverage,,,,-3.38191983,,
Astera,ask,2025-06-01,10,30,33.33333333,2025-06-03,2025-06-29,39931.00000000,False,Insufficient coverage,,,,-0.59868315,5.39220861,
Astera,bid,2025-06-01,10,30,33.33333333,2025-06-03,2025-06-29,38321.50000000,False,Insufficient coverage,,,,-1.00617396,6.38064570,
Astera,ask,2025-07-01,11,31,35.48387097,2025-07-05,2025-07-27,40695.00000000,False,Insufficient coverage,,,,1.91330044,9.11504069,3.72283207
Astera,bid,2025-07-01,11,31,35.48387097,2025-07-05,2025-07-27,39303.00000000,False,Insufficient coverage,,,,2.56122542,13.87717850,7.49653280
Astera,ask,2025-08-01,13,31,41.93548387,2025-08-02,2025-08-28,41099.00000000,False,Insufficient coverage,,,,0.99275095,5.31454196,-3.80049873
Astera,bid,2025-08-01,13,31,41.93548387,2025-08-02,2025-08-28,39650.00000000,False,Insufficient coverage,,,,0.88288426,5.82787290,-8.04930560
Astera,ask,2025-09-01,7,30,23.33333333,2025-09-01,2025-09-27,41449.00000000,False,Insufficient coverage,,,,0.85160223,-0.72095808,-6.03550004
Astera,bid,2025-09-01,7,30,23.33333333,2025-09-01,2025-09-27,40383.00000000,False,Insufficient coverage,,,,1.84867591,3.54349888,-2.28437402
Astera,ask,2025-10-01,10,31,32.25806452,2025-10-01,2025-10-31,44207.00000000,False,Insufficient coverage,,,,6.65396029,1.91933048,2.64028857
Astera,bid,2025-10-01,10,31,32.25806452,2025-10-01,2025-10-31,42853.50000000,False,Insufficient coverage,,,,6.11767328,3.19927754,-0.34422134
Astera,ask,2025-11-01,10,30,33.33333333,2025-11-03,2025-11-30,45084.00000000,False,Insufficient coverage,,,,1.98384871,4.45783133,2.53850084
Astera,bid,2025-11-01,10,30,33.33333333,2025-11-03,2025-11-30,43755.50000000,False,Insufficient coverage,,,,2.10484558,5.03000480,1.83072726
Astera,ask,2025-12-01,9,31,29.03225806,2025-12-05,2025-12-29,43777.00000000,False,Insufficient coverage,,,,-2.89903292,1.07593914,-3.38189219
Astera,bid,2025-12-01,9,31,29.03225806,2025-12-05,2025-12-29,42151.00000000,False,Insufficient coverage,,,,-3.66696758,0.98466699,-4.04533781
Astera,ask,2026-01-01,10,31,32.25806452,2026-01-03,2026-01-30,42573.50000000,False,Insufficient coverage,,,,-2.74916052,1.68262915,0.60669001
Astera,bid,2026-01-01,10,31,32.25806452,2026-01-03,2026-01-30,40711.00000000,False,Insufficient coverage,,,,-3.41628906,0.91843185,-0.06623514
Astera,ask,2026-02-01,9,28,32.14285714,2026-02-02,2026-02-26,42650.00000000,False,Insufficient coverage,,,,0.17968924,-0.11709602,-1.79972517
Astera,bid,2026-02-01,9,28,32.14285714,2026-02-02,2026-02-26,41424.00000000,False,Insufficient coverage,,,,1.75136941,1.52692336,0.60849151
Astera,ask,2026-03-01,12,31,38.70967742,2026-03-01,2026-03-30,41425.00000000,False,Insufficient coverage,,,,-2.87221571,-0.82120283,-0.70410682
Astera,bid,2026-03-01,12,31,38.70967742,2026-03-01,2026-03-30,40412.00000000,False,Insufficient coverage,,,,-2.44302820,-0.34769314,-1.87461650
Astera,ask,2026-04-01,15,30,50.00000000,2026-04-01,2026-04-29,41729.00000000,False,Insufficient coverage,,,,0.73385637,1.29381493,2.11501777
Astera,bid,2026-04-01,15,30,50.00000000,2026-04-01,2026-04-29,40741.00000000,False,Insufficient coverage,,,,0.81411462,1.68472021,2.03241335
Astera,ask,2026-05-01,16,31,51.61290323,2026-05-01,2026-05-31,41535.50000000,False,Insufficient coverage,,,,-0.46370630,3.39544204,2.10162711
Astera,bid,2026-05-01,16,31,51.61290323,2026-05-01,2026-05-31,40362.00000000,False,Insufficient coverage,,,,-0.93026681,4.26493761,2.58021740
Astera,ask,2026-06-01,12,30,40.00000000,2026-06-02,2026-06-29,42033.00000000,False,Insufficient coverage,,,,1.19777058,5.26408054,1.86863850
Astera,bid,2026-06-01,12,30,40.00000000,2026-06-02,2026-06-29,40673.00000000,False,Insufficient coverage,,,,0.77052673,6.13624206,1.87130444
Astera,ask,2026-07-01,16,31,51.61290323,2026-07-01,2026-07-31,43166.00000000,False,Insufficient coverage,,,,2.69550115,6.07199902,0.80791848
Astera,bid,2026-07-01,16,31,51.61290323,2026-07-01,2026-07-31,41772.00000000,False,Insufficient coverage,,,,2.70203821,6.28196321,0.14572115
Astera,ask,2026-08-01,14,31,45.16129032,2026-08-02,2026-08-30,44914.50000000,False,Insufficient coverage,,,,4.05064171,9.28368087,3.21168185
Astera,bid,2026-08-01,14,31,45.16129032,2026-08-02,2026-08-30,43698.50000000,False,Insufficient coverage,,,,4.61194101,10.21059269,3.92862948
Astera,ask,2026-09-01,4,30,13.33333333,2026-09-01,2026-09-28,46171.25000000,False,Partial month,,,,,,
Astera,bid,2026-09-01,4,30,13.33333333,2026-09-01,2026-09-28,44026.25000000,False,Partial month,,,,,,
Belobra,ask,2023-01-01,0,31,0.00000000,,,,False,Insufficient coverage,,,,,,
Belobra,bid,2023-01-01,0,31,0.00000000,,,,False,Insufficient coverage,,,,,,
Belobra,ask,2023-02-01,0,28,0.00000000,,,,False,Insufficient coverage,,,,,,
Belobra,bid,2023-02-01,0,28,0.00000000,,,,False,Insufficient coverage,,,,,,
Belobra,ask,2023-03-01,0,31,0.00000000,,,,False,Insufficient coverage,,,,,,
Belobra,bid,2023-03-01,0,31,0.00000000,,,,False,Insufficient coverage,,,,,,
Belobra,ask,2023-04-01,0,30,0.00000000,,,,False,Insufficient coverage,,,,,,
Belobra,bid,2023-04-01,0,30,0.00000000,,,,False,Insufficient coverage,,,,,,
Belobra,ask,2023-05-01,0,31,0.00000000,,,,False,Insufficient coverage,,,,,,
Belobra,bid,2023-05-01,0,31,0.00000000,,,,False,Insufficient coverage,,,,,,
Belobra,ask,2023-06-01,0,30,0.00000000,,,,False,Insufficient coverage,,,,,,
Belobra,bid,2023-06-01,0,30,0.00000000,,,,False,Insufficient coverage,,,,,,
Belobra,ask,2023-07-01,0,31,0.00000000,,,,False,Insufficient coverage,,,,,,
Belobra,bid,2023-07-01,0,31,0.00000000,,,,False,Insufficient coverage,,,,,,
Belobra,ask,2023-08-01,0,31,0.00000000,,,,False,Insufficient coverage,,,,,,
Belobra,bid,2023-08-01,0,31,0.00000000,,,,False,Insufficient coverage,,,,,,
Belobra,ask,2023-09-01,0,30,0.00000000,,,,False,Insufficient coverage,,,,,,
Belobra,bid,2023-09-01,0,30,0.00000000,,,,False,Insufficient coverage,,,,,,
Belobra,ask,2023-10-01,0,31,0.00000000,,,,False,Insufficient coverage,,,,,,
Belobra,bid,2023-10-01,0,31,0.00000000,,,,False,Insufficient coverage,,,,,,
Belobra,ask,2023-11-01,0,30,0.00000000,,,,False,Insufficient coverage,,,,,,
Belobra,bid,2023-11-01,0,30,0.00000000,,,,False,Insufficient coverage,,,,,,
Belobra,ask,2023-12-01,0,31,0.00000000,,,,False,Insufficient coverage,,,,,,
Belobra,bid,2023-12-01,0,31,0.00000000,,,,False,Insufficient coverage,,,,,,
Belobra,ask,2024-01-01,0,31,0.00000000,,,,False,Insufficient coverage,,,,,,
Belobra,bid,2024-01-01,0,31,0.00000000,,,,False,Insufficient coverage,,,,,,
Belobra,ask,2024-02-01,0,29,0.00000000,,,,False,Insufficient coverage,,,,,,
Belobra,bid,2024-02-01,0,29,0.00000000,,,,False,Insufficient coverage,,,,,,
Belobra,ask,2024-03-01,9,31,29.03225806,2024-03-09,2024-03-30,41780.00000000,False,Insufficient coverage,,,,,,
Belobra,bid,2024-03-01,9,31,29.03225806,2024-03-09,2024-03-30,41103.00000000,False,Insufficient coverage,,,,,,
Belobra,ask,2024-04-01,15,30,50.00000000,2024-04-01,2024-04-29,41969.00000000,False,Insufficient coverage,,,,0.45236955,,
Belobra,bid,2024-04-01,15,30,50.00000000,2024-04-01,2024-04-29,41220.00000000,False,Insufficient coverage,,,,0.28465076,,
Belobra,ask,2024-05-01,9,31,29.03225806,2024-05-01,2024-05-28,41899.00000000,False,Insufficient coverage,,,,-0.16678977,,
Belobra,bid,2024-05-01,9,31,29.03225806,2024-05-01,2024-05-28,41400.00000000,False,Insufficient coverage,,,,0.43668122,,
Belobra,ask,2024-06-01,7,30,23.33333333,2024-06-01,2024-06-25,38278.00000000,False,Insufficient coverage,,,,-8.64221103,,
Belobra,bid,2024-06-01,7,30,23.33333333,2024-06-01,2024-06-25,37383.00000000,False,Insufficient coverage,,,,-9.70289855,,
Belobra,ask,2024-07-01,4,31,12.90322581,2024-07-11,2024-07-27,37923.00000000,False,Insufficient coverage,,,,-0.92742568,,
Belobra,bid,2024-07-01,4,31,12.90322581,2024-07-11,2024-07-27,36783.00000000,False,Insufficient coverage,,,,-1.60500762,,
Belobra,ask,2024-08-01,5,31,16.12903226,2024-08-02,2024-08-23,39849.00000000,False,Insufficient coverage,,,,5.07871213,,
Belobra,bid,2024-08-01,5,31,16.12903226,2024-08-02,2024-08-23,38201.00000000,False,Insufficient coverage,,,,3.85504173,,
Belobra,ask,2024-09-01,6,30,20.00000000,2024-09-01,2024-09-29,42418.50000000,False,Insufficient coverage,,,,6.44809155,,
Belobra,bid,2024-09-01,6,30,20.00000000,2024-09-01,2024-09-29,40806.50000000,False,Insufficient coverage,,,,6.82050208,,
Belobra,ask,2024-10-01,8,31,25.80645161,2024-10-03,2024-10-31,44207.00000000,False,Insufficient coverage,,,,4.21632071,,
Belobra,bid,2024-10-01,8,31,25.80645161,2024-10-03,2024-10-31,42783.50000000,False,Insufficient coverage,,,,4.84481639,,
Belobra,ask,2024-11-01,6,30,20.00000000,2024-11-04,2024-11-24,44548.50000000,False,Insufficient coverage,,,,0.77250209,,
Belobra,bid,2024-11-01,6,30,20.00000000,2024-11-04,2024-11-24,42401.50000000,False,Insufficient coverage,,,,-0.89286758,,
Belobra,ask,2024-12-01,0,31,0.00000000,,,,False,Insufficient coverage,,,,,,
Belobra,bid,2024-12-01,0,31,0.00000000,,,,False,Insufficient coverage,,,,,,
Belobra,ask,2025-01-01,0,31,0.00000000,,,,False,Insufficient coverage,,,,,,
Belobra,bid,2025-01-01,0,31,0.00000000,,,,False,Insufficient coverage,,,,,,
Belobra,ask,2025-02-01,7,28,25.00000000,2025-02-01,2025-02-25,42795.00000000,False,Insufficient coverage,,,,,,
Belobra,bid,2025-02-01,7,28,25.00000000,2025-02-01,2025-02-25,42008.00000000,False,Insufficient coverage,,,,,,
Belobra,ask,2025-03-01,8,31,25.80645161,2025-03-01,2025-03-29,41780.00000000,False,Insufficient coverage,,,,-2.37177240,0.00000000,
Belobra,bid,2025-03-01,8,31,25.80645161,2025-03-01,2025-03-29,41042.50000000,False,Insufficient coverage,,,,-2.29837174,-0.14719120,
Belobra,ask,2025-04-01,7,30,23.33333333,2025-04-06,2025-04-30,41480.00000000,False,Insufficient coverage,,,,-0.71804691,-1.16514570,-1.16514570
Belobra,bid,2025-04-01,7,30,23.33333333,2025-04-06,2025-04-30,40701.00000000,False,Insufficient coverage,,,,-0.83206432,-1.25909753,-1.11190632
Belobra,ask,2025-05-01,7,31,22.58064516,2025-05-04,2025-05-28,40643.00000000,False,Insufficient coverage,,,,-2.01783992,-2.99768491,-1.83253921
Belobra,bid,2025-05-01,7,31,22.58064516,2025-05-04,2025-05-28,40006.00000000,False,Insufficient coverage,,,,-1.70757475,-3.36714976,-2.10805223
Belobra,ask,2025-06-01,5,30,16.66666667,2025-06-03,2025-06-19,40380.00000000,False,Insufficient coverage,,,,-0.64709790,5.49140498,8.48908989
Belobra,bid,2025-06-01,5,30,16.66666667,2025-06-03,2025-06-19,39140.00000000,False,Insufficient coverage,,,,-2.16467530,4.69999732,8.06714708
Belobra,ask,2025-07-01,6,31,19.35483871,2025-07-05,2025-07-25,40467.00000000,False,Insufficient coverage,,,,0.21545319,6.70833004,1.21692505
Belobra,bid,2025-07-01,6,31,19.35483871,2025-07-05,2025-07-25,39607.00000000,False,Insufficient coverage,,,,1.19315278,7.67745970,2.97746237
Belobra,ask,2025-08-01,8,31,25.80645161,2025-08-02,2025-08-31,41416.50000000,False,Insufficient coverage,,,,2.34635629,3.93359934,-2.77473070
Belobra,bid,2025-08-01,8,31,25.80645161,2025-08-02,2025-08-31,40436.00000000,False,Insufficient coverage,,,,2.09306436,5.85063218,-1.82682751
Belobra,ask,2025-09-01,6,30,20.00000000,2025-09-08,2025-09-29,42325.00000000,False,Insufficient coverage,,,,2.19357020,-0.22042269,-4.15402203
Belobra,bid,2025-09-01,6,30,20.00000000,2025-09-08,2025-09-29,41467.50000000,False,Insufficient coverage,,,,2.55094470,1.61983998,-4.23079221
Belobra,ask,2025-10-01,12,31,38.70967742,2025-10-05,2025-10-31,44495.00000000,False,Insufficient coverage,,,,5.12699350,0.65148053,0.87190323
Belobra,bid,2025-10-01,12,31,38.70967742,2025-10-05,2025-10-31,43650.50000000,False,Insufficient coverage,,,,5.26436366,2.02648217,0.40664220
Belobra,ask,2025-11-01,15,30,50.00000000,2025-11-02,2025-11-30,44968.00000000,False,Insufficient coverage,,,,1.06304079,0.94167031,0.29018978
Belobra,bid,2025-11-01,15,30,50.00000000,2025-11-02,2025-11-30,44073.00000000,False,Insufficient coverage,,,,0.96791560,3.94207752,1.91559535
Belobra,ask,2025-12-01,12,31,38.70967742,2025-12-05,2025-12-30,44276.50000000,False,Insufficient coverage,,,,-1.53776019,,
Belobra,bid,2025-12-01,12,31,38.70967742,2025-12-05,2025-12-30,43506.50000000,False,Insufficient coverage,,,,-1.28536746,,
Belobra,ask,2026-01-01,11,31,35.48387097,2026-01-05,2026-01-29,41989.00000000,False,Insufficient coverage,,,,-5.16639752,,
Belobra,bid,2026-01-01,11,31,35.48387097,2026-01-05,2026-01-29,41300.00000000,False,Insufficient coverage,,,,-5.07165596,,
Belobra,ask,2026-02-01,12,28,42.85714286,2026-02-01,2026-02-25,42487.00000000,False,Insufficient coverage,,,,1.18602491,-0.71971025,
Belobra,bid,2026-02-01,12,28,42.85714286,2026-02-01,2026-02-25,41768.00000000,False,Insufficient coverage,,,,1.13317191,-0.57131975,
Belobra,ask,2026-03-01,11,31,35.48387097,2026-03-01,2026-03-31,41599.00000000,False,Insufficient coverage,,,,-2.09005107,-0.43322164,0.28648861
Belobra,bid,2026-03-01,11,31,35.48387097,2026-03-01,2026-03-31,40817.00000000,False,Insufficient coverage,,,,-2.27686267,-0.54943047,0.02188928
Belobra,ask,2026-04-01,10,30,33.33333333,2026-04-03,2026-04-30,41719.50000000,False,Insufficient coverage,,,,0.28967042,0.57738669,1.01060833
Belobra,bid,2026-04-01,10,30,33.33333333,2026-04-03,2026-04-30,41007.50000000,False,Insufficient coverage,,,,0.46671730,0.75305275,1.30248322
Belobra,ask,2026-05-01,10,31,32.25806452,2026-05-04,2026-05-31,41607.50000000,False,Insufficient coverage,,,,-0.26845959,2.37310238,1.79571569
Belobra,bid,2026-05-01,10,31,32.25806452,2026-05-04,2026-05-31,40620.00000000,False,Insufficient coverage,,,,-0.94494909,1.53476978,0.78171703
Belobra,ask,2026-06-01,8,30,26.66666667,2026-06-03,2026-06-30,41974.50000000,False,Insufficient coverage,,,,0.88205251,3.94873700,1.57563462
Belobra,bid,2026-06-01,8,30,26.66666667,2026-06-03,2026-06-30,41364.00000000,False,Insufficient coverage,,,,1.83161004,5.68216658,4.14739680
Belobra,ask,2026-07-01,6,31,19.35483871,2026-07-04,2026-07-28,43115.50000000,False,Insufficient coverage,,,,2.71831707,6.54483900,2.59610201
Belobra,bid,2026-07-01,6,31,19.35483871,2026-07-04,2026-07-28,42148.50000000,False,Insufficient coverage,,,,1.89657673,6.41679501,0.73462843
Belobra,ask,2026-08-01,8,31,25.80645161,2026-08-01,2026-08-29,44702.00000000,False,Insufficient coverage,,,,3.67965117,7.93282870,1.38798970
Belobra,bid,2026-08-01,8,31,25.80645161,2026-08-01,2026-08-29,43679.50000000,False,Insufficient coverage,,,,3.63239498,8.02131764,1.60452263
Belobra,ask,2026-09-01,7,30,23.33333333,2026-09-02,2026-09-28,46965.00000000,False,Partial month,,,,,,
Belobra,bid,2026-09-01,7,30,23.33333333,2026-09-02,2026-09-28,45326.00000000,False,Partial month,,,,,,
Celebra,ask,2023-01-01,0,31,0.00000000,,,,False,Insufficient coverage,,,,,,
Celebra,bid,2023-01-01,0,31,0.00000000,,,,False,Insufficient coverage,,,,,,
Celebra,ask,2023-02-01,0,28,0.00000000,,,,False,Insufficient coverage,,,,,,
Celebra,bid,2023-02-01,0,28,0.00000000,,,,False,Insufficient coverage,,,,,,
Celebra,ask,2023-03-01,0,31,0.00000000,,,,False,Insufficient coverage,,,,,,
Celebra,bid,2023-03-01,0,31,0.00000000,,,,False,Insufficient coverage,,,,,,
Celebra,ask,2023-04-01,0,30,0.00000000,,,,False,Insufficient coverage,,,,,,
Celebra,bid,2023-04-01,0,30,0.00000000,,,,False,Insufficient coverage,,,,,,
Celebra,ask,2023-05-01,0,31,0.00000000,,,,False,Insufficient coverage,,,,,,
Celebra,bid,2023-05-01,0,31,0.00000000,,,,False,Insufficient coverage,,,,,,
Celebra,ask,2023-06-01,0,30,0.00000000,,,,False,Insufficient coverage,,,,,,
Celebra,bid,2023-06-01,0,30,0.00000000,,,,False,Insufficient coverage,,,,,,
Celebra,ask,2023-07-01,0,31,0.00000000,,,,False,Insufficient coverage,,,,,,
Celebra,bid,2023-07-01,0,31,0.00000000,,,,False,Insufficient coverage,,,,,,
Celebra,ask,2023-08-01,0,31,0.00000000,,,,False,Insufficient coverage,,,,,,
Celebra,bid,2023-08-01,0,31,0.00000000,,,,False,Insufficient coverage,,,,,,
Celebra,ask,2023-09-01,0,30,0.00000000,,,,False,Insufficient coverage,,,,,,
Celebra,bid,2023-09-01,0,30,0.00000000,,,,False,Insufficient coverage,,,,,,
Celebra,ask,2023-10-01,0,31,0.00000000,,,,False,Insufficient coverage,,,,,,
Celebra,bid,2023-10-01,0,31,0.00000000,,,,False,Insufficient coverage,,,,,,
Celebra,ask,2023-11-01,0,30,0.00000000,,,,False,Insufficient coverage,,,,,,
Celebra,bid,2023-11-01,0,30,0.00000000,,,,False,Insufficient coverage,,,,,,
Celebra,ask,2023-12-01,0,31,0.00000000,,,,False,Insufficient coverage,,,,,,
Celebra,bid,2023-12-01,0,31,0.00000000,,,,False,Insufficient coverage,,,,,,
Celebra,ask,2024-01-01,0,31,0.00000000,,,,False,Insufficient coverage,,,,,,
Celebra,bid,2024-01-01,0,31,0.00000000,,,,False,Insufficient coverage,,,,,,
Celebra,ask,2024-02-01,0,29,0.00000000,,,,False,Insufficient coverage,,,,,,
Celebra,bid,2024-02-01,0,29,0.00000000,,,,False,Insufficient coverage,,,,,,
Celebra,ask,2024-03-01,0,31,0.00000000,,,,False,Insufficient coverage,,,,,,
Celebra,bid,2024-03-01,0,31,0.00000000,,,,False,Insufficient coverage,,,,,,
Celebra,ask,2024-04-01,0,30,0.00000000,,,,False,Insufficient coverage,,,,,,
Celebra,bid,2024-04-01,0,30,0.00000000,,,,False,Insufficient coverage,,,,,,
Celebra,ask,2024-05-01,0,31,0.00000000,,,,False,Insufficient coverage,,,,,,
Celebra,bid,2024-05-01,0,31,0.00000000,,,,False,Insufficient coverage,,,,,,
Celebra,ask,2024-06-01,0,30,0.00000000,,,,False,Insufficient coverage,,,,,,
Celebra,bid,2024-06-01,0,30,0.00000000,,,,False,Insufficient coverage,,,,,,
Celebra,ask,2024-07-01,0,31,0.00000000,,,,False,Insufficient coverage,,,,,,
Celebra,bid,2024-07-01,0,31,0.00000000,,,,False,Insufficient coverage,,,,,,
Celebra,ask,2024-08-01,0,31,0.00000000,,,,False,Insufficient coverage,,,,,,
Celebra,bid,2024-08-01,0,31,0.00000000,,,,False,Insufficient coverage,,,,,,
Celebra,ask,2024-09-01,0,30,0.00000000,,,,False,Insufficient coverage,,,,,,
Celebra,bid,2024-09-01,0,30,0.00000000,,,,False,Insufficient coverage,,,,,,
Celebra,ask,2024-10-01,0,31,0.00000000,,,,False,Insufficient coverage,,,,,,
Celebra,bid,2024-10-01,0,31,0.00000000,,,,False,Insufficient coverage,,,,,,
Celebra,ask,2024-11-01,0,30,0.00000000,,,,False,Insufficient coverage,,,,,,
Celebra,bid,2024-11-01,0,30,0.00000000,,,,False,Insufficient coverage,,,,,,
Celebra,ask,2024-12-01,0,31,0.00000000,,,,False,Insufficient coverage,,,,,,
Celebra,bid,2024-12-01,0,31,0.00000000,,,,False,Insufficient coverage,,,,,,
Celebra,ask,2025-01-01,0,31,0.00000000,,,,False,Insufficient coverage,,,,,,
Celebra,bid,2025-01-01,0,31,0.00000000,,,,False,Insufficient coverage,,,,,,
Celebra,ask,2025-02-01,0,28,0.00000000,,,,False,Insufficient coverage,,,,,,
Celebra,bid,2025-02-01,0,28,0.00000000,,,,False,Insufficient coverage,,,,,,
Celebra,ask,2025-03-01,0,31,0.00000000,,,,False,Insufficient coverage,,,,,,
Celebra,bid,2025-03-01,0,31,0.00000000,,,,False,Insufficient coverage,,,,,,
Celebra,ask,2025-04-01,0,30,0.00000000,,,,False,Insufficient coverage,,,,,,
Celebra,bid,2025-04-01,0,30,0.00000000,,,,False,Insufficient coverage,,,,,,
Celebra,ask,2025-05-01,0,31,0.00000000,,,,False,Insufficient coverage,,,,,,
Celebra,bid,2025-05-01,0,31,0.00000000,,,,False,Insufficient coverage,,,,,,
Celebra,ask,2025-06-01,0,30,0.00000000,,,,False,Insufficient coverage,,,,,,
Celebra,bid,2025-06-01,0,30,0.00000000,,,,False,Insufficient coverage,,,,,,
Celebra,ask,2025-07-01,0,31,0.00000000,,,,False,Insufficient coverage,,,,,,
Celebra,bid,2025-07-01,0,31,0.00000000,,,,False,Insufficient coverage,,,,,,
Celebra,ask,2025-08-01,0,31,0.00000000,,,,False,Insufficient coverage,,,,,,
Celebra,bid,2025-08-01,0,31,0.00000000,,,,False,Insufficient coverage,,,,,,
Celebra,ask,2025-09-01,0,30,0.00000000,,,,False,Insufficient coverage,,,,,,
Celebra,bid,2025-09-01,0,30,0.00000000,,,,False,Insufficient coverage,,,,,,
Celebra,ask,2025-10-01,7,31,22.58064516,2025-10-02,2025-10-31,44485.00000000,False,Insufficient coverage,,,,,,
Celebra,bid,2025-10-01,7,31,22.58064516,2025-10-02,2025-10-31,43600.00000000,False,Insufficient coverage,,,,,,
Celebra,ask,2025-11-01,6,30,20.00000000,2025-11-04,2025-11-28,45451.50000000,False,Insufficient coverage,,,,2.17264246,,
Celebra,bid,2025-11-01,6,30,20.00000000,2025-11-04,2025-11-28,44018.50000000,False,Insufficient coverage,,,,0.95986239,,
Celebra,ask,2025-12-01,6,31,19.35483871,2025-12-08,2025-12-28,43992.50000000,False,Insufficient coverage,,,,-3.21001507,,
Celebra,bid,2025-12-01,6,31,19.35483871,2025-12-08,2025-12-28,43000.00000000,False,Insufficient coverage,,,,-2.31379988,,
Celebra,ask,2026-01-01,5,31,16.12903226,2026-01-08,2026-01-24,42721.00000000,False,Insufficient coverage,,,,-2.89026539,,
Celebra,bid,2026-01-01,5,31,16.12903226,2026-01-08,2026-01-24,41600.00000000,False,Insufficient coverage,,,,-3.25581395,,
Celebra,ask,2026-02-01,7,28,25.00000000,2026-02-01,2026-02-25,42872.00000000,False,Insufficient coverage,,,,0.35345615,,
Celebra,bid,2026-02-01,7,28,25.00000000,2026-02-01,2026-02-25,41756.00000000,False,Insufficient coverage,,,,0.37500000,,
Celebra,ask,2026-03-01,6,31,19.35483871,2026-03-05,2026-03-29,41925.50000000,False,Insufficient coverage,,,,-2.20773465,,
Celebra,bid,2026-03-01,6,31,19.35483871,2026-03-05,2026-03-29,40758.00000000,False,Insufficient coverage,,,,-2.39007568,,
Celebra,ask,2026-04-01,8,30,26.66666667,2026-04-02,2026-04-30,41805.50000000,False,Insufficient coverage,,,,-0.28622199,,
Celebra,bid,2026-04-01,8,30,26.66666667,2026-04-02,2026-04-30,40901.00000000,False,Insufficient coverage,,,,0.35085137,,
Celebra,ask,2026-05-01,5,31,16.12903226,2026-05-04,2026-05-24,41459.00000000,False,Insufficient coverage,,,,-0.82883831,,
Celebra,bid,2026-05-01,5,31,16.12903226,2026-05-04,2026-05-24,40548.00000000,False,Insufficient coverage,,,,-0.86305958,,
Celebra,ask,2026-06-01,8,30,26.66666667,2026-06-01,2026-06-29,42388.50000000,False,Insufficient coverage,,,,2.24197400,,
Celebra,bid,2026-06-01,8,30,26.66666667,2026-06-01,2026-06-29,40735.50000000,False,Insufficient coverage,,,,0.46241492,,
Celebra,ask,2026-07-01,7,31,22.58064516,2026-07-03,2026-07-31,43346.00000000,False,Insufficient coverage,,,,2.25886738,,
Celebra,bid,2026-07-01,7,31,22.58064516,2026-07-03,2026-07-31,42009.00000000,False,Insufficient coverage,,,,3.12626579,,
Celebra,ask,2026-08-01,6,31,19.35483871,2026-08-08,2026-08-28,44719.50000000,False,Insufficient coverage,,,,3.16868915,,
Celebra,bid,2026-08-01,6,31,19.35483871,2026-08-08,2026-08-28,43762.00000000,False,Insufficient coverage,,,,4.17291533,,
Celebra,ask,2026-09-01,6,30,20.00000000,2026-09-01,2026-09-28,47087.00000000,False,Partial month,,,,,,
Celebra,bid,2026-09-01,6,30,20.00000000,2026-09-01,2026-09-28,45461.00000000,False,Partial month,,,,,,
Collabra,ask,2023-01-01,0,31,0.00000000,,,,False,Insufficient coverage,,,,,,
Collabra,bid,2023-01-01,0,31,0.00000000,,,,False,Insufficient coverage,,,,,,
Collabra,ask,2023-02-01,0,28,0.00000000,,,,False,Insufficient coverage,,,,,,
Collabra,bid,2023-02-01,0,28,0.00000000,,,,False,Insufficient coverage,,,,,,
Collabra,ask,2023-03-01,0,31,0.00000000,,,,False,Insufficient coverage,,,,,,
Collabra,bid,2023-03-01,0,31,0.00000000,,,,False,Insufficient coverage,,,,,,
Collabra,ask,2023-04-01,0,30,0.00000000,,,,False,Insufficient coverage,,,,,,
Collabra,bid,2023-04-01,0,30,0.00000000,,,,False,Insufficient coverage,,,,,,
Collabra,ask,2023-05-01,0,31,0.00000000,,,,False,Insufficient coverage,,,,,,
Collabra,bid,2023-05-01,0,31,0.00000000,,,,False,Insufficient coverage,,,,,,
Collabra,ask,2023-06-01,0,30,0.00000000,,,,False,Insufficient coverage,,,,,,
Collabra,bid,2023-06-01,0,30,0.00000000,,,,False,Insufficient coverage,,,,,,
Collabra,ask,2023-07-01,0,31,0.00000000,,,,False,Insufficient coverage,,,,,,
Collabra,bid,2023-07-01,0,31,0.00000000,,,,False,Insufficient coverage,,,,,,
Collabra,ask,2023-08-01,0,31,0.00000000,,,,False,Insufficient coverage,,,,,,
Collabra,bid,2023-08-01,0,31,0.00000000,,,,False,Insufficient coverage,,,,,,
Collabra,ask,2023-09-01,0,30,0.00000000,,,,False,Insufficient coverage,,,,,,
Collabra,bid,2023-09-01,0,30,0.00000000,,,,False,Insufficient coverage,,,,,,
Collabra,ask,2023-10-01,0,31,0.00000000,,,,False,Insufficient coverage,,,,,,
Collabra,bid,2023-10-01,0,31,0.00000000,,,,False,Insufficient coverage,,,,,,
Collabra,ask,2023-11-01,0,30,0.00000000,,,,False,Insufficient coverage,,,,,,
Collabra,bid,2023-11-01,0,30,0.00000000,,,,False,Insufficient coverage,,,,,,
Collabra,ask,2023-12-01,0,31,0.00000000,,,,False,Insufficient coverage,,,,,,
Collabra,bid,2023-12-01,0,31,0.00000000,,,,False,Insufficient coverage,,,,,,
Collabra,ask,2024-01-01,0,31,0.00000000,,,,False,Insufficient coverage,,,,,,
Collabra,bid,2024-01-01,0,31,0.00000000,,,,False,Insufficient coverage,,,,,,
Collabra,ask,2024-02-01,0,29,0.00000000,,,,False,Insufficient coverage,,,,,,
Collabra,bid,2024-02-01,0,29,0.00000000,,,,False,Insufficient coverage,,,,,,
Collabra,ask,2024-03-01,0,31,0.00000000,,,,False,Insufficient coverage,,,,,,
Collabra,bid,2024-03-01,0,31,0.00000000,,,,False,Insufficient coverage,,,,,,
Collabra,ask,2024-04-01,0,30,0.00000000,,,,False,Insufficient coverage,,,,,,
Collabra,bid,2024-04-01,0,30,0.00000000,,,,False,Insufficient coverage,,,,,,
Collabra,ask,2024-05-01,0,31,0.00000000,,,,False,Insufficient coverage,,,,,,
Collabra,bid,2024-05-01,0,31,0.00000000,,,,False,Insufficient coverage,,,,,,
Collabra,ask,2024-06-01,0,30,0.00000000,,,,False,Insufficient coverage,,,,,,
Collabra,bid,2024-06-01,0,30,0.00000000,,,,False,Insufficient coverage,,,,,,
Collabra,ask,2024-07-01,0,31,0.00000000,,,,False,Insufficient coverage,,,,,,
Collabra,bid,2024-07-01,0,31,0.00000000,,,,False,Insufficient coverage,,,,,,
Collabra,ask,2024-08-01,0,31,0.00000000,,,,False,Insufficient coverage,,,,,,
Collabra,bid,2024-08-01,0,31,0.00000000,,,,False,Insufficient coverage,,,,,,
Collabra,ask,2024-09-01,0,30,0.00000000,,,,False,Insufficient coverage,,,,,,
Collabra,bid,2024-09-01,0,30,0.00000000,,,,False,Insufficient coverage,,,,,,
Collabra,ask,2024-10-01,0,31,0.00000000,,,,False,Insufficient coverage,,,,,,
Collabra,bid,2024-10-01,0,31,0.00000000,,,,False,Insufficient coverage,,,,,,
Collabra,ask,2024-11-01,0,30,0.00000000,,,,False,Insufficient coverage,,,,,,
Collabra,bid,2024-11-01,0,30,0.00000000,,,,False,Insufficient coverage,,,,,,
Collabra,ask,2024-12-01,0,31,0.00000000,,,,False,Insufficient coverage,,,,,,
Collabra,bid,2024-12-01,0,31,0.00000000,,,,False,Insufficient coverage,,,,,,
Collabra,ask,2025-01-01,0,31,0.00000000,,,,False,Insufficient coverage,,,,,,
Collabra,bid,2025-01-01,0,31,0.00000000,,,,False,Insufficient coverage,,,,,,
Collabra,ask,2025-02-01,0,28,0.00000000,,,,False,Insufficient coverage,,,,,,
Collabra,bid,2025-02-01,0,28,0.00000000,,,,False,Insufficient coverage,,,,,,
Collabra,ask,2025-03-01,0,31,0.00000000,,,,False,Insufficient coverage,,,,,,
Collabra,bid,2025-03-01,0,31,0.00000000,,,,False,Insufficient coverage,,,,,,
Collabra,ask,2025-04-01,0,30,0.00000000,,,,False,Insufficient coverage,,,,,,
Collabra,bid,2025-04-01,0,30,0.00000000,,,,False,Insufficient coverage,,,,,,
Collabra,ask,2025-05-01,0,31,0.00000000,,,,False,Insufficient coverage,,,,,,
Collabra,bid,2025-05-01,0,31,0.00000000,,,,False,Insufficient coverage,,,,,,
Collabra,ask,2025-06-01,0,30,0.00000000,,,,False,Insufficient coverage,,,,,,
Collabra,bid,2025-06-01,0,30,0.00000000,,,,False,Insufficient coverage,,,,,,
Collabra,ask,2025-07-01,0,31,0.00000000,,,,False,Insufficient coverage,,,,,,
Collabra,bid,2025-07-01,0,31,0.00000000,,,,False,Insufficient coverage,,,,,,
Collabra,ask,2025-08-01,0,31,0.00000000,,,,False,Insufficient coverage,,,,,,
Collabra,bid,2025-08-01,0,31,0.00000000,,,,False,Insufficient coverage,,,,,,
Collabra,ask,2025-09-01,1,30,3.33333333,2025-09-26,2025-09-26,40999.00000000,False,Insufficient coverage,,,,,,
Collabra,bid,2025-09-01,1,30,3.33333333,2025-09-26,2025-09-26,40003.00000000,False,Insufficient coverage,,,,,,
Collabra,ask,2025-10-01,8,31,25.80645161,2025-10-01,2025-10-30,44322.50000000,False,Insufficient coverage,,,,8.10629528,,
Collabra,bid,2025-10-01,8,31,25.80645161,2025-10-01,2025-10-30,41806.50000000,False,Insufficient coverage,,,,4.50841187,,
Collabra,ask,2025-11-01,7,30,23.33333333,2025-11-03,2025-11-27,43996.00000000,False,Insufficient coverage,,,,-0.73664617,,
Collabra,bid,2025-11-01,7,30,23.33333333,2025-11-03,2025-11-27,42312.00000000,False,Insufficient coverage,,,,1.20914212,,
Collabra,ask,2025-12-01,6,31,19.35483871,2025-12-01,2025-12-27,43497.50000000,False,Insufficient coverage,,,,-1.13305755,,
Collabra,bid,2025-12-01,6,31,19.35483871,2025-12-01,2025-12-27,42078.00000000,False,Insufficient coverage,,,,-0.55303460,,
Collabra,ask,2026-01-01,7,31,22.58064516,2026-01-07,2026-01-31,40408.00000000,False,Insufficient coverage,,,,-7.10270705,,
Collabra,bid,2026-01-01,7,31,22.58064516,2026-01-07,2026-01-31,39002.00000000,False,Insufficient coverage,,,,-7.31023338,,
Collabra,ask,2026-02-01,4,28,14.28571429,2026-02-04,2026-02-20,40009.50000000,False,Insufficient coverage,,,,-0.98619085,,
Collabra,bid,2026-02-01,4,28,14.28571429,2026-02-04,2026-02-20,38874.50000000,False,Insufficient coverage,,,,-0.32690631,,
Collabra,ask,2026-03-01,6,31,19.35483871,2026-03-04,2026-03-28,38294.00000000,False,Insufficient coverage,,,,-4.28773166,,
Collabra,bid,2026-03-01,6,31,19.35483871,2026-03-04,2026-03-28,37147.50000000,False,Insufficient coverage,,,,-4.44250087,,
Collabra,ask,2026-04-01,5,30,16.66666667,2026-04-02,2026-04-27,38828.00000000,False,Insufficient coverage,,,,1.39447433,,
Collabra,bid,2026-04-01,5,30,16.66666667,2026-04-02,2026-04-27,37415.00000000,False,Insufficient coverage,,,,0.72010229,,
Collabra,ask,2026-05-01,6,31,19.35483871,2026-05-02,2026-05-27,37748.00000000,False,Insufficient coverage,,,,-2.78149789,,
Collabra,bid,2026-05-01,6,31,19.35483871,2026-05-02,2026-05-27,37005.50000000,False,Insufficient coverage,,,,-1.09448082,,
Collabra,ask,2026-06-01,6,30,20.00000000,2026-06-01,2026-06-26,37835.00000000,False,Insufficient coverage,,,,0.23047579,,
Collabra,bid,2026-06-01,6,30,20.00000000,2026-06-01,2026-06-26,36759.00000000,False,Insufficient coverage,,,,-0.66611720,,
Collabra,ask,2026-07-01,6,31,19.35483871,2026-07-01,2026-07-26,38670.50000000,False,Insufficient coverage,,,,2.20827276,,
Collabra,bid,2026-07-01,6,31,19.35483871,2026-07-01,2026-07-26,37406.50000000,False,Insufficient coverage,,,,1.76147338,,
Collabra,ask,2026-08-01,5,31,16.12903226,2026-08-10,2026-08-30,41988.00000000,False,Insufficient coverage,,,,8.57889089,,
Collabra,bid,2026-08-01,5,31,16.12903226,2026-08-10,2026-08-30,40728.00000000,False,Insufficient coverage,,,,8.87947282,,
Collabra,ask,2026-09-01,7,30,23.33333333,2026-09-04,2026-09-28,44440.00000000,False,Partial month,,,,,,
Collabra,bid,2026-09-01,7,30,23.33333333,2026-09-04,2026-09-28,43407.00000000,False,Partial month,,,,,,
Descubra,ask,2023-01-01,0,31,0.00000000,,,,False,Insufficient coverage,,,,,,
Descubra,bid,2023-01-01,0,31,0.00000000,,,,False,Insufficient coverage,,,,,,
Descubra,ask,2023-02-01,0,28,0.00000000,,,,False,Insufficient coverage,,,,,,
Descubra,bid,2023-02-01,0,28,0.00000000,,,,False,Insufficient coverage,,,,,,
Descubra,ask,2023-03-01,0,31,0.00000000,,,,False,Insufficient coverage,,,,,,
Descubra,bid,2023-03-01,0,31,0.00000000,,,,False,Insufficient coverage,,,,,,
Descubra,ask,2023-04-01,0,30,0.00000000,,,,False,Insufficient coverage,,,,,,
Descubra,bid,2023-04-01,0,30,0.00000000,,,,False,Insufficient coverage,,,,,,
Descubra,ask,2023-05-01,0,31,0.00000000,,,,False,Insufficient coverage,,,,,,
Descubra,bid,2023-05-01,0,31,0.00000000,,,,False,Insufficient coverage,,,,,,
Descubra,ask,2023-06-01,0,30,0.00000000,,,,False,Insufficient coverage,,,,,,
Descubra,bid,2023-06-01,0,30,0.00000000,,,,False,Insufficient coverage,,,,,,
Descubra,ask,2023-07-01,0,31,0.00000000,,,,False,Insufficient coverage,,,,,,
Descubra,bid,2023-07-01,0,31,0.00000000,,,,False,Insufficient coverage,,,,,,
Descubra,ask,2023-08-01,0,31,0.00000000,,,,False,Insufficient coverage,,,,,,
Descubra,bid,2023-08-01,0,31,0.00000000,,,,False,Insufficient coverage,,,,,,
Descubra,ask,2023-09-01,0,30,0.00000000,,,,False,Insufficient coverage,,,,,,
Descubra,bid,2023-09-01,0,30,0.00000000,,,,False,Insufficient coverage,,,,,,
Descubra,ask,2023-10-01,0,31,0.00000000,,,,False,Insufficient coverage,,,,,,
Descubra,bid,2023-10-01,0,31,0.00000000,,,,False,Insufficient coverage,,,,,,
Descubra,ask,2023-11-01,0,30,0.00000000,,,,False,Insufficient coverage,,,,,,
Descubra,bid,2023-11-01,0,30,0.00000000,,,,False,Insufficient coverage,,,,,,
Descubra,ask,2023-12-01,0,31,0.00000000,,,,False,Insufficient coverage,,,,,,
Descubra,bid,2023-12-01,0,31,0.00000000,,,,False,Insufficient coverage,,,,,,
Descubra,ask,2024-01-01,0,31,0.00000000,,,,False,Insufficient coverage,,,,,,
Descubra,bid,2024-01-01,0,31,0.00000000,,,,False,Insufficient coverage,,,,,,
Descubra,ask,2024-02-01,0,29,0.00000000,,,,False,Insufficient coverage,,,,,,
Descubra,bid,2024-02-01,0,29,0.00000000,,,,False,Insufficient coverage,,,,,,
Descubra,ask,2024-03-01,0,31,0.00000000,,,,False,Insufficient coverage,,,,,,
Descubra,bid,2024-03-01,0,31,0.00000000,,,,False,Insufficient coverage,,,,,,
Descubra,ask,2024-04-01,0,30,0.00000000,,,,False,Insufficient coverage,,,,,,
Descubra,bid,2024-04-01,0,30,0.00000000,,,,False,Insufficient coverage,,,,,,
Descubra,ask,2024-05-01,0,31,0.00000000,,,,False,Insufficient coverage,,,,,,
Descubra,bid,2024-05-01,0,31,0.00000000,,,,False,Insufficient coverage,,,,,,
Descubra,ask,2024-06-01,0,30,0.00000000,,,,False,Insufficient coverage,,,,,,
Descubra,bid,2024-06-01,0,30,0.00000000,,,,False,Insufficient coverage,,,,,,
Descubra,ask,2024-07-01,0,31,0.00000000,,,,False,Insufficient coverage,,,,,,
Descubra,bid,2024-07-01,0,31,0.00000000,,,,False,Insufficient coverage,,,,,,
Descubra,ask,2024-08-01,0,31,0.00000000,,,,False,Insufficient coverage,,,,,,
Descubra,bid,2024-08-01,0,31,0.00000000,,,,False,Insufficient coverage,,,,,,
Descubra,ask,2024-09-01,0,30,0.00000000,,,,False,Insufficient coverage,,,,,,
Descubra,bid,2024-09-01,0,30,0.00000000,,,,False,Insufficient coverage,,,,,,
Descubra,ask,2024-10-01,0,31,0.00000000,,,,False,Insufficient coverage,,,,,,
Descubra,bid,2024-10-01,0,31,0.00000000,,,,False,Insufficient coverage,,,,,,
Descubra,ask,2024-11-01,0,30,0.00000000,,,,False,Insufficient coverage,,,,,,
Descubra,bid,2024-11-01,0,30,0.00000000,,,,False,Insufficient coverage,,,,,,
Descubra,ask,2024-12-01,0,31,0.00000000,,,,False,Insufficient coverage,,,,,,
Descubra,bid,2024-12-01,0,31,0.00000000,,,,False,Insufficient coverage,,,,,,
Descubra,ask,2025-01-01,2,31,6.45161290,2025-01-30,2025-01-31,41693.50000000,False,Insufficient coverage,,,,,,
Descubra,bid,2025-01-01,2,31,6.45161290,2025-01-30,2025-01-31,40900.00000000,False,Insufficient coverage,,,,,,
Descubra,ask,2025-02-01,14,28,50.00000000,2025-02-02,2025-02-28,42726.50000000,False,Insufficient coverage,,,,2.47760442,,
Descubra,bid,2025-02-01,14,28,50.00000000,2025-02-02,2025-02-28,41318.00000000,False,Insufficient coverage,,,,1.02200489,,
Descubra,ask,2025-03-01,15,31,48.38709677,2025-03-02,2025-03-30,41715.00000000,False,Insufficient coverage,,,,-2.36738324,,
Descubra,bid,2025-03-01,15,31,48.38709677,2025-03-02,2025-03-30,40258.00000000,False,Insufficient coverage,,,,-2.56546783,,
Descubra,ask,2025-04-01,12,30,40.00000000,2025-04-07,2025-04-29,40895.00000000,False,Insufficient coverage,,,,-1.96571977,,
Descubra,bid,2025-04-01,12,30,40.00000000,2025-04-07,2025-04-29,39606.50000000,False,Insufficient coverage,,,,-1.61831189,,
Descubra,ask,2025-05-01,15,31,48.38709677,2025-05-01,2025-05-31,38671.00000000,False,Insufficient coverage,,,,-5.43831764,,
Descubra,bid,2025-05-01,15,31,48.38709677,2025-05-01,2025-05-31,37000.00000000,False,Insufficient coverage,,,,-6.58099049,,
Descubra,ask,2025-06-01,12,30,40.00000000,2025-06-02,2025-06-30,38342.00000000,False,Insufficient coverage,,,,-0.85076672,,
Descubra,bid,2025-06-01,12,30,40.00000000,2025-06-02,2025-06-30,36597.50000000,False,Insufficient coverage,,,,-1.08783784,,
Descubra,ask,2025-07-01,13,31,41.93548387,2025-07-04,2025-07-28,37580.00000000,False,Insufficient coverage,,,,-1.98737677,,
Descubra,bid,2025-07-01,13,31,41.93548387,2025-07-04,2025-07-28,36122.00000000,False,Insufficient coverage,,,,-1.29926908,,
Descubra,ask,2025-08-01,16,31,51.61290323,2025-08-01,2025-08-31,39209.50000000,False,Insufficient coverage,,,,4.33608302,,
Descubra,bid,2025-08-01,16,31,51.61290323,2025-08-01,2025-08-31,38242.00000000,False,Insufficient coverage,,,,5.86899950,,
Descubra,ask,2025-09-01,14,30,46.66666667,2025-09-02,2025-09-29,40335.00000000,False,Insufficient coverage,,,,2.87047782,,
Descubra,bid,2025-09-01,14,30,46.66666667,2025-09-02,2025-09-29,39070.50000000,False,Insufficient coverage,,,,2.16646619,,
Descubra,ask,2025-10-01,5,31,16.12903226,2025-10-05,2025-10-28,44077.00000000,False,Insufficient coverage,,,,9.27730259,,
Descubra,bid,2025-10-01,5,31,16.12903226,2025-10-05,2025-10-28,41429.00000000,False,Insufficient coverage,,,,6.03652372,,
Descubra,ask,2025-11-01,8,30,26.66666667,2025-11-01,2025-11-29,43593.50000000,False,Insufficient coverage,,,,-1.09694398,,
Descubra,bid,2025-11-01,8,30,26.66666667,2025-11-01,2025-11-29,41946.00000000,False,Insufficient coverage,,,,1.24791812,,
Descubra,ask,2025-12-01,5,31,16.12903226,2025-12-13,2025-12-29,42594.00000000,False,Insufficient coverage,,,,-2.29277301,,
Descubra,bid,2025-12-01,5,31,16.12903226,2025-12-13,2025-12-29,41323.00000000,False,Insufficient coverage,,,,-1.48524293,,
Descubra,ask,2026-01-01,2,31,6.45161290,2026-01-09,2026-01-13,40959.50000000,False,Insufficient coverage,,,,-3.83739494,-1.76046626,
Descubra,bid,2026-01-01,2,31,6.45161290,2026-01-09,2026-01-13,39230.50000000,False,Insufficient coverage,,,,-5.06376594,-4.08190709,
Descubra,ask,2026-02-01,4,28,14.28571429,2026-02-14,2026-02-26,39712.50000000,False,Insufficient coverage,,,,-3.04447076,-7.05417013,-5.29370387
Descubra,bid,2026-02-01,4,28,14.28571429,2026-02-14,2026-02-26,38840.50000000,False,Insufficient coverage,,,,-0.99412447,-5.99617600,-1.91426891
Descubra,ask,2026-03-01,7,31,22.58064516,2026-03-02,2026-03-28,38800.00000000,False,Insufficient coverage,,,,-2.29776519,-6.98789404,0.06627609
Descubra,bid,2026-03-01,7,31,22.58064516,2026-03-02,2026-03-28,37103.00000000,False,Insufficient coverage,,,,-4.47342336,-7.83695166,-1.84077566
Descubra,ask,2026-04-01,8,30,26.66666667,2026-04-01,2026-04-29,38507.00000000,False,Insufficient coverage,,,,-0.75515464,-5.83934466,1.14854938
Descubra,bid,2026-04-01,8,30,26.66666667,2026-04-01,2026-04-29,37335.50000000,False,Insufficient coverage,,,,0.62663396,-5.73390731,2.10304435
Descubra,ask,2026-05-01,8,31,25.80645161,2026-05-03,2026-05-31,38188.00000000,False,Insufficient coverage,,,,-0.82842081,-1.24899796,4.59034671
Descubra,bid,2026-05-01,8,31,25.80645161,2026-05-03,2026-05-31,36908.50000000,False,Insufficient coverage,,,,-1.14368363,-0.24729730,5.48661002
Descubra,ask,2026-06-01,7,30,23.33333333,2026-06-04,2026-06-28,38012.00000000,False,Insufficient coverage,,,,-0.46087776,-0.86067498,0.38832298
Descubra,bid,2026-06-01,7,30,23.33333333,2026-06-04,2026-06-28,36388.00000000,False,Insufficient coverage,,,,-1.41024425,-0.57244347,-0.32514618
Descubra,ask,2026-07-01,8,31,25.80645161,2026-07-02,2026-07-30,39209.00000000,False,Insufficient coverage,,,,3.14900558,4.33475253,5.19542751
Descubra,bid,2026-07-01,8,31,25.80645161,2026-07-02,2026-07-30,38151.00000000,False,Insufficient coverage,,,,4.84500385,5.61707547,6.18951894
Descubra,ask,2026-08-01,8,31,25.80645161,2026-08-03,2026-08-31,41466.50000000,False,Insufficient coverage,,,,5.75760667,5.75625805,1.42150552
Descubra,bid,2026-08-01,8,31,25.80645161,2026-08-03,2026-08-31,40452.00000000,False,Insufficient coverage,,,,6.03129669,5.77898645,0.16191099
Descubra,ask,2026-09-01,9,30,30.00000000,2026-09-13,2026-09-28,45000.00000000,False,Partial month,,,,,,
Descubra,bid,2026-09-01,9,30,30.00000000,2026-09-13,2026-09-28,42312.00000000,False,Partial month,,,,,,
Dracobra,ask,2023-01-01,0,31,0.00000000,,,,False,Insufficient coverage,,,,,,
Dracobra,bid,2023-01-01,0,31,0.00000000,,,,False,Insufficient coverage,,,,,,
Dracobra,ask,2023-02-01,0,28,0.00000000,,,,False,Insufficient coverage,,,,,,
Dracobra,bid,2023-02-01,0,28,0.00000000,,,,False,Insufficient coverage,,,,,,
Dracobra,ask,2023-03-01,0,31,0.00000000,,,,False,Insufficient coverage,,,,,,
Dracobra,bid,2023-03-01,0,31,0.00000000,,,,False,Insufficient coverage,,,,,,
Dracobra,ask,2023-04-01,0,30,0.00000000,,,,False,Insufficient coverage,,,,,,
Dracobra,bid,2023-04-01,0,30,0.00000000,,,,False,Insufficient coverage,,,,,,
Dracobra,ask,2023-05-01,0,31,0.00000000,,,,False,Insufficient coverage,,,,,,
Dracobra,bid,2023-05-01,0,31,0.00000000,,,,False,Insufficient coverage,,,,,,
Dracobra,ask,2023-06-01,0,30,0.00000000,,,,False,Insufficient coverage,,,,,,
Dracobra,bid,2023-06-01,0,30,0.00000000,,,,False,Insufficient coverage,,,,,,
Dracobra,ask,2023-07-01,0,31,0.00000000,,,,False,Insufficient coverage,,,,,,
Dracobra,bid,2023-07-01,0,31,0.00000000,,,,False,Insufficient coverage,,,,,,
Dracobra,ask,2023-08-01,0,31,0.00000000,,,,False,Insufficient coverage,,,,,,
Dracobra,bid,2023-08-01,0,31,0.00000000,,,,False,Insufficient coverage,,,,,,
Dracobra,ask,2023-09-01,0,30,0.00000000,,,,False,Insufficient coverage,,,,,,
Dracobra,bid,2023-09-01,0,30,0.00000000,,,,False,Insufficient coverage,,,,,,
Dracobra,ask,2023-10-01,0,31,0.00000000,,,,False,Insufficient coverage,,,,,,
Dracobra,bid,2023-10-01,0,31,0.00000000,,,,False,Insufficient coverage,,,,,,
Dracobra,ask,2023-11-01,0,30,0.00000000,,,,False,Insufficient coverage,,,,,,
Dracobra,bid,2023-11-01,0,30,0.00000000,,,,False,Insufficient coverage,,,,,,
Dracobra,ask,2023-12-01,0,31,0.00000000,,,,False,Insufficient coverage,,,,,,
Dracobra,bid,2023-12-01,0,31,0.00000000,,,,False,Insufficient coverage,,,,,,
Dracobra,ask,2024-01-01,0,31,0.00000000,,,,False,Insufficient coverage,,,,,,
Dracobra,bid,2024-01-01,0,31,0.00000000,,,,False,Insufficient coverage,,,,,,
Dracobra,ask,2024-02-01,0,29,0.00000000,,,,False,Insufficient coverage,,,,,,
Dracobra,bid,2024-02-01,0,29,0.00000000,,,,False,Insufficient coverage,,,,,,
Dracobra,ask,2024-03-01,0,31,0.00000000,,,,False,Insufficient coverage,,,,,,
Dracobra,bid,2024-03-01,0,31,0.00000000,,,,False,Insufficient coverage,,,,,,
Dracobra,ask,2024-04-01,0,30,0.00000000,,,,False,Insufficient coverage,,,,,,
Dracobra,bid,2024-04-01,0,30,0.00000000,,,,False,Insufficient coverage,,,,,,
Dracobra,ask,2024-05-01,0,31,0.00000000,,,,False,Insufficient coverage,,,,,,
Dracobra,bid,2024-05-01,0,31,0.00000000,,,,False,Insufficient coverage,,,,,,
Dracobra,ask,2024-06-01,0,30,0.00000000,,,,False,Insufficient coverage,,,,,,
Dracobra,bid,2024-06-01,0,30,0.00000000,,,,False,Insufficient coverage,,,,,,
Dracobra,ask,2024-07-01,0,31,0.00000000,,,,False,Insufficient coverage,,,,,,
Dracobra,bid,2024-07-01,0,31,0.00000000,,,,False,Insufficient coverage,,,,,,
Dracobra,ask,2024-08-01,0,31,0.00000000,,,,False,Insufficient coverage,,,,,,
Dracobra,bid,2024-08-01,0,31,0.00000000,,,,False,Insufficient coverage,,,,,,
Dracobra,ask,2024-09-01,0,30,0.00000000,,,,False,Insufficient coverage,,,,,,
Dracobra,bid,2024-09-01,0,30,0.00000000,,,,False,Insufficient coverage,,,,,,
Dracobra,ask,2024-10-01,0,31,0.00000000,,,,False,Insufficient coverage,,,,,,
Dracobra,bid,2024-10-01,0,31,0.00000000,,,,False,Insufficient coverage,,,,,,
Dracobra,ask,2024-11-01,0,30,0.00000000,,,,False,Insufficient coverage,,,,,,
Dracobra,bid,2024-11-01,0,30,0.00000000,,,,False,Insufficient coverage,,,,,,
Dracobra,ask,2024-12-01,0,31,0.00000000,,,,False,Insufficient coverage,,,,,,
Dracobra,bid,2024-12-01,0,31,0.00000000,,,,False,Insufficient coverage,,,,,,
Dracobra,ask,2025-01-01,0,31,0.00000000,,,,False,Insufficient coverage,,,,,,
Dracobra,bid,2025-01-01,0,31,0.00000000,,,,False,Insufficient coverage,,,,,,
Dracobra,ask,2025-02-01,0,28,0.00000000,,,,False,Insufficient coverage,,,,,,
Dracobra,bid,2025-02-01,0,28,0.00000000,,,,False,Insufficient coverage,,,,,,
Dracobra,ask,2025-03-01,0,31,0.00000000,,,,False,Insufficient coverage,,,,,,
Dracobra,bid,2025-03-01,0,31,0.00000000,,,,False,Insufficient coverage,,,,,,
Dracobra,ask,2025-04-01,0,30,0.00000000,,,,False,Insufficient coverage,,,,,,
Dracobra,bid,2025-04-01,0,30,0.00000000,,,,False,Insufficient coverage,,,,,,
Dracobra,ask,2025-05-01,0,31,0.00000000,,,,False,Insufficient coverage,,,,,,
Dracobra,bid,2025-05-01,0,31,0.00000000,,,,False,Insufficient coverage,,,,,,
Dracobra,ask,2025-06-01,0,30,0.00000000,,,,False,Insufficient coverage,,,,,,
Dracobra,bid,2025-06-01,0,30,0.00000000,,,,False,Insufficient coverage,,,,,,
Dracobra,ask,2025-07-01,0,31,0.00000000,,,,False,Insufficient coverage,,,,,,
Dracobra,bid,2025-07-01,0,31,0.00000000,,,,False,Insufficient coverage,,,,,,
Dracobra,ask,2025-08-01,0,31,0.00000000,,,,False,Insufficient coverage,,,,,,
Dracobra,bid,2025-08-01,0,31,0.00000000,,,,False,Insufficient coverage,,,,,,
Dracobra,ask,2025-09-01,0,30,0.00000000,,,,False,Insufficient coverage,,,,,,
Dracobra,bid,2025-09-01,0,30,0.00000000,,,,False,Insufficient coverage,,,,,,
Dracobra,ask,2025-10-01,0,31,0.00000000,,,,False,Insufficient coverage,,,,,,
Dracobra,bid,2025-10-01,0,31,0.00000000,,,,False,Insufficient coverage,,,,,,
Dracobra,ask,2025-11-01,0,30,0.00000000,,,,False,Insufficient coverage,,,,,,
Dracobra,bid,2025-11-01,0,30,0.00000000,,,,False,Insufficient coverage,,,,,,
Dracobra,ask,2025-12-01,0,31,0.00000000,,,,False,Insufficient coverage,,,,,,
Dracobra,bid,2025-12-01,0,31,0.00000000,,,,False,Insufficient coverage,,,,,,
Dracobra,ask,2026-01-01,0,31,0.00000000,,,,False,Insufficient coverage,,,,,,
Dracobra,bid,2026-01-01,0,31,0.00000000,,,,False,Insufficient coverage,,,,,,
Dracobra,ask,2026-02-01,0,28,0.00000000,,,,False,Insufficient coverage,,,,,,
Dracobra,bid,2026-02-01,0,28,0.00000000,,,,False,Insufficient coverage,,,,,,
Dracobra,ask,2026-03-01,5,31,16.12903226,2026-03-02,2026-03-29,17000.00000000,False,Insufficient coverage,,,,,,
Dracobra,bid,2026-03-01,5,31,16.12903226,2026-03-02,2026-03-29,15527.00000000,False,Insufficient coverage,,,,,,
Dracobra,ask,2026-04-01,5,30,16.66666667,2026-04-04,2026-04-28,24998.00000000,False,Insufficient coverage,,,,47.04705882,,
Dracobra,bid,2026-04-01,5,30,16.66666667,2026-04-04,2026-04-28,22901.00000000,False,Insufficient coverage,,,,47.49146648,,
Dracobra,ask,2026-05-01,3,31,9.67741935,2026-05-10,2026-05-22,21800.00000000,False,Insufficient coverage,,,,-12.79302344,,
Dracobra,bid,2026-05-01,3,31,9.67741935,2026-05-10,2026-05-22,18639.00000000,False,Insufficient coverage,,,,-18.61054102,,
Dracobra,ask,2026-06-01,3,30,10.00000000,2026-06-03,2026-06-27,20393.00000000,False,Insufficient coverage,,,,-6.45412844,,
Dracobra,bid,2026-06-01,3,30,10.00000000,2026-06-03,2026-06-27,18555.00000000,False,Insufficient coverage,,,,-0.45066795,,
Dracobra,ask,2026-07-01,5,31,16.12903226,2026-07-03,2026-07-26,31665.00000000,False,Insufficient coverage,,,,55.27386848,,
Dracobra,bid,2026-07-01,5,31,16.12903226,2026-07-03,2026-07-26,28603.00000000,False,Insufficient coverage,,,,54.15251954,,
Dracobra,ask,2026-08-01,5,31,16.12903226,2026-08-01,2026-08-31,42348.00000000,False,Insufficient coverage,,,,33.73756514,,
Dracobra,bid,2026-08-01,5,31,16.12903226,2026-08-01,2026-08-31,39012.00000000,False,Insufficient coverage,,,,36.39128763,,
Dracobra,ask,2026-09-01,2,30,6.66666667,2026-09-27,2026-09-28,44523.25000000,False,Partial month,,,,,,
Dracobra,bid,2026-09-01,2,30,6.66666667,2026-09-27,2026-09-28,41216.50000000,False,Partial month,,,,,,
Etebra,ask,2023-01-01,0,31,0.00000000,,,,False,Insufficient coverage,,,,,,
Etebra,bid,2023-01-01,0,31,0.00000000,,,,False,Insufficient coverage,,,,,,
Etebra,ask,2023-02-01,0,28,0.00000000,,,,False,Insufficient coverage,,,,,,
Etebra,bid,2023-02-01,0,28,0.00000000,,,,False,Insufficient coverage,,,,,,
Etebra,ask,2023-03-01,0,31,0.00000000,,,,False,Insufficient coverage,,,,,,
Etebra,bid,2023-03-01,0,31,0.00000000,,,,False,Insufficient coverage,,,,,,
Etebra,ask,2023-04-01,0,30,0.00000000,,,,False,Insufficient coverage,,,,,,
Etebra,bid,2023-04-01,0,30,0.00000000,,,,False,Insufficient coverage,,,,,,
Etebra,ask,2023-05-01,0,31,0.00000000,,,,False,Insufficient coverage,,,,,,
Etebra,bid,2023-05-01,0,31,0.00000000,,,,False,Insufficient coverage,,,,,,
Etebra,ask,2023-06-01,0,30,0.00000000,,,,False,Insufficient coverage,,,,,,
Etebra,bid,2023-06-01,0,30,0.00000000,,,,False,Insufficient coverage,,,,,,
Etebra,ask,2023-07-01,0,31,0.00000000,,,,False,Insufficient coverage,,,,,,
Etebra,bid,2023-07-01,0,31,0.00000000,,,,False,Insufficient coverage,,,,,,
Etebra,ask,2023-08-01,0,31,0.00000000,,,,False,Insufficient coverage,,,,,,
Etebra,bid,2023-08-01,0,31,0.00000000,,,,False,Insufficient coverage,,,,,,
Etebra,ask,2023-09-01,0,30,0.00000000,,,,False,Insufficient coverage,,,,,,
Etebra,bid,2023-09-01,0,30,0.00000000,,,,False,Insufficient coverage,,,,,,
Etebra,ask,2023-10-01,0,31,0.00000000,,,,False,Insufficient coverage,,,,,,
Etebra,bid,2023-10-01,0,31,0.00000000,,,,False,Insufficient coverage,,,,,,
Etebra,ask,2023-11-01,0,30,0.00000000,,,,False,Insufficient coverage,,,,,,
Etebra,bid,2023-11-01,0,30,0.00000000,,,,False,Insufficient coverage,,,,,,
Etebra,ask,2023-12-01,0,31,0.00000000,,,,False,Insufficient coverage,,,,,,
Etebra,bid,2023-12-01,0,31,0.00000000,,,,False,Insufficient coverage,,,,,,
Etebra,ask,2024-01-01,0,31,0.00000000,,,,False,Insufficient coverage,,,,,,
Etebra,bid,2024-01-01,0,31,0.00000000,,,,False,Insufficient coverage,,,,,,
Etebra,ask,2024-02-01,0,29,0.00000000,,,,False,Insufficient coverage,,,,,,
Etebra,bid,2024-02-01,0,29,0.00000000,,,,False,Insufficient coverage,,,,,,
Etebra,ask,2024-03-01,0,31,0.00000000,,,,False,Insufficient coverage,,,,,,
Etebra,bid,2024-03-01,0,31,0.00000000,,,,False,Insufficient coverage,,,,,,
Etebra,ask,2024-04-01,0,30,0.00000000,,,,False,Insufficient coverage,,,,,,
Etebra,bid,2024-04-01,0,30,0.00000000,,,,False,Insufficient coverage,,,,,,
Etebra,ask,2024-05-01,0,31,0.00000000,,,,False,Insufficient coverage,,,,,,
Etebra,bid,2024-05-01,0,31,0.00000000,,,,False,Insufficient coverage,,,,,,
Etebra,ask,2024-06-01,0,30,0.00000000,,,,False,Insufficient coverage,,,,,,
Etebra,bid,2024-06-01,0,30,0.00000000,,,,False,Insufficient coverage,,,,,,
Etebra,ask,2024-07-01,0,31,0.00000000,,,,False,Insufficient coverage,,,,,,
Etebra,bid,2024-07-01,0,31,0.00000000,,,,False,Insufficient coverage,,,,,,
Etebra,ask,2024-08-01,0,31,0.00000000,,,,False,Insufficient coverage,,,,,,
Etebra,bid,2024-08-01,0,31,0.00000000,,,,False,Insufficient coverage,,,,,,
Etebra,ask,2024-09-01,0,30,0.00000000,,,,False,Insufficient coverage,,,,,,
Etebra,bid,2024-09-01,0,30,0.00000000,,,,False,Insufficient coverage,,,,,,
Etebra,ask,2024-10-01,0,31,0.00000000,,,,False,Insufficient coverage,,,,,,
Etebra,bid,2024-10-01,0,31,0.00000000,,,,False,Insufficient coverage,,,,,,
Etebra,ask,2024-11-01,0,30,0.00000000,,,,False,Insufficient coverage,,,,,,
Etebra,bid,2024-11-01,0,30,0.00000000,,,,False,Insufficient coverage,,,,,,
Etebra,ask,2024-12-01,0,31,0.00000000,,,,False,Insufficient coverage,,,,,,
Etebra,bid,2024-12-01,0,31,0.00000000,,,,False,Insufficient coverage,,,,,,
Etebra,ask,2025-01-01,0,31,0.00000000,,,,False,Insufficient coverage,,,,,,
Etebra,bid,2025-01-01,0,31,0.00000000,,,,False,Insufficient coverage,,,,,,
Etebra,ask,2025-02-01,0,28,0.00000000,,,,False,Insufficient coverage,,,,,,
Etebra,bid,2025-02-01,0,28,0.00000000,,,,False,Insufficient coverage,,,,,,
Etebra,ask,2025-03-01,0,31,0.00000000,,,,False,Insufficient coverage,,,,,,
Etebra,bid,2025-03-01,0,31,0.00000000,,,,False,Insufficient coverage,,,,,,
Etebra,ask,2025-04-01,0,30,0.00000000,,,,False,Insufficient coverage,,,,,,
Etebra,bid,2025-04-01,0,30,0.00000000,,,,False,Insufficient coverage,,,,,,
Etebra,ask,2025-05-01,0,31,0.00000000,,,,False,Insufficient coverage,,,,,,
Etebra,bid,2025-05-01,0,31,0.00000000,,,,False,Insufficient coverage,,,,,,
Etebra,ask,2025-06-01,0,30,0.00000000,,,,False,Insufficient coverage,,,,,,
Etebra,bid,2025-06-01,0,30,0.00000000,,,,False,Insufficient coverage,,,,,,
Etebra,ask,2025-07-01,0,31,0.00000000,,,,False,Insufficient coverage,,,,,,
Etebra,bid,2025-07-01,0,31,0.00000000,,,,False,Insufficient coverage,,,,,,
Etebra,ask,2025-08-01,0,31,0.00000000,,,,False,Insufficient coverage,,,,,,
Etebra,bid,2025-08-01,0,31,0.00000000,,,,False,Insufficient coverage,,,,,,
Etebra,ask,2025-09-01,2,30,6.66666667,2025-09-26,2025-09-30,42345.00000000,False,Insufficient coverage,,,,,,
Etebra,bid,2025-09-01,2,30,6.66666667,2025-09-26,2025-09-30,40223.00000000,False,Insufficient coverage,,,,,,
Etebra,ask,2025-10-01,4,31,12.90322581,2025-10-10,2025-10-28,43989.00000000,False,Insufficient coverage,,,,3.88239462,,
Etebra,bid,2025-10-01,4,31,12.90322581,2025-10-10,2025-10-28,41857.00000000,False,Insufficient coverage,,,,4.06235239,,
Etebra,ask,2025-11-01,5,30,16.66666667,2025-11-03,2025-11-27,44111.00000000,False,Insufficient coverage,,,,0.27734206,,
Etebra,bid,2025-11-01,5,30,16.66666667,2025-11-03,2025-11-27,41750.00000000,False,Insufficient coverage,,,,-0.25563227,,
Etebra,ask,2025-12-01,3,31,9.67741935,2025-12-17,2025-12-29,43280.00000000,False,Insufficient coverage,,,,-1.88388384,,
Etebra,bid,2025-12-01,3,31,9.67741935,2025-12-17,2025-12-29,41260.00000000,False,Insufficient coverage,,,,-1.17365269,,
Etebra,ask,2026-01-01,5,31,16.12903226,2026-01-07,2026-01-31,40238.00000000,False,Insufficient coverage,,,,-7.02865065,,
Etebra,bid,2026-01-01,5,31,16.12903226,2026-01-07,2026-01-31,38603.00000000,False,Insufficient coverage,,,,-6.43965099,,
Etebra,ask,2026-02-01,4,28,14.28571429,2026-02-06,2026-02-24,39817.50000000,False,Insufficient coverage,,,,-1.04503206,,
Etebra,bid,2026-02-01,4,28,14.28571429,2026-02-06,2026-02-24,38770.00000000,False,Insufficient coverage,,,,0.43260886,,
Etebra,ask,2026-03-01,6,31,19.35483871,2026-03-02,2026-03-30,38691.50000000,False,Insufficient coverage,,,,-2.82790230,,
Etebra,bid,2026-03-01,6,31,19.35483871,2026-03-02,2026-03-30,37200.50000000,False,Insufficient coverage,,,,-4.04823317,,
Etebra,ask,2026-04-01,5,30,16.66666667,2026-04-05,2026-04-29,38765.00000000,False,Insufficient coverage,,,,0.18996420,,
Etebra,bid,2026-04-01,5,30,16.66666667,2026-04-05,2026-04-29,37151.00000000,False,Insufficient coverage,,,,-0.13306273,,
Etebra,ask,2026-05-01,6,31,19.35483871,2026-05-05,2026-05-30,38429.00000000,False,Insufficient coverage,,,,-0.86676125,,
Etebra,bid,2026-05-01,6,31,19.35483871,2026-05-05,2026-05-30,36612.50000000,False,Insufficient coverage,,,,-1.44948992,,
Etebra,ask,2026-06-01,4,30,13.33333333,2026-06-04,2026-06-30,38703.50000000,False,Insufficient coverage,,,,0.71430430,,
Etebra,bid,2026-06-01,4,30,13.33333333,2026-06-04,2026-06-30,37061.00000000,False,Insufficient coverage,,,,1.22499146,,
Etebra,ask,2026-07-01,4,31,12.90322581,2026-07-07,2026-07-28,38720.50000000,False,Insufficient coverage,,,,0.04392368,,
Etebra,bid,2026-07-01,4,31,12.90322581,2026-07-07,2026-07-28,37764.00000000,False,Insufficient coverage,,,,1.89687272,,
Etebra,ask,2026-08-01,2,31,6.45161290,2026-08-18,2026-08-25,41944.00000000,False,Insufficient coverage,,,,8.32504746,,
Etebra,bid,2026-08-01,2,31,6.45161290,2026-08-18,2026-08-25,40877.00000000,False,Insufficient coverage,,,,8.24330050,,
Etebra,ask,2026-09-01,2,30,6.66666667,2026-09-01,2026-09-26,44672.00000000,False,Partial month,,,,,,
Etebra,bid,2026-09-01,2,30,6.66666667,2026-09-01,2026-09-26,42311.50000000,False,Partial month,,,,,,
Ferobra,ask,2023-01-01,0,31,0.00000000,,,,False,Insufficient coverage,,,,,,
Ferobra,bid,2023-01-01,0,31,0.00000000,,,,False,Insufficient coverage,,,,,,
Ferobra,ask,2023-02-01,0,28,0.00000000,,,,False,Insufficient coverage,,,,,,
Ferobra,bid,2023-02-01,0,28,0.00000000,,,,False,Insufficient coverage,,,,,,
Ferobra,ask,2023-03-01,0,31,0.00000000,,,,False,Insufficient coverage,,,,,,
Ferobra,bid,2023-03-01,0,31,0.00000000,,,,False,Insufficient coverage,,,,,,
Ferobra,ask,2023-04-01,0,30,0.00000000,,,,False,Insufficient coverage,,,,,,
Ferobra,bid,2023-04-01,0,30,0.00000000,,,,False,Insufficient coverage,,,,,,
Ferobra,ask,2023-05-01,0,31,0.00000000,,,,False,Insufficient coverage,,,,,,
Ferobra,bid,2023-05-01,0,31,0.00000000,,,,False,Insufficient coverage,,,,,,
Ferobra,ask,2023-06-01,0,30,0.00000000,,,,False,Insufficient coverage,,,,,,
Ferobra,bid,2023-06-01,0,30,0.00000000,,,,False,Insufficient coverage,,,,,,
Ferobra,ask,2023-07-01,0,31,0.00000000,,,,False,Insufficient coverage,,,,,,
Ferobra,bid,2023-07-01,0,31,0.00000000,,,,False,Insufficient coverage,,,,,,
Ferobra,ask,2023-08-01,0,31,0.00000000,,,,False,Insufficient coverage,,,,,,
Ferobra,bid,2023-08-01,0,31,0.00000000,,,,False,Insufficient coverage,,,,,,
Ferobra,ask,2023-09-01,0,30,0.00000000,,,,False,Insufficient coverage,,,,,,
Ferobra,bid,2023-09-01,0,30,0.00000000,,,,False,Insufficient coverage,,,,,,
Ferobra,ask,2023-10-01,0,31,0.00000000,,,,False,Insufficient coverage,,,,,,
Ferobra,bid,2023-10-01,0,31,0.00000000,,,,False,Insufficient coverage,,,,,,
Ferobra,ask,2023-11-01,0,30,0.00000000,,,,False,Insufficient coverage,,,,,,
Ferobra,bid,2023-11-01,0,30,0.00000000,,,,False,Insufficient coverage,,,,,,
Ferobra,ask,2023-12-01,0,31,0.00000000,,,,False,Insufficient coverage,,,,,,
Ferobra,bid,2023-12-01,0,31,0.00000000,,,,False,Insufficient coverage,,,,,,
Ferobra,ask,2024-01-01,0,31,0.00000000,,,,False,Insufficient coverage,,,,,,
Ferobra,bid,2024-01-01,0,31,0.00000000,,,,False,Insufficient coverage,,,,,,
Ferobra,ask,2024-02-01,0,29,0.00000000,,,,False,Insufficient coverage,,,,,,
Ferobra,bid,2024-02-01,0,29,0.00000000,,,,False,Insufficient coverage,,,,,,
Ferobra,ask,2024-03-01,0,31,0.00000000,,,,False,Insufficient coverage,,,,,,
Ferobra,bid,2024-03-01,0,31,0.00000000,,,,False,Insufficient coverage,,,,,,
Ferobra,ask,2024-04-01,0,30,0.00000000,,,,False,Insufficient coverage,,,,,,
Ferobra,bid,2024-04-01,0,30,0.00000000,,,,False,Insufficient coverage,,,,,,
Ferobra,ask,2024-05-01,0,31,0.00000000,,,,False,Insufficient coverage,,,,,,
Ferobra,bid,2024-05-01,0,31,0.00000000,,,,False,Insufficient coverage,,,,,,
Ferobra,ask,2024-06-01,0,30,0.00000000,,,,False,Insufficient coverage,,,,,,
Ferobra,bid,2024-06-01,0,30,0.00000000,,,,False,Insufficient coverage,,,,,,
Ferobra,ask,2024-07-01,0,31,0.00000000,,,,False,Insufficient coverage,,,,,,
Ferobra,bid,2024-07-01,0,31,0.00000000,,,,False,Insufficient coverage,,,,,,
Ferobra,ask,2024-08-01,0,31,0.00000000,,,,False,Insufficient coverage,,,,,,
Ferobra,bid,2024-08-01,0,31,0.00000000,,,,False,Insufficient coverage,,,,,,
Ferobra,ask,2024-09-01,0,30,0.00000000,,,,False,Insufficient coverage,,,,,,
Ferobra,bid,2024-09-01,0,30,0.00000000,,,,False,Insufficient coverage,,,,,,
Ferobra,ask,2024-10-01,0,31,0.00000000,,,,False,Insufficient coverage,,,,,,
Ferobra,bid,2024-10-01,0,31,0.00000000,,,,False,Insufficient coverage,,,,,,
Ferobra,ask,2024-11-01,0,30,0.00000000,,,,False,Insufficient coverage,,,,,,
Ferobra,bid,2024-11-01,0,30,0.00000000,,,,False,Insufficient coverage,,,,,,
Ferobra,ask,2024-12-01,0,31,0.00000000,,,,False,Insufficient coverage,,,,,,
Ferobra,bid,2024-12-01,0,31,0.00000000,,,,False,Insufficient coverage,,,,,,
Ferobra,ask,2025-01-01,0,31,0.00000000,,,,False,Insufficient coverage,,,,,,
Ferobra,bid,2025-01-01,0,31,0.00000000,,,,False,Insufficient coverage,,,,,,
Ferobra,ask,2025-02-01,0,28,0.00000000,,,,False,Insufficient coverage,,,,,,
Ferobra,bid,2025-02-01,0,28,0.00000000,,,,False,Insufficient coverage,,,,,,
Ferobra,ask,2025-03-01,0,31,0.00000000,,,,False,Insufficient coverage,,,,,,
Ferobra,bid,2025-03-01,0,31,0.00000000,,,,False,Insufficient coverage,,,,,,
Ferobra,ask,2025-04-01,0,30,0.00000000,,,,False,Insufficient coverage,,,,,,
Ferobra,bid,2025-04-01,0,30,0.00000000,,,,False,Insufficient coverage,,,,,,
Ferobra,ask,2025-05-01,0,31,0.00000000,,,,False,Insufficient coverage,,,,,,
Ferobra,bid,2025-05-01,0,31,0.00000000,,,,False,Insufficient coverage,,,,,,
Ferobra,ask,2025-06-01,0,30,0.00000000,,,,False,Insufficient coverage,,,,,,
Ferobra,bid,2025-06-01,0,30,0.00000000,,,,False,Insufficient coverage,,,,,,
Ferobra,ask,2025-07-01,0,31,0.00000000,,,,False,Insufficient coverage,,,,,,
Ferobra,bid,2025-07-01,0,31,0.00000000,,,,False,Insufficient coverage,,,,,,
Ferobra,ask,2025-08-01,0,31,0.00000000,,,,False,Insufficient coverage,,,,,,
Ferobra,bid,2025-08-01,0,31,0.00000000,,,,False,Insufficient coverage,,,,,,
Ferobra,ask,2025-09-01,1,30,3.33333333,2025-09-27,2025-09-27,38898.00000000,False,Insufficient coverage,,,,,,
Ferobra,bid,2025-09-01,1,30,3.33333333,2025-09-27,2025-09-27,36250.00000000,False,Insufficient coverage,,,,,,
Ferobra,ask,2025-10-01,10,31,32.25806452,2025-10-01,2025-10-31,40549.00000000,False,Insufficient coverage,,,,4.24443416,,
Ferobra,bid,2025-10-01,10,31,32.25806452,2025-10-01,2025-10-31,39421.50000000,False,Insufficient coverage,,,,8.74896552,,
Ferobra,ask,2025-11-01,10,30,33.33333333,2025-11-03,2025-11-30,41047.00000000,False,Insufficient coverage,,,,1.22814373,,
Ferobra,bid,2025-11-01,10,30,33.33333333,2025-11-03,2025-11-30,39651.50000000,False,Insufficient coverage,,,,0.58343797,,
Ferobra,ask,2025-12-01,8,31,25.80645161,2025-12-05,2025-12-28,40870.50000000,False,Insufficient coverage,,,,-0.42999488,,
Ferobra,bid,2025-12-01,8,31,25.80645161,2025-12-05,2025-12-28,39432.50000000,False,Insufficient coverage,,,,-0.55231202,,
Ferobra,ask,2026-01-01,4,31,12.90322581,2026-01-06,2026-01-15,38834.00000000,False,Insufficient coverage,,,,-4.98281156,,
Ferobra,bid,2026-01-01,4,31,12.90322581,2026-01-06,2026-01-15,37308.00000000,False,Insufficient coverage,,,,-5.38768782,,
Ferobra,ask,2026-02-01,6,28,21.42857143,2026-02-11,2026-02-26,38767.00000000,False,Insufficient coverage,,,,-0.17252923,,
Ferobra,bid,2026-02-01,6,28,21.42857143,2026-02-11,2026-02-26,37897.50000000,False,Insufficient coverage,,,,1.58009006,,
Ferobra,ask,2026-03-01,10,31,32.25806452,2026-03-01,2026-03-30,38232.50000000,False,Insufficient coverage,,,,-1.37874997,,
Ferobra,bid,2026-03-01,10,31,32.25806452,2026-03-01,2026-03-30,37155.50000000,False,Insufficient coverage,,,,-1.95791279,,
Ferobra,ask,2026-04-01,9,30,30.00000000,2026-04-02,2026-04-29,38598.00000000,False,Insufficient coverage,,,,0.95599294,,
Ferobra,bid,2026-04-01,9,30,30.00000000,2026-04-02,2026-04-29,37353.00000000,False,Insufficient coverage,,,,0.53154984,,
Ferobra,ask,2026-05-01,9,31,29.03225806,2026-05-03,2026-05-30,37883.00000000,False,Insufficient coverage,,,,-1.85242759,,
Ferobra,bid,2026-05-01,9,31,29.03225806,2026-05-03,2026-05-30,36775.00000000,False,Insufficient coverage,,,,-1.54739914,,
Ferobra,ask,2026-06-01,8,30,26.66666667,2026-06-02,2026-06-29,37673.00000000,False,Insufficient coverage,,,,-0.55433836,,
Ferobra,bid,2026-06-01,8,30,26.66666667,2026-06-02,2026-06-29,36210.50000000,False,Insufficient coverage,,,,-1.53501020,,
Ferobra,ask,2026-07-01,7,31,22.58064516,2026-07-03,2026-07-31,39488.00000000,False,Insufficient coverage,,,,4.81777400,,
Ferobra,bid,2026-07-01,7,31,22.58064516,2026-07-03,2026-07-31,38574.00000000,False,Insufficient coverage,,,,6.52711230,,
Ferobra,ask,2026-08-01,5,31,16.12903226,2026-08-08,2026-08-28,42251.00000000,False,Insufficient coverage,,,,6.99706240,,
Ferobra,bid,2026-08-01,5,31,16.12903226,2026-08-08,2026-08-28,40567.00000000,False,Insufficient coverage,,,,5.16669259,,
Ferobra,ask,2026-09-01,6,30,20.00000000,2026-09-01,2026-09-28,43727.00000000,False,Partial month,,,,,,
Ferobra,bid,2026-09-01,6,30,20.00000000,2026-09-01,2026-09-28,42303.00000000,False,Partial month,,,,,,
Floribra,ask,2023-01-01,0,31,0.00000000,,,,False,Insufficient coverage,,,,,,
Floribra,bid,2023-01-01,0,31,0.00000000,,,,False,Insufficient coverage,,,,,,
Floribra,ask,2023-02-01,0,28,0.00000000,,,,False,Insufficient coverage,,,,,,
Floribra,bid,2023-02-01,0,28,0.00000000,,,,False,Insufficient coverage,,,,,,
Floribra,ask,2023-03-01,0,31,0.00000000,,,,False,Insufficient coverage,,,,,,
Floribra,bid,2023-03-01,0,31,0.00000000,,,,False,Insufficient coverage,,,,,,
Floribra,ask,2023-04-01,0,30,0.00000000,,,,False,Insufficient coverage,,,,,,
Floribra,bid,2023-04-01,0,30,0.00000000,,,,False,Insufficient coverage,,,,,,
Floribra,ask,2023-05-01,0,31,0.00000000,,,,False,Insufficient coverage,,,,,,
Floribra,bid,2023-05-01,0,31,0.00000000,,,,False,Insufficient coverage,,,,,,
Floribra,ask,2023-06-01,0,30,0.00000000,,,,False,Insufficient coverage,,,,,,
Floribra,bid,2023-06-01,0,30,0.00000000,,,,False,Insufficient coverage,,,,,,
Floribra,ask,2023-07-01,0,31,0.00000000,,,,False,Insufficient coverage,,,,,,
Floribra,bid,2023-07-01,0,31,0.00000000,,,,False,Insufficient coverage,,,,,,
Floribra,ask,2023-08-01,0,31,0.00000000,,,,False,Insufficient coverage,,,,,,
Floribra,bid,2023-08-01,0,31,0.00000000,,,,False,Insufficient coverage,,,,,,
Floribra,ask,2023-09-01,0,30,0.00000000,,,,False,Insufficient coverage,,,,,,
Floribra,bid,2023-09-01,0,30,0.00000000,,,,False,Insufficient coverage,,,,,,
Floribra,ask,2023-10-01,0,31,0.00000000,,,,False,Insufficient coverage,,,,,,
Floribra,bid,2023-10-01,0,31,0.00000000,,,,False,Insufficient coverage,,,,,,
Floribra,ask,2023-11-01,0,30,0.00000000,,,,False,Insufficient coverage,,,,,,
Floribra,bid,2023-11-01,0,30,0.00000000,,,,False,Insufficient coverage,,,,,,
Floribra,ask,2023-12-01,0,31,0.00000000,,,,False,Insufficient coverage,,,,,,
Floribra,bid,2023-12-01,0,31,0.00000000,,,,False,Insufficient coverage,,,,,,
Floribra,ask,2024-01-01,0,31,0.00000000,,,,False,Insufficient coverage,,,,,,
Floribra,bid,2024-01-01,0,31,0.00000000,,,,False,Insufficient coverage,,,,,,
Floribra,ask,2024-02-01,0,29,0.00000000,,,,False,Insufficient coverage,,,,,,
Floribra,bid,2024-02-01,0,29,0.00000000,,,,False,Insufficient coverage,,,,,,
Floribra,ask,2024-03-01,0,31,0.00000000,,,,False,Insufficient coverage,,,,,,
Floribra,bid,2024-03-01,0,31,0.00000000,,,,False,Insufficient coverage,,,,,,
Floribra,ask,2024-04-01,0,30,0.00000000,,,,False,Insufficient coverage,,,,,,
Floribra,bid,2024-04-01,0,30,0.00000000,,,,False,Insufficient coverage,,,,,,
Floribra,ask,2024-05-01,0,31,0.00000000,,,,False,Insufficient coverage,,,,,,
Floribra,bid,2024-05-01,0,31,0.00000000,,,,False,Insufficient coverage,,,,,,
Floribra,ask,2024-06-01,0,30,0.00000000,,,,False,Insufficient coverage,,,,,,
Floribra,bid,2024-06-01,0,30,0.00000000,,,,False,Insufficient coverage,,,,,,
Floribra,ask,2024-07-01,0,31,0.00000000,,,,False,Insufficient coverage,,,,,,
Floribra,bid,2024-07-01,0,31,0.00000000,,,,False,Insufficient coverage,,,,,,
Floribra,ask,2024-08-01,0,31,0.00000000,,,,False,Insufficient coverage,,,,,,
Floribra,bid,2024-08-01,0,31,0.00000000,,,,False,Insufficient coverage,,,,,,
Floribra,ask,2024-09-01,0,30,0.00000000,,,,False,Insufficient coverage,,,,,,
Floribra,bid,2024-09-01,0,30,0.00000000,,,,False,Insufficient coverage,,,,,,
Floribra,ask,2024-10-01,0,31,0.00000000,,,,False,Insufficient coverage,,,,,,
Floribra,bid,2024-10-01,0,31,0.00000000,,,,False,Insufficient coverage,,,,,,
Floribra,ask,2024-11-01,0,30,0.00000000,,,,False,Insufficient coverage,,,,,,
Floribra,bid,2024-11-01,0,30,0.00000000,,,,False,Insufficient coverage,,,,,,
Floribra,ask,2024-12-01,0,31,0.00000000,,,,False,Insufficient coverage,,,,,,
Floribra,bid,2024-12-01,0,31,0.00000000,,,,False,Insufficient coverage,,,,,,
Floribra,ask,2025-01-01,0,31,0.00000000,,,,False,Insufficient coverage,,,,,,
Floribra,bid,2025-01-01,0,31,0.00000000,,,,False,Insufficient coverage,,,,,,
Floribra,ask,2025-02-01,0,28,0.00000000,,,,False,Insufficient coverage,,,,,,
Floribra,bid,2025-02-01,0,28,0.00000000,,,,False,Insufficient coverage,,,,,,
Floribra,ask,2025-03-01,0,31,0.00000000,,,,False,Insufficient coverage,,,,,,
Floribra,bid,2025-03-01,0,31,0.00000000,,,,False,Insufficient coverage,,,,,,
Floribra,ask,2025-04-01,0,30,0.00000000,,,,False,Insufficient coverage,,,,,,
Floribra,bid,2025-04-01,0,30,0.00000000,,,,False,Insufficient coverage,,,,,,
Floribra,ask,2025-05-01,0,31,0.00000000,,,,False,Insufficient coverage,,,,,,
Floribra,bid,2025-05-01,0,31,0.00000000,,,,False,Insufficient coverage,,,,,,
Floribra,ask,2025-06-01,0,30,0.00000000,,,,False,Insufficient coverage,,,,,,
Floribra,bid,2025-06-01,0,30,0.00000000,,,,False,Insufficient coverage,,,,,,
Floribra,ask,2025-07-01,0,31,0.00000000,,,,False,Insufficient coverage,,,,,,
Floribra,bid,2025-07-01,0,31,0.00000000,,,,False,Insufficient coverage,,,,,,
Floribra,ask,2025-08-01,0,31,0.00000000,,,,False,Insufficient coverage,,,,,,
Floribra,bid,2025-08-01,0,31,0.00000000,,,,False,Insufficient coverage,,,,,,
Floribra,ask,2025-09-01,0,30,0.00000000,,,,False,Insufficient coverage,,,,,,
Floribra,bid,2025-09-01,0,30,0.00000000,,,,False,Insufficient coverage,,,,,,
Floribra,ask,2025-10-01,0,31,0.00000000,,,,False,Insufficient coverage,,,,,,
Floribra,bid,2025-10-01,0,31,0.00000000,,,,False,Insufficient coverage,,,,,,
Floribra,ask,2025-11-01,0,30,0.00000000,,,,False,Insufficient coverage,,,,,,
Floribra,bid,2025-11-01,0,30,0.00000000,,,,False,Insufficient coverage,,,,,,
Floribra,ask,2025-12-01,0,31,0.00000000,,,,False,Insufficient coverage,,,,,,
Floribra,bid,2025-12-01,0,31,0.00000000,,,,False,Insufficient coverage,,,,,,
Floribra,ask,2026-01-01,0,31,0.00000000,,,,False,Insufficient coverage,,,,,,
Floribra,bid,2026-01-01,0,31,0.00000000,,,,False,Insufficient coverage,,,,,,
Floribra,ask,2026-02-01,0,28,0.00000000,,,,False,Insufficient coverage,,,,,,
Floribra,bid,2026-02-01,0,28,0.00000000,,,,False,Insufficient coverage,,,,,,
Floribra,ask,2026-03-01,0,31,0.00000000,,,,False,Insufficient coverage,,,,,,
Floribra,bid,2026-03-01,0,31,0.00000000,,,,False,Insufficient coverage,,,,,,
Floribra,ask,2026-04-01,0,30,0.00000000,,,,False,Insufficient coverage,,,,,,
Floribra,bid,2026-04-01,0,30,0.00000000,,,,False,Insufficient coverage,,,,,,
Floribra,ask,2026-05-01,0,31,0.00000000,,,,False,Insufficient coverage,,,,,,
Floribra,bid,2026-05-01,0,31,0.00000000,,,,False,Insufficient coverage,,,,,,
Floribra,ask,2026-06-01,5,30,16.66666667,2026-06-05,2026-06-19,9900.00000000,False,Insufficient coverage,,,,,,
Floribra,bid,2026-06-01,5,30,16.66666667,2026-06-05,2026-06-19,8706.00000000,False,Insufficient coverage,,,,,,
Floribra,ask,2026-07-01,10,31,32.25806452,2026-07-04,2026-07-31,13200.00000000,False,Insufficient coverage,,,,33.33333333,,
Floribra,bid,2026-07-01,10,31,32.25806452,2026-07-04,2026-07-31,11780.50000000,False,Insufficient coverage,,,,35.31472548,,
Floribra,ask,2026-08-01,10,31,32.25806452,2026-08-03,2026-08-30,17933.00000000,False,Insufficient coverage,,,,35.85606061,,
Floribra,bid,2026-08-01,10,31,32.25806452,2026-08-03,2026-08-30,16462.50000000,False,Insufficient coverage,,,,39.74364416,,
Floribra,ask,2026-09-01,4,30,13.33333333,2026-09-03,2026-09-28,27923.75000000,False,Partial month,,,,,,
Floribra,bid,2026-09-01,4,30,13.33333333,2026-09-03,2026-09-28,25289.75000000,False,Partial month,,,,,,
Gentebra,ask,2023-01-01,0,31,0.00000000,,,,False,Insufficient coverage,,,,,,
Gentebra,bid,2023-01-01,0,31,0.00000000,,,,False,Insufficient coverage,,,,,,
Gentebra,ask,2023-02-01,0,28,0.00000000,,,,False,Insufficient coverage,,,,,,
Gentebra,bid,2023-02-01,0,28,0.00000000,,,,False,Insufficient coverage,,,,,,
Gentebra,ask,2023-03-01,0,31,0.00000000,,,,False,Insufficient coverage,,,,,,
Gentebra,bid,2023-03-01,0,31,0.00000000,,,,False,Insufficient coverage,,,,,,
Gentebra,ask,2023-04-01,0,30,0.00000000,,,,False,Insufficient coverage,,,,,,
Gentebra,bid,2023-04-01,0,30,0.00000000,,,,False,Insufficient coverage,,,,,,
Gentebra,ask,2023-05-01,0,31,0.00000000,,,,False,Insufficient coverage,,,,,,
Gentebra,bid,2023-05-01,0,31,0.00000000,,,,False,Insufficient coverage,,,,,,
Gentebra,ask,2023-06-01,0,30,0.00000000,,,,False,Insufficient coverage,,,,,,
Gentebra,bid,2023-06-01,0,30,0.00000000,,,,False,Insufficient coverage,,,,,,
Gentebra,ask,2023-07-01,0,31,0.00000000,,,,False,Insufficient coverage,,,,,,
Gentebra,bid,2023-07-01,0,31,0.00000000,,,,False,Insufficient coverage,,,,,,
Gentebra,ask,2023-08-01,0,31,0.00000000,,,,False,Insufficient coverage,,,,,,
Gentebra,bid,2023-08-01,0,31,0.00000000,,,,False,Insufficient coverage,,,,,,
Gentebra,ask,2023-09-01,0,30,0.00000000,,,,False,Insufficient coverage,,,,,,
Gentebra,bid,2023-09-01,0,30,0.00000000,,,,False,Insufficient coverage,,,,,,
Gentebra,ask,2023-10-01,0,31,0.00000000,,,,False,Insufficient coverage,,,,,,
Gentebra,bid,2023-10-01,0,31,0.00000000,,,,False,Insufficient coverage,,,,,,
Gentebra,ask,2023-11-01,0,30,0.00000000,,,,False,Insufficient coverage,,,,,,
Gentebra,bid,2023-11-01,0,30,0.00000000,,,,False,Insufficient coverage,,,,,,
Gentebra,ask,2023-12-01,0,31,0.00000000,,,,False,Insufficient coverage,,,,,,
Gentebra,bid,2023-12-01,0,31,0.00000000,,,,False,Insufficient coverage,,,,,,
Gentebra,ask,2024-01-01,0,31,0.00000000,,,,False,Insufficient coverage,,,,,,
Gentebra,bid,2024-01-01,0,31,0.00000000,,,,False,Insufficient coverage,,,,,,
Gentebra,ask,2024-02-01,0,29,0.00000000,,,,False,Insufficient coverage,,,,,,
Gentebra,bid,2024-02-01,0,29,0.00000000,,,,False,Insufficient coverage,,,,,,
Gentebra,ask,2024-03-01,0,31,0.00000000,,,,False,Insufficient coverage,,,,,,
Gentebra,bid,2024-03-01,0,31,0.00000000,,,,False,Insufficient coverage,,,,,,
Gentebra,ask,2024-04-01,0,30,0.00000000,,,,False,Insufficient coverage,,,,,,
Gentebra,bid,2024-04-01,0,30,0.00000000,,,,False,Insufficient coverage,,,,,,
Gentebra,ask,2024-05-01,0,31,0.00000000,,,,False,Insufficient coverage,,,,,,
Gentebra,bid,2024-05-01,0,31,0.00000000,,,,False,Insufficient coverage,,,,,,
Gentebra,ask,2024-06-01,0,30,0.00000000,,,,False,Insufficient coverage,,,,,,
Gentebra,bid,2024-06-01,0,30,0.00000000,,,,False,Insufficient coverage,,,,,,
Gentebra,ask,2024-07-01,0,31,0.00000000,,,,False,Insufficient coverage,,,,,,
Gentebra,bid,2024-07-01,0,31,0.00000000,,,,False,Insufficient coverage,,,,,,
Gentebra,ask,2024-08-01,0,31,0.00000000,,,,False,Insufficient coverage,,,,,,
Gentebra,bid,2024-08-01,0,31,0.00000000,,,,False,Insufficient coverage,,,,,,
Gentebra,ask,2024-09-01,0,30,0.00000000,,,,False,Insufficient coverage,,,,,,
Gentebra,bid,2024-09-01,0,30,0.00000000,,,,False,Insufficient coverage,,,,,,
Gentebra,ask,2024-10-01,0,31,0.00000000,,,,False,Insufficient coverage,,,,,,
Gentebra,bid,2024-10-01,0,31,0.00000000,,,,False,Insufficient coverage,,,,,,
Gentebra,ask,2024-11-01,0,30,0.00000000,,,,False,Insufficient coverage,,,,,,
Gentebra,bid,2024-11-01,0,30,0.00000000,,,,False,Insufficient coverage,,,,,,
Gentebra,ask,2024-12-01,0,31,0.00000000,,,,False,Insufficient coverage,,,,,,
Gentebra,bid,2024-12-01,0,31,0.00000000,,,,False,Insufficient coverage,,,,,,
Gentebra,ask,2025-01-01,1,31,3.22580645,2025-01-29,2025-01-29,42990.00000000,False,Insufficient coverage,,,,,,
Gentebra,bid,2025-01-01,1,31,3.22580645,2025-01-29,2025-01-29,41626.00000000,False,Insufficient coverage,,,,,,
Gentebra,ask,2025-02-01,8,28,28.57142857,2025-02-01,2025-02-27,43269.50000000,False,Insufficient coverage,,,,0.65015120,,
Gentebra,bid,2025-02-01,8,28,28.57142857,2025-02-01,2025-02-27,42000.00000000,False,Insufficient coverage,,,,0.89847691,,
Gentebra,ask,2025-03-01,9,31,29.03225806,2025-03-02,2025-03-29,41940.00000000,False,Insufficient coverage,,,,-3.07260310,,
Gentebra,bid,2025-03-01,9,31,29.03225806,2025-03-02,2025-03-29,41162.00000000,False,Insufficient coverage,,,,-1.99523810,,
Gentebra,ask,2025-04-01,8,30,26.66666667,2025-04-04,2025-04-28,41832.00000000,False,Insufficient coverage,,,,-0.25751073,,
Gentebra,bid,2025-04-01,8,30,26.66666667,2025-04-04,2025-04-28,40556.00000000,False,Insufficient coverage,,,,-1.47223167,,
Gentebra,ask,2025-05-01,11,31,35.48387097,2025-05-01,2025-05-31,40886.00000000,False,Insufficient coverage,,,,-2.26142666,,
Gentebra,bid,2025-05-01,11,31,35.48387097,2025-05-01,2025-05-31,39782.00000000,False,Insufficient coverage,,,,-1.90847224,,
Gentebra,ask,2025-06-01,8,30,26.66666667,2025-06-03,2025-06-30,40299.00000000,False,Insufficient coverage,,,,-1.43569926,,
Gentebra,bid,2025-06-01,8,30,26.66666667,2025-06-03,2025-06-30,39639.00000000,False,Insufficient coverage,,,,-0.35945905,,
Gentebra,ask,2025-07-01,9,31,29.03225806,2025-07-03,2025-07-27,40486.00000000,False,Insufficient coverage,,,,0.46403137,,
Gentebra,bid,2025-07-01,9,31,29.03225806,2025-07-03,2025-07-27,39406.00000000,False,Insufficient coverage,,,,-0.58780494,,
Gentebra,ask,2025-08-01,9,31,29.03225806,2025-08-02,2025-08-30,40999.00000000,False,Insufficient coverage,,,,1.26710468,,
Gentebra,bid,2025-08-01,9,31,29.03225806,2025-08-02,2025-08-30,39940.00000000,False,Insufficient coverage,,,,1.35512359,,
Gentebra,ask,2025-09-01,8,30,26.66666667,2025-09-02,2025-09-27,42396.50000000,False,Insufficient coverage,,,,3.40861972,,
Gentebra,bid,2025-09-01,8,30,26.66666667,2025-09-02,2025-09-27,41081.00000000,False,Insufficient coverage,,,,2.85678518,,
Gentebra,ask,2025-10-01,7,31,22.58064516,2025-10-05,2025-10-29,44209.00000000,False,Insufficient coverage,,,,4.27511705,,
Gentebra,bid,2025-10-01,7,31,22.58064516,2025-10-05,2025-10-29,42965.00000000,False,Insufficient coverage,,,,4.58606168,,
Gentebra,ask,2025-11-01,7,30,23.33333333,2025-11-02,2025-11-30,45400.00000000,False,Insufficient coverage,,,,2.69402158,,
Gentebra,bid,2025-11-01,7,30,23.33333333,2025-11-02,2025-11-30,44006.00000000,False,Insufficient coverage,,,,2.42290236,,
Gentebra,ask,2025-12-01,6,31,19.35483871,2025-12-07,2025-12-28,44742.00000000,False,Insufficient coverage,,,,-1.44933921,,
Gentebra,bid,2025-12-01,6,31,19.35483871,2025-12-07,2025-12-28,43357.50000000,False,Insufficient coverage,,,,-1.47366268,,
Gentebra,ask,2026-01-01,6,31,19.35483871,2026-01-08,2026-01-28,42147.00000000,False,Insufficient coverage,,,,-5.79991954,-1.96092114,
Gentebra,bid,2026-01-01,6,31,19.35483871,2026-01-08,2026-01-28,41261.50000000,False,Insufficient coverage,,,,-4.83422707,-0.87565464,
Gentebra,ask,2026-02-01,7,28,25.00000000,2026-02-01,2026-02-25,42485.00000000,False,Insufficient coverage,,,,0.80195506,-1.81305539,0.14786576
Gentebra,bid,2026-02-01,7,28,25.00000000,2026-02-01,2026-02-25,41228.00000000,False,Insufficient coverage,,,,-0.08118949,-1.83809524,-0.96244060
Gentebra,ask,2026-03-01,8,31,25.80645161,2026-03-05,2026-03-29,41708.00000000,False,Insufficient coverage,,,,-1.82888078,-0.55317120,1.25988419
Gentebra,bid,2026-03-01,8,31,25.80645161,2026-03-05,2026-03-29,40729.50000000,False,Insufficient coverage,,,,-1.20912972,-1.05072640,0.78736884
Gentebra,ask,2026-04-01,9,30,30.00000000,2026-04-01,2026-04-28,42107.00000000,False,Insufficient coverage,,,,0.95665100,0.65739147,1.21056267
Gentebra,bid,2026-04-01,9,30,30.00000000,2026-04-01,2026-04-28,41021.00000000,False,Insufficient coverage,,,,0.71569747,1.14656278,2.19728918
Gentebra,ask,2026-05-01,11,31,35.48387097,2026-05-01,2026-05-29,41641.00000000,False,Insufficient coverage,,,,-1.10670435,1.84659786,1.18920639
Gentebra,bid,2026-05-01,11,31,35.48387097,2026-05-01,2026-05-29,40732.00000000,False,Insufficient coverage,,,,-0.70451720,2.38801468,1.24145190
Gentebra,ask,2026-06-01,8,30,26.66666667,2026-06-01,2026-06-28,42562.00000000,False,Insufficient coverage,,,,2.21176245,5.61552396,3.76892610
Gentebra,bid,2026-06-01,8,30,26.66666667,2026-06-01,2026-06-28,40906.50000000,False,Insufficient coverage,,,,0.42841010,3.19760842,0.80959374
Gentebra,ask,2026-07-01,8,31,25.80645161,2026-07-02,2026-07-30,43047.00000000,False,Insufficient coverage,,,,1.13951412,6.32564343,0.71011947
Gentebra,bid,2026-07-01,8,31,25.80645161,2026-07-02,2026-07-30,42328.00000000,False,Insufficient coverage,,,,3.47499786,7.41511445,4.21750603
Gentebra,ask,2026-08-01,7,31,22.58064516,2026-08-07,2026-08-31,44939.00000000,False,Insufficient coverage,,,,4.39519595,9.60999049,3.28434706
Gentebra,bid,2026-08-01,7,31,22.58064516,2026-08-07,2026-08-31,43836.00000000,False,Insufficient coverage,,,,3.56265356,9.75463195,2.33951750
Gentebra,ask,2026-09-01,9,30,30.00000000,2026-09-04,2026-09-28,46930.00000000,False,Partial month,,,,,,
Gentebra,bid,2026-09-01,9,30,30.00000000,2026-09-04,2026-09-28,44950.00000000,False,Partial month,,,,,,
Honbra,ask,2023-01-01,0,31,0.00000000,,,,False,Insufficient coverage,,,,,,
Honbra,bid,2023-01-01,0,31,0.00000000,,,,False,Insufficient coverage,,,,,,
Honbra,ask,2023-02-01,0,28,0.00000000,,,,False,Insufficient coverage,,,,,,
Honbra,bid,2023-02-01,0,28,0.00000000,,,,False,Insufficient coverage,,,,,,
Honbra,ask,2023-03-01,0,31,0.00000000,,,,False,Insufficient coverage,,,,,,
Honbra,bid,2023-03-01,0,31,0.00000000,,,,False,Insufficient coverage,,,,,,
Honbra,ask,2023-04-01,0,30,0.00000000,,,,False,Insufficient coverage,,,,,,
Honbra,bid,2023-04-01,0,30,0.00000000,,,,False,Insufficient coverage,,,,,,
Honbra,ask,2023-05-01,0,31,0.00000000,,,,False,Insufficient coverage,,,,,,
Honbra,bid,2023-05-01,0,31,0.00000000,,,,False,Insufficient coverage,,,,,,
Honbra,ask,2023-06-01,0,30,0.00000000,,,,False,Insufficient coverage,,,,,,
Honbra,bid,2023-06-01,0,30,0.00000000,,,,False,Insufficient coverage,,,,,,
Honbra,ask,2023-07-01,0,31,0.00000000,,,,False,Insufficient coverage,,,,,,
Honbra,bid,2023-07-01,0,31,0.00000000,,,,False,Insufficient coverage,,,,,,
Honbra,ask,2023-08-01,0,31,0.00000000,,,,False,Insufficient coverage,,,,,,
Honbra,bid,2023-08-01,0,31,0.00000000,,,,False,Insufficient coverage,,,,,,
Honbra,ask,2023-09-01,0,30,0.00000000,,,,False,Insufficient coverage,,,,,,
Honbra,bid,2023-09-01,0,30,0.00000000,,,,False,Insufficient coverage,,,,,,
Honbra,ask,2023-10-01,0,31,0.00000000,,,,False,Insufficient coverage,,,,,,
Honbra,bid,2023-10-01,0,31,0.00000000,,,,False,Insufficient coverage,,,,,,
Honbra,ask,2023-11-01,0,30,0.00000000,,,,False,Insufficient coverage,,,,,,
Honbra,bid,2023-11-01,0,30,0.00000000,,,,False,Insufficient coverage,,,,,,
Honbra,ask,2023-12-01,0,31,0.00000000,,,,False,Insufficient coverage,,,,,,
Honbra,bid,2023-12-01,0,31,0.00000000,,,,False,Insufficient coverage,,,,,,
Honbra,ask,2024-01-01,0,31,0.00000000,,,,False,Insufficient coverage,,,,,,
Honbra,bid,2024-01-01,0,31,0.00000000,,,,False,Insufficient coverage,,,,,,
Honbra,ask,2024-02-01,0,29,0.00000000,,,,False,Insufficient coverage,,,,,,
Honbra,bid,2024-02-01,0,29,0.00000000,,,,False,Insufficient coverage,,,,,,
Honbra,ask,2024-03-01,0,31,0.00000000,,,,False,Insufficient coverage,,,,,,
Honbra,bid,2024-03-01,0,31,0.00000000,,,,False,Insufficient coverage,,,,,,
Honbra,ask,2024-04-01,0,30,0.00000000,,,,False,Insufficient coverage,,,,,,
Honbra,bid,2024-04-01,0,30,0.00000000,,,,False,Insufficient coverage,,,,,,
Honbra,ask,2024-05-01,0,31,0.00000000,,,,False,Insufficient coverage,,,,,,
Honbra,bid,2024-05-01,0,31,0.00000000,,,,False,Insufficient coverage,,,,,,
Honbra,ask,2024-06-01,0,30,0.00000000,,,,False,Insufficient coverage,,,,,,
Honbra,bid,2024-06-01,0,30,0.00000000,,,,False,Insufficient coverage,,,,,,
Honbra,ask,2024-07-01,0,31,0.00000000,,,,False,Insufficient coverage,,,,,,
Honbra,bid,2024-07-01,0,31,0.00000000,,,,False,Insufficient coverage,,,,,,
Honbra,ask,2024-08-01,0,31,0.00000000,,,,False,Insufficient coverage,,,,,,
Honbra,bid,2024-08-01,0,31,0.00000000,,,,False,Insufficient coverage,,,,,,
Honbra,ask,2024-09-01,0,30,0.00000000,,,,False,Insufficient coverage,,,,,,
Honbra,bid,2024-09-01,0,30,0.00000000,,,,False,Insufficient coverage,,,,,,
Honbra,ask,2024-10-01,0,31,0.00000000,,,,False,Insufficient coverage,,,,,,
Honbra,bid,2024-10-01,0,31,0.00000000,,,,False,Insufficient coverage,,,,,,
Honbra,ask,2024-11-01,0,30,0.00000000,,,,False,Insufficient coverage,,,,,,
Honbra,bid,2024-11-01,0,30,0.00000000,,,,False,Insufficient coverage,,,,,,
Honbra,ask,2024-12-01,0,31,0.00000000,,,,False,Insufficient coverage,,,,,,
Honbra,bid,2024-12-01,0,31,0.00000000,,,,False,Insufficient coverage,,,,,,
Honbra,ask,2025-01-01,1,31,3.22580645,2025-01-30,2025-01-30,40064.00000000,False,Insufficient coverage,,,,,,
Honbra,bid,2025-01-01,1,31,3.22580645,2025-01-30,2025-01-30,37617.00000000,False,Insufficient coverage,,,,,,
Honbra,ask,2025-02-01,6,28,21.42857143,2025-02-02,2025-02-26,39589.50000000,False,Insufficient coverage,,,,-1.18435503,,
Honbra,bid,2025-02-01,6,28,21.42857143,2025-02-02,2025-02-26,38371.50000000,False,Insufficient coverage,,,,2.00574208,,
Honbra,ask,2025-03-01,8,31,25.80645161,2025-03-02,2025-03-30,38675.00000000,False,Insufficient coverage,,,,-2.30995592,,
Honbra,bid,2025-03-01,8,31,25.80645161,2025-03-02,2025-03-30,37416.50000000,False,Insufficient coverage,,,,-2.48882634,,
Honbra,ask,2025-04-01,6,30,20.00000000,2025-04-07,2025-04-28,37101.00000000,False,Insufficient coverage,,,,-4.06981254,,
Honbra,bid,2025-04-01,6,30,20.00000000,2025-04-07,2025-04-28,36399.00000000,False,Insufficient coverage,,,,-2.71938851,,
Honbra,ask,2025-05-01,6,31,19.35483871,2025-05-02,2025-05-29,35692.50000000,False,Insufficient coverage,,,,-3.79639363,,
Honbra,bid,2025-05-01,6,31,19.35483871,2025-05-02,2025-05-29,34444.00000000,False,Insufficient coverage,,,,-5.37102668,,
Honbra,ask,2025-06-01,5,30,16.66666667,2025-06-03,2025-06-19,33964.00000000,False,Insufficient coverage,,,,-4.84275408,,
Honbra,bid,2025-06-01,5,30,16.66666667,2025-06-03,2025-06-19,32701.00000000,False,Insufficient coverage,,,,-5.06038788,,
Honbra,ask,2025-07-01,6,31,19.35483871,2025-07-05,2025-07-25,34066.50000000,False,Insufficient coverage,,,,0.30179013,,
Honbra,bid,2025-07-01,6,31,19.35483871,2025-07-05,2025-07-25,32832.50000000,False,Insufficient coverage,,,,0.40212838,,
Honbra,ask,2025-08-01,8,31,25.80645161,2025-08-02,2025-08-30,36792.50000000,False,Insufficient coverage,,,,8.00199610,,
Honbra,bid,2025-08-01,8,31,25.80645161,2025-08-02,2025-08-30,35741.00000000,False,Insufficient coverage,,,,8.85860047,,
Honbra,ask,2025-09-01,6,30,20.00000000,2025-09-03,2025-09-27,38182.00000000,False,Insufficient coverage,,,,3.77658490,,
Honbra,bid,2025-09-01,6,30,20.00000000,2025-09-03,2025-09-27,36521.50000000,False,Insufficient coverage,,,,2.18376654,,
Honbra,ask,2025-10-01,7,31,22.58064516,2025-10-01,2025-10-29,41470.00000000,False,Insufficient coverage,,,,8.61138756,,
Honbra,bid,2025-10-01,7,31,22.58064516,2025-10-01,2025-10-29,40006.00000000,False,Insufficient coverage,,,,9.54095533,,
Honbra,ask,2025-11-01,10,30,33.33333333,2025-11-01,2025-11-28,40995.00000000,False,Insufficient coverage,,,,-1.14540632,,
Honbra,bid,2025-11-01,10,30,33.33333333,2025-11-01,2025-11-28,39920.50000000,False,Insufficient coverage,,,,-0.21371794,,
Honbra,ask,2025-12-01,9,31,29.03225806,2025-12-01,2025-12-27,40396.00000000,False,Insufficient coverage,,,,-1.46115380,,
Honbra,bid,2025-12-01,9,31,29.03225806,2025-12-01,2025-12-27,39951.00000000,False,Insufficient coverage,,,,0.07640185,,
Honbra,ask,2026-01-01,9,31,29.03225806,2026-01-07,2026-01-31,38686.00000000,False,Insufficient coverage,,,,-4.23309239,-3.43949681,
Honbra,bid,2026-01-01,9,31,29.03225806,2026-01-07,2026-01-31,37701.00000000,False,Insufficient coverage,,,,-5.63189908,0.22330329,
Honbra,ask,2026-02-01,8,28,28.57142857,2026-02-03,2026-02-24,39233.00000000,False,Insufficient coverage,,,,1.41394820,-0.90049129,2.53900551
Honbra,bid,2026-02-01,8,28,28.57142857,2026-02-03,2026-02-24,38115.00000000,False,Insufficient coverage,,,,1.09811411,-0.66846488,-0.89176817
Honbra,ask,2026-03-01,9,31,29.03225806,2026-03-02,2026-03-29,38428.00000000,False,Insufficient coverage,,,,-2.05184411,-0.63865546,0.26183583
Honbra,bid,2026-03-01,9,31,29.03225806,2026-03-02,2026-03-29,37010.00000000,False,Insufficient coverage,,,,-2.89912108,-1.08641909,-0.41795422
Honbra,ask,2026-04-01,10,30,33.33333333,2026-04-01,2026-04-28,37988.00000000,False,Insufficient coverage,,,,-1.14499844,2.39077114,3.02942660
Honbra,bid,2026-04-01,10,30,33.33333333,2026-04-01,2026-04-28,36906.00000000,False,Insufficient coverage,,,,-0.28100513,1.39289541,2.47931450
Honbra,ask,2026-05-01,11,31,35.48387097,2026-05-01,2026-05-31,37699.00000000,False,Insufficient coverage,,,,-0.76076656,5.62162919,3.23085806
Honbra,bid,2026-05-01,11,31,35.48387097,2026-05-01,2026-05-31,36559.00000000,False,Insufficient coverage,,,,-0.94022652,6.14040181,4.74750640
Honbra,ask,2026-06-01,8,30,26.66666667,2026-06-03,2026-06-28,37590.50000000,False,Insufficient coverage,,,,-0.28780604,10.67748204,5.05585285
Honbra,bid,2026-06-01,8,30,26.66666667,2026-06-03,2026-06-28,36076.50000000,False,Insufficient coverage,,,,-1.31978446,10.32231430,4.18191249
Honbra,ask,2026-07-01,10,31,32.25806452,2026-07-01,2026-07-28,38881.00000000,False,Insufficient coverage,,,,3.43304824,14.13265231,3.45517027
Honbra,bid,2026-07-01,10,31,32.25806452,2026-07-01,2026-07-28,37468.50000000,False,Insufficient coverage,,,,3.85846742,14.12015533,3.79784103
Honbra,ask,2026-08-01,9,31,29.03225806,2026-08-06,2026-08-30,41495.00000000,False,Insufficient coverage,,,,6.72307811,12.78113746,-1.35151485
Honbra,bid,2026-08-01,9,31,29.03225806,2026-08-06,2026-08-30,40400.00000000,False,Insufficient coverage,,,,7.82390541,13.03544948,-1.08470585
Honbra,ask,2026-09-01,6,30,20.00000000,2026-09-02,2026-09-28,43016.00000000,False,Partial month,,,,,,
Honbra,bid,2026-09-01,6,30,20.00000000,2026-09-02,2026-09-28,42011.00000000,False,Partial month,,,,,,
Inabra,ask,2023-01-01,0,31,0.00000000,,,,False,Insufficient coverage,,,,,,
Inabra,bid,2023-01-01,0,31,0.00000000,,,,False,Insufficient coverage,,,,,,
Inabra,ask,2023-02-01,0,28,0.00000000,,,,False,Insufficient coverage,,,,,,
Inabra,bid,2023-02-01,0,28,0.00000000,,,,False,Insufficient coverage,,,,,,
Inabra,ask,2023-03-01,0,31,0.00000000,,,,False,Insufficient coverage,,,,,,
Inabra,bid,2023-03-01,0,31,0.00000000,,,,False,Insufficient coverage,,,,,,
Inabra,ask,2023-04-01,0,30,0.00000000,,,,False,Insufficient coverage,,,,,,
Inabra,bid,2023-04-01,0,30,0.00000000,,,,False,Insufficient coverage,,,,,,
Inabra,ask,2023-05-01,0,31,0.00000000,,,,False,Insufficient coverage,,,,,,
Inabra,bid,2023-05-01,0,31,0.00000000,,,,False,Insufficient coverage,,,,,,
Inabra,ask,2023-06-01,0,30,0.00000000,,,,False,Insufficient coverage,,,,,,
Inabra,bid,2023-06-01,0,30,0.00000000,,,,False,Insufficient coverage,,,,,,
Inabra,ask,2023-07-01,0,31,0.00000000,,,,False,Insufficient coverage,,,,,,
Inabra,bid,2023-07-01,0,31,0.00000000,,,,False,Insufficient coverage,,,,,,
Inabra,ask,2023-08-01,0,31,0.00000000,,,,False,Insufficient coverage,,,,,,
Inabra,bid,2023-08-01,0,31,0.00000000,,,,False,Insufficient coverage,,,,,,
Inabra,ask,2023-09-01,0,30,0.00000000,,,,False,Insufficient coverage,,,,,,
Inabra,bid,2023-09-01,0,30,0.00000000,,,,False,Insufficient coverage,,,,,,
Inabra,ask,2023-10-01,0,31,0.00000000,,,,False,Insufficient coverage,,,,,,
Inabra,bid,2023-10-01,0,31,0.00000000,,,,False,Insufficient coverage,,,,,,
Inabra,ask,2023-11-01,0,30,0.00000000,,,,False,Insufficient coverage,,,,,,
Inabra,bid,2023-11-01,0,30,0.00000000,,,,False,Insufficient coverage,,,,,,
Inabra,ask,2023-12-01,0,31,0.00000000,,,,False,Insufficient coverage,,,,,,
Inabra,bid,2023-12-01,0,31,0.00000000,,,,False,Insufficient coverage,,,,,,
Inabra,ask,2024-01-01,0,31,0.00000000,,,,False,Insufficient coverage,,,,,,
Inabra,bid,2024-01-01,0,31,0.00000000,,,,False,Insufficient coverage,,,,,,
Inabra,ask,2024-02-01,0,29,0.00000000,,,,False,Insufficient coverage,,,,,,
Inabra,bid,2024-02-01,0,29,0.00000000,,,,False,Insufficient coverage,,,,,,
Inabra,ask,2024-03-01,9,31,29.03225806,2024-03-09,2024-03-31,34498.00000000,False,Insufficient coverage,,,,,,
Inabra,bid,2024-03-01,9,31,29.03225806,2024-03-09,2024-03-31,34002.00000000,False,Insufficient coverage,,,,,,
Inabra,ask,2024-04-01,12,30,40.00000000,2024-04-02,2024-04-30,34439.50000000,False,Insufficient coverage,,,,-0.16957505,,
Inabra,bid,2024-04-01,12,30,40.00000000,2024-04-02,2024-04-30,34041.00000000,False,Insufficient coverage,,,,0.11469914,,
Inabra,ask,2024-05-01,10,31,32.25806452,2024-05-03,2024-05-30,33921.00000000,False,Insufficient coverage,,,,-1.50553870,,
Inabra,bid,2024-05-01,10,31,32.25806452,2024-05-03,2024-05-30,33409.00000000,False,Insufficient coverage,,,,-1.85658471,,
Inabra,ask,2024-06-01,10,30,33.33333333,2024-06-02,2024-06-29,30822.00000000,False,Insufficient coverage,,,,-9.13593349,,
Inabra,bid,2024-06-01,10,30,33.33333333,2024-06-02,2024-06-29,29576.50000000,False,Insufficient coverage,,,,-11.47145979,,
Inabra,ask,2024-07-01,9,31,29.03225806,2024-07-02,2024-07-29,30485.00000000,False,Insufficient coverage,,,,-1.09337486,,
Inabra,bid,2024-07-01,9,31,29.03225806,2024-07-02,2024-07-29,29369.00000000,False,Insufficient coverage,,,,-0.70157050,,
Inabra,ask,2024-08-01,8,31,25.80645161,2024-08-01,2024-08-25,32935.50000000,False,Insufficient coverage,,,,8.03837953,,
Inabra,bid,2024-08-01,8,31,25.80645161,2024-08-01,2024-08-25,31964.50000000,False,Insufficient coverage,,,,8.83754980,,
Inabra,ask,2024-09-01,6,30,20.00000000,2024-09-02,2024-09-26,35466.50000000,False,Insufficient coverage,,,,7.68471710,,
Inabra,bid,2024-09-01,6,30,20.00000000,2024-09-02,2024-09-26,34631.50000000,False,Insufficient coverage,,,,8.34363122,,
Inabra,ask,2024-10-01,7,31,22.58064516,2024-10-08,2024-10-29,40848.00000000,False,Insufficient coverage,,,,15.17347356,,
Inabra,bid,2024-10-01,7,31,22.58064516,2024-10-08,2024-10-29,39792.00000000,False,Insufficient coverage,,,,14.90117379,,
Inabra,ask,2024-11-01,8,30,26.66666667,2024-11-01,2024-11-28,40264.00000000,False,Insufficient coverage,,,,-1.42969056,,
Inabra,bid,2024-11-01,8,30,26.66666667,2024-11-01,2024-11-28,39442.50000000,False,Insufficient coverage,,,,-0.87831725,,
Inabra,ask,2024-12-01,1,31,3.22580645,2024-12-10,2024-12-10,40321.00000000,False,Insufficient coverage,,,,0.14156567,,
Inabra,bid,2024-12-01,1,31,3.22580645,2024-12-10,2024-12-10,39480.00000000,False,Insufficient coverage,,,,0.09507511,,
Inabra,ask,2025-01-01,1,31,3.22580645,2025-01-28,2025-01-28,39985.00000000,False,Insufficient coverage,,,,-0.83331267,,
Inabra,bid,2025-01-01,1,31,3.22580645,2025-01-28,2025-01-28,38801.00000000,False,Insufficient coverage,,,,-1.71985816,,
Inabra,ask,2025-02-01,5,28,17.85714286,2025-02-01,2025-02-27,39576.00000000,False,Insufficient coverage,,,,-1.02288358,,
Inabra,bid,2025-02-01,5,28,17.85714286,2025-02-01,2025-02-27,38858.00000000,False,Insufficient coverage,,,,0.14690343,,
Inabra,ask,2025-03-01,8,31,25.80645161,2025-03-03,2025-03-31,38716.00000000,False,Insufficient coverage,,,,-2.17303416,12.22679576,
Inabra,bid,2025-03-01,8,31,25.80645161,2025-03-03,2025-03-31,37442.50000000,False,Insufficient coverage,,,,-3.64275053,10.11852244,
Inabra,ask,2025-04-01,6,30,20.00000000,2025-04-04,2025-04-28,37561.00000000,False,Insufficient coverage,,,,-2.98326273,9.06372044,-3.16307532
Inabra,bid,2025-04-01,6,30,20.00000000,2025-04-04,2025-04-28,36251.50000000,False,Insufficient coverage,,,,-3.18087735,6.49364002,-3.62488242
Inabra,ask,2025-05-01,7,31,22.58064516,2025-05-02,2025-05-30,35490.00000000,False,Insufficient coverage,,,,-5.51369772,4.62545326,-4.43826718
Inabra,bid,2025-05-01,7,31,22.58064516,2025-05-02,2025-05-30,34602.00000000,False,Insufficient coverage,,,,-4.55015655,3.57089407,-2.92274595
Inabra,ask,2025-06-01,6,30,20.00000000,2025-06-04,2025-06-28,34416.00000000,False,Insufficient coverage,,,,-3.02620456,11.66050224,7.03504898
Inabra,bid,2025-06-01,6,30,20.00000000,2025-06-04,2025-06-28,33132.50000000,False,Insufficient coverage,,,,-4.24686434,12.02305885,8.45216478
Inabra,ask,2025-07-01,6,31,19.35483871,2025-07-06,2025-07-26,34148.50000000,False,Insufficient coverage,,,,-0.77725477,12.01738560,0.35688336
Inabra,bid,2025-07-01,6,31,19.35483871,2025-07-06,2025-07-26,33183.50000000,False,Insufficient coverage,,,,0.15392741,12.98818482,0.96512597
Inabra,ask,2025-08-01,7,31,22.58064516,2025-08-03,2025-08-28,36441.00000000,False,Insufficient coverage,,,,6.71332562,10.64353054,-1.37385506
Inabra,bid,2025-08-01,7,31,22.58064516,2025-08-03,2025-08-28,35235.00000000,False,Insufficient coverage,,,,6.18228939,10.23166325,-2.75652157
Inabra,ask,2025-09-01,8,30,26.66666667,2025-09-01,2025-09-30,37549.50000000,False,Insufficient coverage,,,,3.04190335,5.87314790,-4.77038264
Inabra,bid,2025-09-01,8,30,26.66666667,2025-09-01,2025-09-30,36332.50000000,False,Insufficient coverage,,,,3.11480062,4.91171332,-5.31994993
Inabra,ask,2025-10-01,21,31,67.74193548,2025-10-06,2025-10-31,41189.00000000,True,Eligible,,,,9.69253918,0.83480219,-5.03834571
Inabra,bid,2025-10-01,21,31,67.74193548,2025-10-06,2025-10-31,39700.00000000,True,Eligible,,,,9.26856121,-0.23120225,-5.14291558
Inabra,ask,2025-11-01,30,30,100.00000000,2025-11-01,2025-11-30,40899.50000000,True,Eligible,-0.70285756,,,-0.70285756,1.57833300,0.74353081
Inabra,bid,2025-11-01,30,30,100.00000000,2025-11-01,2025-11-30,39835.00000000,True,Eligible,0.34005038,,,0.34005038,0.99511948,1.22632173
Inabra,ask,2025-12-01,25,31,80.64516129,2025-12-01,2025-12-30,40551.00000000,True,Eligible,-0.85208866,,,-0.85208866,0.57042236,-1.00791064
Inabra,bid,2025-12-01,25,31,80.64516129,2025-12-01,2025-12-30,39545.00000000,True,Eligible,-0.72800301,,,-0.72800301,0.16464032,-0.83047915
Inabra,ask,2026-01-01,24,31,77.41935484,2026-01-05,2026-01-31,38966.00000000,True,Eligible,-3.90865823,,,-3.90865823,-2.54845567,-3.11887803
Inabra,bid,2026-01-01,24,31,77.41935484,2026-01-05,2026-01-31,38079.00000000,True,Eligible,-3.70716905,,,-3.70716905,-1.86077678,-2.02541711
Inabra,ask,2026-02-01,24,28,85.71428571,2026-02-01,2026-02-26,38938.00000000,True,Eligible,-0.07185752,,,-0.07185752,-1.61208813,0.93636754
Inabra,bid,2026-02-01,24,28,85.71428571,2026-02-01,2026-02-26,38116.00000000,True,Eligible,0.09716642,,,0.09716642,-1.90951670,-0.04873992
Inabra,ask,2026-03-01,18,31,58.06451613,2026-03-02,2026-03-31,38088.50000000,False,Insufficient coverage,,,,-2.18167343,-1.62077694,-0.00868881
Inabra,bid,2026-03-01,18,31,58.06451613,2026-03-02,2026-03-31,37042.00000000,False,Insufficient coverage,,,,-2.81771435,-1.06964011,0.83987659
Inabra,ask,2026-04-01,14,30,46.66666667,2026-04-02,2026-04-30,37985.50000000,False,Insufficient coverage,,,,-0.27042283,1.13016160,2.75093854
Inabra,bid,2026-04-01,14,30,46.66666667,2026-04-02,2026-04-30,37108.50000000,False,Insufficient coverage,,,,0.17952594,2.36404011,3.43368022
Inabra,ask,2026-05-01,14,31,45.16129032,2026-05-02,2026-05-30,37888.50000000,False,Insufficient coverage,,,,-0.25536060,6.75824176,5.62808015
Inabra,bid,2026-05-01,14,31,45.16129032,2026-05-02,2026-05-30,36582.00000000,False,Insufficient coverage,,,,-1.41881240,5.72221259,3.35817248
Inabra,ask,2026-06-01,9,30,30.00000000,2026-06-06,2026-06-29,37697.00000000,False,Insufficient coverage,,,,-0.50543041,9.53335658,2.77511482
Inabra,bid,2026-06-01,9,30,30.00000000,2026-06-06,2026-06-29,36705.00000000,False,Insufficient coverage,,,,0.33623093,10.78246435,5.06025176
Inabra,ask,2026-07-01,10,31,32.25806452,2026-07-02,2026-07-29,39182.50000000,False,Insufficient coverage,,,,3.94063188,14.74149670,5.20814012
Inabra,bid,2026-07-01,10,31,32.25806452,2026-07-02,2026-07-29,37853.50000000,False,Insufficient coverage,,,,3.12900150,14.07325930,3.29079495
Inabra,ask,2026-08-01,10,31,32.25806452,2026-08-01,2026-08-31,42046.50000000,False,Insufficient coverage,,,,7.30938557,15.38239895,0.64090225
Inabra,bid,2026-08-01,10,31,32.25806452,2026-08-01,2026-08-31,40629.50000000,False,Insufficient coverage,,,,7.33353587,15.31006102,1.23680172
Inabra,ask,2026-09-01,5,30,16.66666667,2026-09-01,2026-09-28,44200.00000000,False,Partial month,,,,,,
Inabra,bid,2026-09-01,5,30,16.66666667,2026-09-01,2026-09-28,43200.00000000,False,Partial month,,,,,,
Issobra,ask,2023-01-01,0,31,0.00000000,,,,False,Insufficient coverage,,,,,,
Issobra,bid,2023-01-01,0,31,0.00000000,,,,False,Insufficient coverage,,,,,,
Issobra,ask,2023-02-01,0,28,0.00000000,,,,False,Insufficient coverage,,,,,,
Issobra,bid,2023-02-01,0,28,0.00000000,,,,False,Insufficient coverage,,,,,,
Issobra,ask,2023-03-01,0,31,0.00000000,,,,False,Insufficient coverage,,,,,,
Issobra,bid,2023-03-01,0,31,0.00000000,,,,False,Insufficient coverage,,,,,,
Issobra,ask,2023-04-01,0,30,0.00000000,,,,False,Insufficient coverage,,,,,,
Issobra,bid,2023-04-01,0,30,0.00000000,,,,False,Insufficient coverage,,,,,,
Issobra,ask,2023-05-01,0,31,0.00000000,,,,False,Insufficient coverage,,,,,,
Issobra,bid,2023-05-01,0,31,0.00000000,,,,False,Insufficient coverage,,,,,,
Issobra,ask,2023-06-01,0,30,0.00000000,,,,False,Insufficient coverage,,,,,,
Issobra,bid,2023-06-01,0,30,0.00000000,,,,False,Insufficient coverage,,,,,,
Issobra,ask,2023-07-01,0,31,0.00000000,,,,False,Insufficient coverage,,,,,,
Issobra,bid,2023-07-01,0,31,0.00000000,,,,False,Insufficient coverage,,,,,,
Issobra,ask,2023-08-01,0,31,0.00000000,,,,False,Insufficient coverage,,,,,,
Issobra,bid,2023-08-01,0,31,0.00000000,,,,False,Insufficient coverage,,,,,,
Issobra,ask,2023-09-01,0,30,0.00000000,,,,False,Insufficient coverage,,,,,,
Issobra,bid,2023-09-01,0,30,0.00000000,,,,False,Insufficient coverage,,,,,,
Issobra,ask,2023-10-01,0,31,0.00000000,,,,False,Insufficient coverage,,,,,,
Issobra,bid,2023-10-01,0,31,0.00000000,,,,False,Insufficient coverage,,,,,,
Issobra,ask,2023-11-01,0,30,0.00000000,,,,False,Insufficient coverage,,,,,,
Issobra,bid,2023-11-01,0,30,0.00000000,,,,False,Insufficient coverage,,,,,,
Issobra,ask,2023-12-01,0,31,0.00000000,,,,False,Insufficient coverage,,,,,,
Issobra,bid,2023-12-01,0,31,0.00000000,,,,False,Insufficient coverage,,,,,,
Issobra,ask,2024-01-01,0,31,0.00000000,,,,False,Insufficient coverage,,,,,,
Issobra,bid,2024-01-01,0,31,0.00000000,,,,False,Insufficient coverage,,,,,,
Issobra,ask,2024-02-01,0,29,0.00000000,,,,False,Insufficient coverage,,,,,,
Issobra,bid,2024-02-01,0,29,0.00000000,,,,False,Insufficient coverage,,,,,,
Issobra,ask,2024-03-01,0,31,0.00000000,,,,False,Insufficient coverage,,,,,,
Issobra,bid,2024-03-01,0,31,0.00000000,,,,False,Insufficient coverage,,,,,,
Issobra,ask,2024-04-01,0,30,0.00000000,,,,False,Insufficient coverage,,,,,,
Issobra,bid,2024-04-01,0,30,0.00000000,,,,False,Insufficient coverage,,,,,,
Issobra,ask,2024-05-01,0,31,0.00000000,,,,False,Insufficient coverage,,,,,,
Issobra,bid,2024-05-01,0,31,0.00000000,,,,False,Insufficient coverage,,,,,,
Issobra,ask,2024-06-01,0,30,0.00000000,,,,False,Insufficient coverage,,,,,,
Issobra,bid,2024-06-01,0,30,0.00000000,,,,False,Insufficient coverage,,,,,,
Issobra,ask,2024-07-01,0,31,0.00000000,,,,False,Insufficient coverage,,,,,,
Issobra,bid,2024-07-01,0,31,0.00000000,,,,False,Insufficient coverage,,,,,,
Issobra,ask,2024-08-01,0,31,0.00000000,,,,False,Insufficient coverage,,,,,,
Issobra,bid,2024-08-01,0,31,0.00000000,,,,False,Insufficient coverage,,,,,,
Issobra,ask,2024-09-01,0,30,0.00000000,,,,False,Insufficient coverage,,,,,,
Issobra,bid,2024-09-01,0,30,0.00000000,,,,False,Insufficient coverage,,,,,,
Issobra,ask,2024-10-01,0,31,0.00000000,,,,False,Insufficient coverage,,,,,,
Issobra,bid,2024-10-01,0,31,0.00000000,,,,False,Insufficient coverage,,,,,,
Issobra,ask,2024-11-01,0,30,0.00000000,,,,False,Insufficient coverage,,,,,,
Issobra,bid,2024-11-01,0,30,0.00000000,,,,False,Insufficient coverage,,,,,,
Issobra,ask,2024-12-01,0,31,0.00000000,,,,False,Insufficient coverage,,,,,,
Issobra,bid,2024-12-01,0,31,0.00000000,,,,False,Insufficient coverage,,,,,,
Issobra,ask,2025-01-01,0,31,0.00000000,,,,False,Insufficient coverage,,,,,,
Issobra,bid,2025-01-01,0,31,0.00000000,,,,False,Insufficient coverage,,,,,,
Issobra,ask,2025-02-01,0,28,0.00000000,,,,False,Insufficient coverage,,,,,,
Issobra,bid,2025-02-01,0,28,0.00000000,,,,False,Insufficient coverage,,,,,,
Issobra,ask,2025-03-01,0,31,0.00000000,,,,False,Insufficient coverage,,,,,,
Issobra,bid,2025-03-01,0,31,0.00000000,,,,False,Insufficient coverage,,,,,,
Issobra,ask,2025-04-01,0,30,0.00000000,,,,False,Insufficient coverage,,,,,,
Issobra,bid,2025-04-01,0,30,0.00000000,,,,False,Insufficient coverage,,,,,,
Issobra,ask,2025-05-01,0,31,0.00000000,,,,False,Insufficient coverage,,,,,,
Issobra,bid,2025-05-01,0,31,0.00000000,,,,False,Insufficient coverage,,,,,,
Issobra,ask,2025-06-01,0,30,0.00000000,,,,False,Insufficient coverage,,,,,,
Issobra,bid,2025-06-01,0,30,0.00000000,,,,False,Insufficient coverage,,,,,,
Issobra,ask,2025-07-01,0,31,0.00000000,,,,False,Insufficient coverage,,,,,,
Issobra,bid,2025-07-01,0,31,0.00000000,,,,False,Insufficient coverage,,,,,,
Issobra,ask,2025-08-01,0,31,0.00000000,,,,False,Insufficient coverage,,,,,,
Issobra,bid,2025-08-01,0,31,0.00000000,,,,False,Insufficient coverage,,,,,,
Issobra,ask,2025-09-01,1,30,3.33333333,2025-09-26,2025-09-26,40800.00000000,False,Insufficient coverage,,,,,,
Issobra,bid,2025-09-01,1,30,3.33333333,2025-09-26,2025-09-26,39701.00000000,False,Insufficient coverage,,,,,,
Issobra,ask,2025-10-01,6,31,19.35483871,2025-10-01,2025-10-27,43741.00000000,False,Insufficient coverage,,,,7.20833333,,
Issobra,bid,2025-10-01,6,31,19.35483871,2025-10-01,2025-10-27,41813.00000000,False,Insufficient coverage,,,,5.31976525,,
Issobra,ask,2025-11-01,5,30,16.66666667,2025-11-01,2025-11-26,43329.00000000,False,Insufficient coverage,,,,-0.94190805,,
Issobra,bid,2025-11-01,5,30,16.66666667,2025-11-01,2025-11-26,41517.00000000,False,Insufficient coverage,,,,-0.70791381,,
Issobra,ask,2025-12-01,6,31,19.35483871,2025-12-01,2025-12-28,43244.00000000,False,Insufficient coverage,,,,-0.19617346,,
Issobra,bid,2025-12-01,6,31,19.35483871,2025-12-01,2025-12-28,42020.50000000,False,Insufficient coverage,,,,1.21275622,,
Issobra,ask,2026-01-01,5,31,16.12903226,2026-01-10,2026-01-30,40165.00000000,False,Insufficient coverage,,,,-7.12006290,,
Issobra,bid,2026-01-01,5,31,16.12903226,2026-01-10,2026-01-30,38468.00000000,False,Insufficient coverage,,,,-8.45420688,,
Issobra,ask,2026-02-01,5,28,17.85714286,2026-02-04,2026-02-24,40000.00000000,False,Insufficient coverage,,,,-0.41080543,,
Issobra,bid,2026-02-01,5,28,17.85714286,2026-02-04,2026-02-24,38503.00000000,False,Insufficient coverage,,,,0.09098471,,
Issobra,ask,2026-03-01,4,31,12.90322581,2026-03-06,2026-03-29,38715.00000000,False,Insufficient coverage,,,,-3.21250000,,
Issobra,bid,2026-03-01,4,31,12.90322581,2026-03-06,2026-03-29,37034.50000000,False,Insufficient coverage,,,,-3.81398852,,
Issobra,ask,2026-04-01,5,30,16.66666667,2026-04-04,2026-04-28,38245.00000000,False,Insufficient coverage,,,,-1.21399974,,
Issobra,bid,2026-04-01,5,30,16.66666667,2026-04-04,2026-04-28,37355.00000000,False,Insufficient coverage,,,,0.86540928,,
Issobra,ask,2026-05-01,6,31,19.35483871,2026-05-04,2026-05-29,37984.00000000,False,Insufficient coverage,,,,-0.68244215,,
Issobra,bid,2026-05-01,6,31,19.35483871,2026-05-04,2026-05-29,36914.00000000,False,Insufficient coverage,,,,-1.18056485,,
Issobra,ask,2026-06-01,5,30,16.66666667,2026-06-03,2026-06-27,38695.00000000,False,Insufficient coverage,,,,1.87184078,,
Issobra,bid,2026-06-01,5,30,16.66666667,2026-06-03,2026-06-27,36889.00000000,False,Insufficient coverage,,,,-0.06772498,,
Issobra,ask,2026-07-01,4,31,12.90322581,2026-07-04,2026-07-25,38392.50000000,False,Insufficient coverage,,,,-0.78175475,,
Issobra,bid,2026-07-01,4,31,12.90322581,2026-07-04,2026-07-25,36659.00000000,False,Insufficient coverage,,,,-0.62349210,,
Issobra,ask,2026-08-01,5,31,16.12903226,2026-08-01,2026-08-29,41777.00000000,False,Insufficient coverage,,,,8.81552387,,
Issobra,bid,2026-08-01,5,31,16.12903226,2026-08-01,2026-08-29,40501.00000000,False,Insufficient coverage,,,,10.48037317,,
Issobra,ask,2026-09-01,3,30,10.00000000,2026-09-05,2026-09-28,45500.00000000,False,Partial month,,,,,,
Issobra,bid,2026-09-01,3,30,10.00000000,2026-09-05,2026-09-28,43369.00000000,False,Partial month,,,,,,
Kalanta,ask,2023-01-01,0,31,0.00000000,,,,False,Insufficient coverage,,,,,,
Kalanta,bid,2023-01-01,0,31,0.00000000,,,,False,Insufficient coverage,,,,,,
Kalanta,ask,2023-02-01,0,28,0.00000000,,,,False,Insufficient coverage,,,,,,
Kalanta,bid,2023-02-01,0,28,0.00000000,,,,False,Insufficient coverage,,,,,,
Kalanta,ask,2023-03-01,0,31,0.00000000,,,,False,Insufficient coverage,,,,,,
Kalanta,bid,2023-03-01,0,31,0.00000000,,,,False,Insufficient coverage,,,,,,
Kalanta,ask,2023-04-01,0,30,0.00000000,,,,False,Insufficient coverage,,,,,,
Kalanta,bid,2023-04-01,0,30,0.00000000,,,,False,Insufficient coverage,,,,,,
Kalanta,ask,2023-05-01,0,31,0.00000000,,,,False,Insufficient coverage,,,,,,
Kalanta,bid,2023-05-01,0,31,0.00000000,,,,False,Insufficient coverage,,,,,,
Kalanta,ask,2023-06-01,0,30,0.00000000,,,,False,Insufficient coverage,,,,,,
Kalanta,bid,2023-06-01,0,30,0.00000000,,,,False,Insufficient coverage,,,,,,
Kalanta,ask,2023-07-01,0,31,0.00000000,,,,False,Insufficient coverage,,,,,,
Kalanta,bid,2023-07-01,0,31,0.00000000,,,,False,Insufficient coverage,,,,,,
Kalanta,ask,2023-08-01,0,31,0.00000000,,,,False,Insufficient coverage,,,,,,
Kalanta,bid,2023-08-01,0,31,0.00000000,,,,False,Insufficient coverage,,,,,,
Kalanta,ask,2023-09-01,0,30,0.00000000,,,,False,Insufficient coverage,,,,,,
Kalanta,bid,2023-09-01,0,30,0.00000000,,,,False,Insufficient coverage,,,,,,
Kalanta,ask,2023-10-01,0,31,0.00000000,,,,False,Insufficient coverage,,,,,,
Kalanta,bid,2023-10-01,0,31,0.00000000,,,,False,Insufficient coverage,,,,,,
Kalanta,ask,2023-11-01,0,30,0.00000000,,,,False,Insufficient coverage,,,,,,
Kalanta,bid,2023-11-01,0,30,0.00000000,,,,False,Insufficient coverage,,,,,,
Kalanta,ask,2023-12-01,0,31,0.00000000,,,,False,Insufficient coverage,,,,,,
Kalanta,bid,2023-12-01,0,31,0.00000000,,,,False,Insufficient coverage,,,,,,
Kalanta,ask,2024-01-01,0,31,0.00000000,,,,False,Insufficient coverage,,,,,,
Kalanta,bid,2024-01-01,0,31,0.00000000,,,,False,Insufficient coverage,,,,,,
Kalanta,ask,2024-02-01,0,29,0.00000000,,,,False,Insufficient coverage,,,,,,
Kalanta,bid,2024-02-01,0,29,0.00000000,,,,False,Insufficient coverage,,,,,,
Kalanta,ask,2024-03-01,0,31,0.00000000,,,,False,Insufficient coverage,,,,,,
Kalanta,bid,2024-03-01,0,31,0.00000000,,,,False,Insufficient coverage,,,,,,
Kalanta,ask,2024-04-01,0,30,0.00000000,,,,False,Insufficient coverage,,,,,,
Kalanta,bid,2024-04-01,0,30,0.00000000,,,,False,Insufficient coverage,,,,,,
Kalanta,ask,2024-05-01,0,31,0.00000000,,,,False,Insufficient coverage,,,,,,
Kalanta,bid,2024-05-01,0,31,0.00000000,,,,False,Insufficient coverage,,,,,,
Kalanta,ask,2024-06-01,0,30,0.00000000,,,,False,Insufficient coverage,,,,,,
Kalanta,bid,2024-06-01,0,30,0.00000000,,,,False,Insufficient coverage,,,,,,
Kalanta,ask,2024-07-01,0,31,0.00000000,,,,False,Insufficient coverage,,,,,,
Kalanta,bid,2024-07-01,0,31,0.00000000,,,,False,Insufficient coverage,,,,,,
Kalanta,ask,2024-08-01,0,31,0.00000000,,,,False,Insufficient coverage,,,,,,
Kalanta,bid,2024-08-01,0,31,0.00000000,,,,False,Insufficient coverage,,,,,,
Kalanta,ask,2024-09-01,0,30,0.00000000,,,,False,Insufficient coverage,,,,,,
Kalanta,bid,2024-09-01,0,30,0.00000000,,,,False,Insufficient coverage,,,,,,
Kalanta,ask,2024-10-01,0,31,0.00000000,,,,False,Insufficient coverage,,,,,,
Kalanta,bid,2024-10-01,0,31,0.00000000,,,,False,Insufficient coverage,,,,,,
Kalanta,ask,2024-11-01,0,30,0.00000000,,,,False,Insufficient coverage,,,,,,
Kalanta,bid,2024-11-01,0,30,0.00000000,,,,False,Insufficient coverage,,,,,,
Kalanta,ask,2024-12-01,0,31,0.00000000,,,,False,Insufficient coverage,,,,,,
Kalanta,bid,2024-12-01,0,31,0.00000000,,,,False,Insufficient coverage,,,,,,
Kalanta,ask,2025-01-01,0,31,0.00000000,,,,False,Insufficient coverage,,,,,,
Kalanta,bid,2025-01-01,0,31,0.00000000,,,,False,Insufficient coverage,,,,,,
Kalanta,ask,2025-02-01,0,28,0.00000000,,,,False,Insufficient coverage,,,,,,
Kalanta,bid,2025-02-01,0,28,0.00000000,,,,False,Insufficient coverage,,,,,,
Kalanta,ask,2025-03-01,0,31,0.00000000,,,,False,Insufficient coverage,,,,,,
Kalanta,bid,2025-03-01,0,31,0.00000000,,,,False,Insufficient coverage,,,,,,
Kalanta,ask,2025-04-01,0,30,0.00000000,,,,False,Insufficient coverage,,,,,,
Kalanta,bid,2025-04-01,0,30,0.00000000,,,,False,Insufficient coverage,,,,,,
Kalanta,ask,2025-05-01,0,31,0.00000000,,,,False,Insufficient coverage,,,,,,
Kalanta,bid,2025-05-01,0,31,0.00000000,,,,False,Insufficient coverage,,,,,,
Kalanta,ask,2025-06-01,0,30,0.00000000,,,,False,Insufficient coverage,,,,,,
Kalanta,bid,2025-06-01,0,30,0.00000000,,,,False,Insufficient coverage,,,,,,
Kalanta,ask,2025-07-01,0,31,0.00000000,,,,False,Insufficient coverage,,,,,,
Kalanta,bid,2025-07-01,0,31,0.00000000,,,,False,Insufficient coverage,,,,,,
Kalanta,ask,2025-08-01,0,31,0.00000000,,,,False,Insufficient coverage,,,,,,
Kalanta,bid,2025-08-01,0,31,0.00000000,,,,False,Insufficient coverage,,,,,,
Kalanta,ask,2025-09-01,0,30,0.00000000,,,,False,Insufficient coverage,,,,,,
Kalanta,bid,2025-09-01,0,30,0.00000000,,,,False,Insufficient coverage,,,,,,
Kalanta,ask,2025-10-01,0,31,0.00000000,,,,False,Insufficient coverage,,,,,,
Kalanta,bid,2025-10-01,0,31,0.00000000,,,,False,Insufficient coverage,,,,,,
Kalanta,ask,2025-11-01,2,30,6.66666667,2025-11-20,2025-11-26,40498.00000000,False,Insufficient coverage,,,,,,
Kalanta,bid,2025-11-01,2,30,6.66666667,2025-11-20,2025-11-26,38401.50000000,False,Insufficient coverage,,,,,,
Kalanta,ask,2025-12-01,4,31,12.90322581,2025-12-10,2025-12-28,39963.00000000,False,Insufficient coverage,,,,-1.32105289,,
Kalanta,bid,2025-12-01,4,31,12.90322581,2025-12-10,2025-12-28,37104.50000000,False,Insufficient coverage,,,,-3.37747223,,
Kalanta,ask,2026-01-01,5,31,16.12903226,2026-01-05,2026-01-29,39400.00000000,False,Insufficient coverage,,,,-1.40880314,,
Kalanta,bid,2026-01-01,5,31,16.12903226,2026-01-05,2026-01-29,37000.00000000,False,Insufficient coverage,,,,-0.28163700,,
Kalanta,ask,2026-02-01,3,28,10.71428571,2026-02-04,2026-02-22,37998.00000000,False,Insufficient coverage,,,,-3.55837563,,
Kalanta,bid,2026-02-01,3,28,10.71428571,2026-02-04,2026-02-22,36002.00000000,False,Insufficient coverage,,,,-2.69729730,,
Kalanta,ask,2026-03-01,4,31,12.90322581,2026-03-07,2026-03-28,37599.50000000,False,Insufficient coverage,,,,-1.04873941,,
Kalanta,bid,2026-03-01,4,31,12.90322581,2026-03-07,2026-03-28,35071.50000000,False,Insufficient coverage,,,,-2.58457863,,
Kalanta,ask,2026-04-01,5,30,16.66666667,2026-04-03,2026-04-27,37500.00000000,False,Insufficient coverage,,,,-0.26463118,,
Kalanta,bid,2026-04-01,5,30,16.66666667,2026-04-03,2026-04-27,35111.00000000,False,Insufficient coverage,,,,0.11262706,,
Kalanta,ask,2026-05-01,5,31,16.12903226,2026-05-03,2026-05-27,37795.00000000,False,Insufficient coverage,,,,0.78666667,,
Kalanta,bid,2026-05-01,5,31,16.12903226,2026-05-03,2026-05-27,36101.00000000,False,Insufficient coverage,,,,2.81962918,,
Kalanta,ask,2026-06-01,4,30,13.33333333,2026-06-02,2026-06-30,37475.00000000,False,Insufficient coverage,,,,-0.84667284,,
Kalanta,bid,2026-06-01,4,30,13.33333333,2026-06-02,2026-06-30,36193.50000000,False,Insufficient coverage,,,,0.25622559,,
Kalanta,ask,2026-07-01,4,31,12.90322581,2026-07-07,2026-07-28,37998.00000000,False,Insufficient coverage,,,,1.39559706,,
Kalanta,bid,2026-07-01,4,31,12.90322581,2026-07-07,2026-07-28,36633.50000000,False,Insufficient coverage,,,,1.21568790,,
Kalanta,ask,2026-08-01,3,31,9.67741935,2026-08-11,2026-08-25,40500.00000000,False,Insufficient coverage,,,,6.58455708,,
Kalanta,bid,2026-08-01,3,31,9.67741935,2026-08-11,2026-08-25,39165.00000000,False,Insufficient coverage,,,,6.91034163,,
Kalanta,ask,2026-09-01,3,30,10.00000000,2026-09-01,2026-09-28,44800.00000000,False,Partial month,,,,,,
Kalanta,bid,2026-09-01,3,30,10.00000000,2026-09-01,2026-09-28,42509.00000000,False,Partial month,,,,,,
Kalibra,ask,2023-01-01,0,31,0.00000000,,,,False,Insufficient coverage,,,,,,
Kalibra,bid,2023-01-01,0,31,0.00000000,,,,False,Insufficient coverage,,,,,,
Kalibra,ask,2023-02-01,0,28,0.00000000,,,,False,Insufficient coverage,,,,,,
Kalibra,bid,2023-02-01,0,28,0.00000000,,,,False,Insufficient coverage,,,,,,
Kalibra,ask,2023-03-01,0,31,0.00000000,,,,False,Insufficient coverage,,,,,,
Kalibra,bid,2023-03-01,0,31,0.00000000,,,,False,Insufficient coverage,,,,,,
Kalibra,ask,2023-04-01,0,30,0.00000000,,,,False,Insufficient coverage,,,,,,
Kalibra,bid,2023-04-01,0,30,0.00000000,,,,False,Insufficient coverage,,,,,,
Kalibra,ask,2023-05-01,0,31,0.00000000,,,,False,Insufficient coverage,,,,,,
Kalibra,bid,2023-05-01,0,31,0.00000000,,,,False,Insufficient coverage,,,,,,
Kalibra,ask,2023-06-01,0,30,0.00000000,,,,False,Insufficient coverage,,,,,,
Kalibra,bid,2023-06-01,0,30,0.00000000,,,,False,Insufficient coverage,,,,,,
Kalibra,ask,2023-07-01,0,31,0.00000000,,,,False,Insufficient coverage,,,,,,
Kalibra,bid,2023-07-01,0,31,0.00000000,,,,False,Insufficient coverage,,,,,,
Kalibra,ask,2023-08-01,0,31,0.00000000,,,,False,Insufficient coverage,,,,,,
Kalibra,bid,2023-08-01,0,31,0.00000000,,,,False,Insufficient coverage,,,,,,
Kalibra,ask,2023-09-01,0,30,0.00000000,,,,False,Insufficient coverage,,,,,,
Kalibra,bid,2023-09-01,0,30,0.00000000,,,,False,Insufficient coverage,,,,,,
Kalibra,ask,2023-10-01,0,31,0.00000000,,,,False,Insufficient coverage,,,,,,
Kalibra,bid,2023-10-01,0,31,0.00000000,,,,False,Insufficient coverage,,,,,,
Kalibra,ask,2023-11-01,0,30,0.00000000,,,,False,Insufficient coverage,,,,,,
Kalibra,bid,2023-11-01,0,30,0.00000000,,,,False,Insufficient coverage,,,,,,
Kalibra,ask,2023-12-01,0,31,0.00000000,,,,False,Insufficient coverage,,,,,,
Kalibra,bid,2023-12-01,0,31,0.00000000,,,,False,Insufficient coverage,,,,,,
Kalibra,ask,2024-01-01,0,31,0.00000000,,,,False,Insufficient coverage,,,,,,
Kalibra,bid,2024-01-01,0,31,0.00000000,,,,False,Insufficient coverage,,,,,,
Kalibra,ask,2024-02-01,0,29,0.00000000,,,,False,Insufficient coverage,,,,,,
Kalibra,bid,2024-02-01,0,29,0.00000000,,,,False,Insufficient coverage,,,,,,
Kalibra,ask,2024-03-01,0,31,0.00000000,,,,False,Insufficient coverage,,,,,,
Kalibra,bid,2024-03-01,0,31,0.00000000,,,,False,Insufficient coverage,,,,,,
Kalibra,ask,2024-04-01,0,30,0.00000000,,,,False,Insufficient coverage,,,,,,
Kalibra,bid,2024-04-01,0,30,0.00000000,,,,False,Insufficient coverage,,,,,,
Kalibra,ask,2024-05-01,0,31,0.00000000,,,,False,Insufficient coverage,,,,,,
Kalibra,bid,2024-05-01,0,31,0.00000000,,,,False,Insufficient coverage,,,,,,
Kalibra,ask,2024-06-01,0,30,0.00000000,,,,False,Insufficient coverage,,,,,,
Kalibra,bid,2024-06-01,0,30,0.00000000,,,,False,Insufficient coverage,,,,,,
Kalibra,ask,2024-07-01,0,31,0.00000000,,,,False,Insufficient coverage,,,,,,
Kalibra,bid,2024-07-01,0,31,0.00000000,,,,False,Insufficient coverage,,,,,,
Kalibra,ask,2024-08-01,0,31,0.00000000,,,,False,Insufficient coverage,,,,,,
Kalibra,bid,2024-08-01,0,31,0.00000000,,,,False,Insufficient coverage,,,,,,
Kalibra,ask,2024-09-01,0,30,0.00000000,,,,False,Insufficient coverage,,,,,,
Kalibra,bid,2024-09-01,0,30,0.00000000,,,,False,Insufficient coverage,,,,,,
Kalibra,ask,2024-10-01,0,31,0.00000000,,,,False,Insufficient coverage,,,,,,
Kalibra,bid,2024-10-01,0,31,0.00000000,,,,False,Insufficient coverage,,,,,,
Kalibra,ask,2024-11-01,0,30,0.00000000,,,,False,Insufficient coverage,,,,,,
Kalibra,bid,2024-11-01,0,30,0.00000000,,,,False,Insufficient coverage,,,,,,
Kalibra,ask,2024-12-01,0,31,0.00000000,,,,False,Insufficient coverage,,,,,,
Kalibra,bid,2024-12-01,0,31,0.00000000,,,,False,Insufficient coverage,,,,,,
Kalibra,ask,2025-01-01,0,31,0.00000000,,,,False,Insufficient coverage,,,,,,
Kalibra,bid,2025-01-01,0,31,0.00000000,,,,False,Insufficient coverage,,,,,,
Kalibra,ask,2025-02-01,0,28,0.00000000,,,,False,Insufficient coverage,,,,,,
Kalibra,bid,2025-02-01,0,28,0.00000000,,,,False,Insufficient coverage,,,,,,
Kalibra,ask,2025-03-01,0,31,0.00000000,,,,False,Insufficient coverage,,,,,,
Kalibra,bid,2025-03-01,0,31,0.00000000,,,,False,Insufficient coverage,,,,,,
Kalibra,ask,2025-04-01,0,30,0.00000000,,,,False,Insufficient coverage,,,,,,
Kalibra,bid,2025-04-01,0,30,0.00000000,,,,False,Insufficient coverage,,,,,,
Kalibra,ask,2025-05-01,0,31,0.00000000,,,,False,Insufficient coverage,,,,,,
Kalibra,bid,2025-05-01,0,31,0.00000000,,,,False,Insufficient coverage,,,,,,
Kalibra,ask,2025-06-01,0,30,0.00000000,,,,False,Insufficient coverage,,,,,,
Kalibra,bid,2025-06-01,0,30,0.00000000,,,,False,Insufficient coverage,,,,,,
Kalibra,ask,2025-07-01,0,31,0.00000000,,,,False,Insufficient coverage,,,,,,
Kalibra,bid,2025-07-01,0,31,0.00000000,,,,False,Insufficient coverage,,,,,,
Kalibra,ask,2025-08-01,0,31,0.00000000,,,,False,Insufficient coverage,,,,,,
Kalibra,bid,2025-08-01,0,31,0.00000000,,,,False,Insufficient coverage,,,,,,
Kalibra,ask,2025-09-01,0,30,0.00000000,,,,False,Insufficient coverage,,,,,,
Kalibra,bid,2025-09-01,0,30,0.00000000,,,,False,Insufficient coverage,,,,,,
Kalibra,ask,2025-10-01,7,31,22.58064516,2025-10-02,2025-10-31,44939.00000000,False,Insufficient coverage,,,,,,
Kalibra,bid,2025-10-01,7,31,22.58064516,2025-10-02,2025-10-31,43230.00000000,False,Insufficient coverage,,,,,,
Kalibra,ask,2025-11-01,6,30,20.00000000,2025-11-04,2025-11-28,44942.50000000,False,Insufficient coverage,,,,0.00778834,,
Kalibra,bid,2025-11-01,6,30,20.00000000,2025-11-04,2025-11-28,43903.00000000,False,Insufficient coverage,,,,1.55678927,,
Kalibra,ask,2025-12-01,6,31,19.35483871,2025-12-08,2025-12-28,44591.50000000,False,Insufficient coverage,,,,-0.78099794,,
Kalibra,bid,2025-12-01,6,31,19.35483871,2025-12-08,2025-12-28,43628.50000000,False,Insufficient coverage,,,,-0.62524201,,
Kalibra,ask,2026-01-01,6,31,19.35483871,2026-01-08,2026-01-28,42282.50000000,False,Insufficient coverage,,,,-5.17811691,,
Kalibra,bid,2026-01-01,6,31,19.35483871,2026-01-08,2026-01-28,41105.50000000,False,Insufficient coverage,,,,-5.78291713,,
Kalibra,ask,2026-02-01,7,28,25.00000000,2026-02-01,2026-02-25,42346.00000000,False,Insufficient coverage,,,,0.15018033,,
Kalibra,bid,2026-02-01,7,28,25.00000000,2026-02-01,2026-02-25,41601.00000000,False,Insufficient coverage,,,,1.20543480,,
Kalibra,ask,2026-03-01,10,31,32.25806452,2026-03-05,2026-03-31,41514.50000000,False,Insufficient coverage,,,,-1.96358570,,
Kalibra,bid,2026-03-01,10,31,32.25806452,2026-03-05,2026-03-31,40616.50000000,False,Insufficient coverage,,,,-2.36652965,,
Kalibra,ask,2026-04-01,14,30,46.66666667,2026-04-02,2026-04-30,41774.50000000,False,Insufficient coverage,,,,0.62628720,,
Kalibra,bid,2026-04-01,14,30,46.66666667,2026-04-02,2026-04-30,41010.50000000,False,Insufficient coverage,,,,0.97004912,,
Kalibra,ask,2026-05-01,14,31,45.16129032,2026-05-02,2026-05-30,41377.00000000,False,Insufficient coverage,,,,-0.95153742,,
Kalibra,bid,2026-05-01,14,31,45.16129032,2026-05-02,2026-05-30,40609.50000000,False,Insufficient coverage,,,,-0.97779837,,
Kalibra,ask,2026-06-01,14,30,46.66666667,2026-06-01,2026-06-29,42198.00000000,False,Insufficient coverage,,,,1.98419412,,
Kalibra,bid,2026-06-01,14,30,46.66666667,2026-06-01,2026-06-29,40875.00000000,False,Insufficient coverage,,,,0.65378791,,
Kalibra,ask,2026-07-01,13,31,41.93548387,2026-07-01,2026-07-31,42840.00000000,False,Insufficient coverage,,,,1.52139912,,
Kalibra,bid,2026-07-01,13,31,41.93548387,2026-07-01,2026-07-31,42021.00000000,False,Insufficient coverage,,,,2.80366972,,
Kalibra,ask,2026-08-01,14,31,45.16129032,2026-08-02,2026-08-30,44773.00000000,False,Insufficient coverage,,,,4.51213819,,
Kalibra,bid,2026-08-01,14,31,45.16129032,2026-08-02,2026-08-30,43592.00000000,False,Insufficient coverage,,,,3.73860689,,
Kalibra,ask,2026-09-01,5,30,16.66666667,2026-09-01,2026-09-28,44975.00000000,False,Partial month,,,,,,
Kalibra,bid,2026-09-01,5,30,16.66666667,2026-09-01,2026-09-28,43945.00000000,False,Partial month,,,,,,
Lobera,ask,2023-01-01,0,31,0.00000000,,,,False,Insufficient coverage,,,,,,
Lobera,bid,2023-01-01,0,31,0.00000000,,,,False,Insufficient coverage,,,,,,
Lobera,ask,2023-02-01,0,28,0.00000000,,,,False,Insufficient coverage,,,,,,
Lobera,bid,2023-02-01,0,28,0.00000000,,,,False,Insufficient coverage,,,,,,
Lobera,ask,2023-03-01,0,31,0.00000000,,,,False,Insufficient coverage,,,,,,
Lobera,bid,2023-03-01,0,31,0.00000000,,,,False,Insufficient coverage,,,,,,
Lobera,ask,2023-04-01,0,30,0.00000000,,,,False,Insufficient coverage,,,,,,
Lobera,bid,2023-04-01,0,30,0.00000000,,,,False,Insufficient coverage,,,,,,
Lobera,ask,2023-05-01,0,31,0.00000000,,,,False,Insufficient coverage,,,,,,
Lobera,bid,2023-05-01,0,31,0.00000000,,,,False,Insufficient coverage,,,,,,
Lobera,ask,2023-06-01,0,30,0.00000000,,,,False,Insufficient coverage,,,,,,
Lobera,bid,2023-06-01,0,30,0.00000000,,,,False,Insufficient coverage,,,,,,
Lobera,ask,2023-07-01,0,31,0.00000000,,,,False,Insufficient coverage,,,,,,
Lobera,bid,2023-07-01,0,31,0.00000000,,,,False,Insufficient coverage,,,,,,
Lobera,ask,2023-08-01,0,31,0.00000000,,,,False,Insufficient coverage,,,,,,
Lobera,bid,2023-08-01,0,31,0.00000000,,,,False,Insufficient coverage,,,,,,
Lobera,ask,2023-09-01,0,30,0.00000000,,,,False,Insufficient coverage,,,,,,
Lobera,bid,2023-09-01,0,30,0.00000000,,,,False,Insufficient coverage,,,,,,
Lobera,ask,2023-10-01,0,31,0.00000000,,,,False,Insufficient coverage,,,,,,
Lobera,bid,2023-10-01,0,31,0.00000000,,,,False,Insufficient coverage,,,,,,
Lobera,ask,2023-11-01,0,30,0.00000000,,,,False,Insufficient coverage,,,,,,
Lobera,bid,2023-11-01,0,30,0.00000000,,,,False,Insufficient coverage,,,,,,
Lobera,ask,2023-12-01,0,31,0.00000000,,,,False,Insufficient coverage,,,,,,
Lobera,bid,2023-12-01,0,31,0.00000000,,,,False,Insufficient coverage,,,,,,
Lobera,ask,2024-01-01,0,31,0.00000000,,,,False,Insufficient coverage,,,,,,
Lobera,bid,2024-01-01,0,31,0.00000000,,,,False,Insufficient coverage,,,,,,
Lobera,ask,2024-02-01,0,29,0.00000000,,,,False,Insufficient coverage,,,,,,
Lobera,bid,2024-02-01,0,29,0.00000000,,,,False,Insufficient coverage,,,,,,
Lobera,ask,2024-03-01,11,31,35.48387097,2024-03-09,2024-03-31,33743.00000000,False,Insufficient coverage,,,,,,
Lobera,bid,2024-03-01,11,31,35.48387097,2024-03-09,2024-03-31,32739.00000000,False,Insufficient coverage,,,,,,
Lobera,ask,2024-04-01,13,30,43.33333333,2024-04-02,2024-04-30,33880.00000000,False,Insufficient coverage,,,,0.40601014,,
Lobera,bid,2024-04-01,13,30,43.33333333,2024-04-02,2024-04-30,33032.00000000,False,Insufficient coverage,,,,0.89495708,,
Lobera,ask,2024-05-01,8,31,25.80645161,2024-05-02,2024-05-29,33379.00000000,False,Insufficient coverage,,,,-1.47874852,,
Lobera,bid,2024-05-01,8,31,25.80645161,2024-05-02,2024-05-29,32780.00000000,False,Insufficient coverage,,,,-0.76289659,,
Lobera,ask,2024-06-01,8,30,26.66666667,2024-06-02,2024-06-30,30664.00000000,False,Insufficient coverage,,,,-8.13385662,,
Lobera,bid,2024-06-01,8,30,26.66666667,2024-06-02,2024-06-30,29684.50000000,False,Insufficient coverage,,,,-9.44325808,,
Lobera,ask,2024-07-01,6,31,19.35483871,2024-07-04,2024-07-28,29384.50000000,False,Insufficient coverage,,,,-4.17264545,,
Lobera,bid,2024-07-01,6,31,19.35483871,2024-07-04,2024-07-28,28204.00000000,False,Insufficient coverage,,,,-4.98745136,,
Lobera,ask,2024-08-01,5,31,16.12903226,2024-08-03,2024-08-24,32196.00000000,False,Insufficient coverage,,,,9.56796951,,
Lobera,bid,2024-08-01,5,31,16.12903226,2024-08-03,2024-08-24,31013.00000000,False,Insufficient coverage,,,,9.95958020,,
Lobera,ask,2024-09-01,6,30,20.00000000,2024-09-02,2024-09-30,36148.50000000,False,Insufficient coverage,,,,12.27636974,,
Lobera,bid,2024-09-01,6,30,20.00000000,2024-09-02,2024-09-30,34229.50000000,False,Insufficient coverage,,,,10.37145713,,
Lobera,ask,2024-10-01,6,31,19.35483871,2024-10-08,2024-10-28,39448.50000000,False,Insufficient coverage,,,,9.12900950,,
Lobera,bid,2024-10-01,6,31,19.35483871,2024-10-08,2024-10-28,38279.00000000,False,Insufficient coverage,,,,11.83043866,,
Lobera,ask,2024-11-01,7,30,23.33333333,2024-11-01,2024-11-29,39400.00000000,False,Insufficient coverage,,,,-0.12294511,,
Lobera,bid,2024-11-01,7,30,23.33333333,2024-11-01,2024-11-29,37620.00000000,False,Insufficient coverage,,,,-1.72157057,,
Lobera,ask,2024-12-01,8,31,25.80645161,2024-12-03,2024-12-31,39099.00000000,False,Insufficient coverage,,,,-0.76395939,,
Lobera,bid,2024-12-01,8,31,25.80645161,2024-12-03,2024-12-31,37618.50000000,False,Insufficient coverage,,,,-0.00398724,,
Lobera,ask,2025-01-01,6,31,19.35483871,2025-01-04,2025-01-28,38741.00000000,False,Insufficient coverage,,,,-0.91562444,,
Lobera,bid,2025-01-01,6,31,19.35483871,2025-01-04,2025-01-28,37495.50000000,False,Insufficient coverage,,,,-0.32696678,,
Lobera,ask,2025-02-01,7,28,25.00000000,2025-02-02,2025-02-26,38674.00000000,False,Insufficient coverage,,,,-0.17294339,,
Lobera,bid,2025-02-01,7,28,25.00000000,2025-02-02,2025-02-26,37500.00000000,False,Insufficient coverage,,,,0.01200144,,
Lobera,ask,2025-03-01,8,31,25.80645161,2025-03-02,2025-03-30,37519.00000000,False,Insufficient coverage,,,,-2.98650256,11.19046913,
Lobera,bid,2025-03-01,8,31,25.80645161,2025-03-02,2025-03-30,36447.00000000,False,Insufficient coverage,,,,-2.80800000,11.32594154,
Lobera,ask,2025-04-01,6,30,20.00000000,2025-04-07,2025-04-27,36757.50000000,False,Insufficient coverage,,,,-2.02963832,8.49321133,-2.69725780
Lobera,bid,2025-04-01,6,30,20.00000000,2025-04-07,2025-04-27,35346.00000000,False,Insufficient coverage,,,,-3.02082476,7.00532817,-4.32061337
Lobera,ask,2025-05-01,8,31,25.80645161,2025-05-01,2025-05-29,34832.00000000,False,Insufficient coverage,,,,-5.23838672,4.35303634,-4.14017499
Lobera,bid,2025-05-01,8,31,25.80645161,2025-05-01,2025-05-29,33653.50000000,False,Insufficient coverage,,,,-4.78837775,2.66473459,-4.34059357
Lobera,ask,2025-06-01,6,30,20.00000000,2025-06-02,2025-06-30,33587.00000000,False,Insufficient coverage,,,,-3.57429949,9.53235064,5.17931430
Lobera,bid,2025-06-01,6,30,20.00000000,2025-06-02,2025-06-30,32652.00000000,False,Insufficient coverage,,,,-2.97591632,9.99679968,7.33206508
Lobera,ask,2025-07-01,7,31,22.58064516,2025-07-04,2025-07-28,33496.00000000,False,Insufficient coverage,,,,-0.27093816,13.99207065,4.45972001
Lobera,bid,2025-07-01,7,31,22.58064516,2025-07-04,2025-07-28,32323.00000000,False,Insufficient coverage,,,,-1.00759525,14.60431145,4.60751177
Lobera,ask,2025-08-01,7,31,22.58064516,2025-08-01,2025-08-30,35996.00000000,False,Insufficient coverage,,,,7.46357774,11.80270841,-2.18936224
Lobera,bid,2025-08-01,7,31,22.58064516,2025-08-01,2025-08-30,34560.00000000,False,Insufficient coverage,,,,6.92076849,11.43713926,-3.16717218
Lobera,ask,2025-09-01,6,30,20.00000000,2025-09-03,2025-09-28,36994.50000000,False,Insufficient coverage,,,,2.77391932,2.34034607,-9.46236234
Lobera,bid,2025-09-01,6,30,20.00000000,2025-09-03,2025-09-28,35806.00000000,False,Insufficient coverage,,,,3.60532407,4.60567639,-6.83146287
Lobera,ask,2025-10-01,8,31,25.80645161,2025-10-04,2025-10-29,40884.50000000,False,Insufficient coverage,,,,10.51507657,3.64018911,1.29984303
Lobera,bid,2025-10-01,8,31,25.80645161,2025-10-04,2025-10-29,38919.50000000,False,Insufficient coverage,,,,8.69547003,1.67324120,-2.93243519
Lobera,ask,2025-11-01,10,30,33.33333333,2025-11-01,2025-11-28,40615.00000000,False,Insufficient coverage,,,,-0.65917401,3.08375635,-0.55643276
Lobera,bid,2025-11-01,10,30,33.33333333,2025-11-01,2025-11-28,39465.50000000,False,Insufficient coverage,,,,1.40289572,4.90563530,3.23239410
Lobera,ask,2025-12-01,9,31,29.03225806,2025-12-01,2025-12-28,40100.00000000,False,Insufficient coverage,,,,-1.26800443,2.56016778,-0.52358857
Lobera,bid,2025-12-01,9,31,29.03225806,2025-12-01,2025-12-28,39000.00000000,False,Insufficient coverage,,,,-1.17951122,3.67239523,-1.23324007
Lobera,ask,2026-01-01,10,31,32.25806452,2026-01-05,2026-01-30,38709.00000000,False,Insufficient coverage,,,,-3.46882793,-0.08259983,-2.64276761
Lobera,bid,2026-01-01,10,31,32.25806452,2026-01-05,2026-01-30,37936.00000000,False,Insufficient coverage,,,,-2.72820513,1.17480764,-2.49758759
Lobera,ask,2026-02-01,8,28,28.57142857,2026-02-02,2026-02-26,38432.50000000,False,Insufficient coverage,,,,-0.71430417,-0.62445054,-0.54185071
Lobera,bid,2026-02-01,8,28,28.57142857,2026-02-02,2026-02-26,37611.50000000,False,Insufficient coverage,,,,-0.85538802,0.29733333,-0.87747431
Lobera,ask,2026-03-01,8,31,25.80645161,2026-03-01,2026-03-27,37684.00000000,False,Insufficient coverage,,,,-1.94757042,0.43977718,1.06422771
Lobera,bid,2026-03-01,8,31,25.80645161,2026-03-01,2026-03-27,36277.50000000,False,Insufficient coverage,,,,-3.54678755,-0.46505885,-0.76239219
Lobera,ask,2026-04-01,10,30,33.33333333,2026-04-02,2026-04-29,37825.50000000,False,Insufficient coverage,,,,0.37549092,2.90552948,2.46575230
Lobera,bid,2026-04-01,10,30,33.33333333,2026-04-02,2026-04-29,36642.00000000,False,Insufficient coverage,,,,1.00475501,3.66661008,4.13166894
Lobera,ask,2026-05-01,10,31,32.25806452,2026-05-02,2026-05-30,37054.00000000,False,Insufficient coverage,,,,-2.03962935,6.37919155,3.47366206
Lobera,bid,2026-05-01,10,31,32.25806452,2026-05-02,2026-05-30,36254.50000000,False,Insufficient coverage,,,,-1.05752961,7.72876521,4.06215513
Lobera,ask,2026-06-01,10,30,33.33333333,2026-06-02,2026-06-30,37146.00000000,False,Insufficient coverage,,,,0.24828628,10.59636169,4.21717014
Lobera,bid,2026-06-01,10,30,33.33333333,2026-06-02,2026-06-30,35787.00000000,False,Insufficient coverage,,,,-1.28949510,9.60124954,1.87248433
Lobera,ask,2026-07-01,10,31,32.25806452,2026-07-03,2026-07-30,38758.50000000,False,Insufficient coverage,,,,4.34097884,15.71083114,5.11446946
Lobera,bid,2026-07-01,10,31,32.25806452,2026-07-03,2026-07-30,37490.00000000,False,Insufficient coverage,,,,4.75871126,15.98552115,6.38427161
Lobera,ask,2026-08-01,9,31,29.03225806,2026-08-02,2026-08-29,41276.00000000,False,Insufficient coverage,,,,6.49534941,14.66829648,-1.04253467
Lobera,bid,2026-08-01,9,31,29.03225806,2026-08-02,2026-08-29,39875.00000000,False,Insufficient coverage,,,,6.36169645,15.37905093,-0.60647022
Lobera,ask,2026-09-01,4,30,13.33333333,2026-09-01,2026-09-28,44085.75000000,False,Partial month,,,,,,
Lobera,bid,2026-09-01,4,30,13.33333333,2026-09-01,2026-09-28,41481.75000000,False,Partial month,,,,,,
Luminera,ask,2023-01-01,0,31,0.00000000,,,,False,Insufficient coverage,,,,,,
Luminera,bid,2023-01-01,0,31,0.00000000,,,,False,Insufficient coverage,,,,,,
Luminera,ask,2023-02-01,0,28,0.00000000,,,,False,Insufficient coverage,,,,,,
Luminera,bid,2023-02-01,0,28,0.00000000,,,,False,Insufficient coverage,,,,,,
Luminera,ask,2023-03-01,0,31,0.00000000,,,,False,Insufficient coverage,,,,,,
Luminera,bid,2023-03-01,0,31,0.00000000,,,,False,Insufficient coverage,,,,,,
Luminera,ask,2023-04-01,0,30,0.00000000,,,,False,Insufficient coverage,,,,,,
Luminera,bid,2023-04-01,0,30,0.00000000,,,,False,Insufficient coverage,,,,,,
Luminera,ask,2023-05-01,0,31,0.00000000,,,,False,Insufficient coverage,,,,,,
Luminera,bid,2023-05-01,0,31,0.00000000,,,,False,Insufficient coverage,,,,,,
Luminera,ask,2023-06-01,0,30,0.00000000,,,,False,Insufficient coverage,,,,,,
Luminera,bid,2023-06-01,0,30,0.00000000,,,,False,Insufficient coverage,,,,,,
Luminera,ask,2023-07-01,0,31,0.00000000,,,,False,Insufficient coverage,,,,,,
Luminera,bid,2023-07-01,0,31,0.00000000,,,,False,Insufficient coverage,,,,,,
Luminera,ask,2023-08-01,0,31,0.00000000,,,,False,Insufficient coverage,,,,,,
Luminera,bid,2023-08-01,0,31,0.00000000,,,,False,Insufficient coverage,,,,,,
Luminera,ask,2023-09-01,0,30,0.00000000,,,,False,Insufficient coverage,,,,,,
Luminera,bid,2023-09-01,0,30,0.00000000,,,,False,Insufficient coverage,,,,,,
Luminera,ask,2023-10-01,0,31,0.00000000,,,,False,Insufficient coverage,,,,,,
Luminera,bid,2023-10-01,0,31,0.00000000,,,,False,Insufficient coverage,,,,,,
Luminera,ask,2023-11-01,0,30,0.00000000,,,,False,Insufficient coverage,,,,,,
Luminera,bid,2023-11-01,0,30,0.00000000,,,,False,Insufficient coverage,,,,,,
Luminera,ask,2023-12-01,0,31,0.00000000,,,,False,Insufficient coverage,,,,,,
Luminera,bid,2023-12-01,0,31,0.00000000,,,,False,Insufficient coverage,,,,,,
Luminera,ask,2024-01-01,0,31,0.00000000,,,,False,Insufficient coverage,,,,,,
Luminera,bid,2024-01-01,0,31,0.00000000,,,,False,Insufficient coverage,,,,,,
Luminera,ask,2024-02-01,0,29,0.00000000,,,,False,Insufficient coverage,,,,,,
Luminera,bid,2024-02-01,0,29,0.00000000,,,,False,Insufficient coverage,,,,,,
Luminera,ask,2024-03-01,0,31,0.00000000,,,,False,Insufficient coverage,,,,,,
Luminera,bid,2024-03-01,0,31,0.00000000,,,,False,Insufficient coverage,,,,,,
Luminera,ask,2024-04-01,0,30,0.00000000,,,,False,Insufficient coverage,,,,,,
Luminera,bid,2024-04-01,0,30,0.00000000,,,,False,Insufficient coverage,,,,,,
Luminera,ask,2024-05-01,0,31,0.00000000,,,,False,Insufficient coverage,,,,,,
Luminera,bid,2024-05-01,0,31,0.00000000,,,,False,Insufficient coverage,,,,,,
Luminera,ask,2024-06-01,0,30,0.00000000,,,,False,Insufficient coverage,,,,,,
Luminera,bid,2024-06-01,0,30,0.00000000,,,,False,Insufficient coverage,,,,,,
Luminera,ask,2024-07-01,0,31,0.00000000,,,,False,Insufficient coverage,,,,,,
Luminera,bid,2024-07-01,0,31,0.00000000,,,,False,Insufficient coverage,,,,,,
Luminera,ask,2024-08-01,0,31,0.00000000,,,,False,Insufficient coverage,,,,,,
Luminera,bid,2024-08-01,0,31,0.00000000,,,,False,Insufficient coverage,,,,,,
Luminera,ask,2024-09-01,0,30,0.00000000,,,,False,Insufficient coverage,,,,,,
Luminera,bid,2024-09-01,0,30,0.00000000,,,,False,Insufficient coverage,,,,,,
Luminera,ask,2024-10-01,0,31,0.00000000,,,,False,Insufficient coverage,,,,,,
Luminera,bid,2024-10-01,0,31,0.00000000,,,,False,Insufficient coverage,,,,,,
Luminera,ask,2024-11-01,0,30,0.00000000,,,,False,Insufficient coverage,,,,,,
Luminera,bid,2024-11-01,0,30,0.00000000,,,,False,Insufficient coverage,,,,,,
Luminera,ask,2024-12-01,0,31,0.00000000,,,,False,Insufficient coverage,,,,,,
Luminera,bid,2024-12-01,0,31,0.00000000,,,,False,Insufficient coverage,,,,,,
Luminera,ask,2025-01-01,0,31,0.00000000,,,,False,Insufficient coverage,,,,,,
Luminera,bid,2025-01-01,0,31,0.00000000,,,,False,Insufficient coverage,,,,,,
Luminera,ask,2025-02-01,0,28,0.00000000,,,,False,Insufficient coverage,,,,,,
Luminera,bid,2025-02-01,0,28,0.00000000,,,,False,Insufficient coverage,,,,,,
Luminera,ask,2025-03-01,0,31,0.00000000,,,,False,Insufficient coverage,,,,,,
Luminera,bid,2025-03-01,0,31,0.00000000,,,,False,Insufficient coverage,,,,,,
Luminera,ask,2025-04-01,0,30,0.00000000,,,,False,Insufficient coverage,,,,,,
Luminera,bid,2025-04-01,0,30,0.00000000,,,,False,Insufficient coverage,,,,,,
Luminera,ask,2025-05-01,0,31,0.00000000,,,,False,Insufficient coverage,,,,,,
Luminera,bid,2025-05-01,0,31,0.00000000,,,,False,Insufficient coverage,,,,,,
Luminera,ask,2025-06-01,0,30,0.00000000,,,,False,Insufficient coverage,,,,,,
Luminera,bid,2025-06-01,0,30,0.00000000,,,,False,Insufficient coverage,,,,,,
Luminera,ask,2025-07-01,0,31,0.00000000,,,,False,Insufficient coverage,,,,,,
Luminera,bid,2025-07-01,0,31,0.00000000,,,,False,Insufficient coverage,,,,,,
Luminera,ask,2025-08-01,0,31,0.00000000,,,,False,Insufficient coverage,,,,,,
Luminera,bid,2025-08-01,0,31,0.00000000,,,,False,Insufficient coverage,,,,,,
Luminera,ask,2025-09-01,0,30,0.00000000,,,,False,Insufficient coverage,,,,,,
Luminera,bid,2025-09-01,0,30,0.00000000,,,,False,Insufficient coverage,,,,,,
Luminera,ask,2025-10-01,7,31,22.58064516,2025-10-04,2025-10-31,44500.00000000,False,Insufficient coverage,,,,,,
Luminera,bid,2025-10-01,7,31,22.58064516,2025-10-04,2025-10-31,43335.00000000,False,Insufficient coverage,,,,,,
Luminera,ask,2025-11-01,6,30,20.00000000,2025-11-04,2025-11-28,45185.00000000,False,Insufficient coverage,,,,1.53932584,,
Luminera,bid,2025-11-01,6,30,20.00000000,2025-11-04,2025-11-28,44175.00000000,False,Insufficient coverage,,,,1.93838699,,
Luminera,ask,2025-12-01,6,31,19.35483871,2025-12-08,2025-12-28,43968.50000000,False,Insufficient coverage,,,,-2.69226513,,
Luminera,bid,2025-12-01,6,31,19.35483871,2025-12-08,2025-12-28,42463.00000000,False,Insufficient coverage,,,,-3.87549519,,
Luminera,ask,2026-01-01,6,31,19.35483871,2026-01-04,2026-01-28,42345.00000000,False,Insufficient coverage,,,,-3.69241616,,
Luminera,bid,2026-01-01,6,31,19.35483871,2026-01-04,2026-01-28,41550.00000000,False,Insufficient coverage,,,,-2.15010715,,
Luminera,ask,2026-02-01,7,28,25.00000000,2026-02-01,2026-02-25,42645.00000000,False,Insufficient coverage,,,,0.70846617,,
Luminera,bid,2026-02-01,7,28,25.00000000,2026-02-01,2026-02-25,41592.00000000,False,Insufficient coverage,,,,0.10108303,,
Luminera,ask,2026-03-01,5,31,16.12903226,2026-03-05,2026-03-27,41063.00000000,False,Insufficient coverage,,,,-3.70969633,,
Luminera,bid,2026-03-01,5,31,16.12903226,2026-03-05,2026-03-27,40005.00000000,False,Insufficient coverage,,,,-3.81563762,,
Luminera,ask,2026-04-01,6,30,20.00000000,2026-04-01,2026-04-26,42078.50000000,False,Insufficient coverage,,,,2.47302925,,
Luminera,bid,2026-04-01,6,30,20.00000000,2026-04-01,2026-04-26,40474.00000000,False,Insufficient coverage,,,,1.17235346,,
Luminera,ask,2026-05-01,7,31,22.58064516,2026-05-01,2026-05-31,41655.00000000,False,Insufficient coverage,,,,-1.00645223,,
Luminera,bid,2026-05-01,7,31,22.58064516,2026-05-01,2026-05-31,40766.00000000,False,Insufficient coverage,,,,0.72145081,,
Luminera,ask,2026-06-01,6,30,20.00000000,2026-06-05,2026-06-30,41997.50000000,False,Insufficient coverage,,,,0.82223022,,
Luminera,bid,2026-06-01,6,30,20.00000000,2026-06-05,2026-06-30,40836.00000000,False,Insufficient coverage,,,,0.17171172,,
Luminera,ask,2026-07-01,6,31,19.35483871,2026-07-05,2026-07-30,43252.50000000,False,Insufficient coverage,,,,2.98827311,,
Luminera,bid,2026-07-01,6,31,19.35483871,2026-07-05,2026-07-30,42532.00000000,False,Insufficient coverage,,,,4.15319816,,
Luminera,ask,2026-08-01,4,31,12.90322581,2026-08-09,2026-08-24,44729.00000000,False,Insufficient coverage,,,,3.41367551,,
Luminera,bid,2026-08-01,4,31,12.90322581,2026-08-09,2026-08-24,43464.50000000,False,Insufficient coverage,,,,2.19246685,,
Luminera,ask,2026-09-01,8,30,26.66666667,2026-09-03,2026-09-28,47966.75000000,False,Partial month,,,,,,
Luminera,bid,2026-09-01,8,30,26.66666667,2026-09-03,2026-09-28,45113.50000000,False,Partial month,,,,,,
Luzibra,ask,2023-01-01,0,31,0.00000000,,,,False,Insufficient coverage,,,,,,
Luzibra,bid,2023-01-01,0,31,0.00000000,,,,False,Insufficient coverage,,,,,,
Luzibra,ask,2023-02-01,0,28,0.00000000,,,,False,Insufficient coverage,,,,,,
Luzibra,bid,2023-02-01,0,28,0.00000000,,,,False,Insufficient coverage,,,,,,
Luzibra,ask,2023-03-01,0,31,0.00000000,,,,False,Insufficient coverage,,,,,,
Luzibra,bid,2023-03-01,0,31,0.00000000,,,,False,Insufficient coverage,,,,,,
Luzibra,ask,2023-04-01,0,30,0.00000000,,,,False,Insufficient coverage,,,,,,
Luzibra,bid,2023-04-01,0,30,0.00000000,,,,False,Insufficient coverage,,,,,,
Luzibra,ask,2023-05-01,0,31,0.00000000,,,,False,Insufficient coverage,,,,,,
Luzibra,bid,2023-05-01,0,31,0.00000000,,,,False,Insufficient coverage,,,,,,
Luzibra,ask,2023-06-01,0,30,0.00000000,,,,False,Insufficient coverage,,,,,,
Luzibra,bid,2023-06-01,0,30,0.00000000,,,,False,Insufficient coverage,,,,,,
Luzibra,ask,2023-07-01,0,31,0.00000000,,,,False,Insufficient coverage,,,,,,
Luzibra,bid,2023-07-01,0,31,0.00000000,,,,False,Insufficient coverage,,,,,,
Luzibra,ask,2023-08-01,0,31,0.00000000,,,,False,Insufficient coverage,,,,,,
Luzibra,bid,2023-08-01,0,31,0.00000000,,,,False,Insufficient coverage,,,,,,
Luzibra,ask,2023-09-01,0,30,0.00000000,,,,False,Insufficient coverage,,,,,,
Luzibra,bid,2023-09-01,0,30,0.00000000,,,,False,Insufficient coverage,,,,,,
Luzibra,ask,2023-10-01,0,31,0.00000000,,,,False,Insufficient coverage,,,,,,
Luzibra,bid,2023-10-01,0,31,0.00000000,,,,False,Insufficient coverage,,,,,,
Luzibra,ask,2023-11-01,0,30,0.00000000,,,,False,Insufficient coverage,,,,,,
Luzibra,bid,2023-11-01,0,30,0.00000000,,,,False,Insufficient coverage,,,,,,
Luzibra,ask,2023-12-01,0,31,0.00000000,,,,False,Insufficient coverage,,,,,,
Luzibra,bid,2023-12-01,0,31,0.00000000,,,,False,Insufficient coverage,,,,,,
Luzibra,ask,2024-01-01,0,31,0.00000000,,,,False,Insufficient coverage,,,,,,
Luzibra,bid,2024-01-01,0,31,0.00000000,,,,False,Insufficient coverage,,,,,,
Luzibra,ask,2024-02-01,0,29,0.00000000,,,,False,Insufficient coverage,,,,,,
Luzibra,bid,2024-02-01,0,29,0.00000000,,,,False,Insufficient coverage,,,,,,
Luzibra,ask,2024-03-01,0,31,0.00000000,,,,False,Insufficient coverage,,,,,,
Luzibra,bid,2024-03-01,0,31,0.00000000,,,,False,Insufficient coverage,,,,,,
Luzibra,ask,2024-04-01,0,30,0.00000000,,,,False,Insufficient coverage,,,,,,
Luzibra,bid,2024-04-01,0,30,0.00000000,,,,False,Insufficient coverage,,,,,,
Luzibra,ask,2024-05-01,0,31,0.00000000,,,,False,Insufficient coverage,,,,,,
Luzibra,bid,2024-05-01,0,31,0.00000000,,,,False,Insufficient coverage,,,,,,
Luzibra,ask,2024-06-01,0,30,0.00000000,,,,False,Insufficient coverage,,,,,,
Luzibra,bid,2024-06-01,0,30,0.00000000,,,,False,Insufficient coverage,,,,,,
Luzibra,ask,2024-07-01,0,31,0.00000000,,,,False,Insufficient coverage,,,,,,
Luzibra,bid,2024-07-01,0,31,0.00000000,,,,False,Insufficient coverage,,,,,,
Luzibra,ask,2024-08-01,0,31,0.00000000,,,,False,Insufficient coverage,,,,,,
Luzibra,bid,2024-08-01,0,31,0.00000000,,,,False,Insufficient coverage,,,,,,
Luzibra,ask,2024-09-01,0,30,0.00000000,,,,False,Insufficient coverage,,,,,,
Luzibra,bid,2024-09-01,0,30,0.00000000,,,,False,Insufficient coverage,,,,,,
Luzibra,ask,2024-10-01,0,31,0.00000000,,,,False,Insufficient coverage,,,,,,
Luzibra,bid,2024-10-01,0,31,0.00000000,,,,False,Insufficient coverage,,,,,,
Luzibra,ask,2024-11-01,0,30,0.00000000,,,,False,Insufficient coverage,,,,,,
Luzibra,bid,2024-11-01,0,30,0.00000000,,,,False,Insufficient coverage,,,,,,
Luzibra,ask,2024-12-01,0,31,0.00000000,,,,False,Insufficient coverage,,,,,,
Luzibra,bid,2024-12-01,0,31,0.00000000,,,,False,Insufficient coverage,,,,,,
Luzibra,ask,2025-01-01,0,31,0.00000000,,,,False,Insufficient coverage,,,,,,
Luzibra,bid,2025-01-01,0,31,0.00000000,,,,False,Insufficient coverage,,,,,,
Luzibra,ask,2025-02-01,0,28,0.00000000,,,,False,Insufficient coverage,,,,,,
Luzibra,bid,2025-02-01,0,28,0.00000000,,,,False,Insufficient coverage,,,,,,
Luzibra,ask,2025-03-01,0,31,0.00000000,,,,False,Insufficient coverage,,,,,,
Luzibra,bid,2025-03-01,0,31,0.00000000,,,,False,Insufficient coverage,,,,,,
Luzibra,ask,2025-04-01,0,30,0.00000000,,,,False,Insufficient coverage,,,,,,
Luzibra,bid,2025-04-01,0,30,0.00000000,,,,False,Insufficient coverage,,,,,,
Luzibra,ask,2025-05-01,0,31,0.00000000,,,,False,Insufficient coverage,,,,,,
Luzibra,bid,2025-05-01,0,31,0.00000000,,,,False,Insufficient coverage,,,,,,
Luzibra,ask,2025-06-01,0,30,0.00000000,,,,False,Insufficient coverage,,,,,,
Luzibra,bid,2025-06-01,0,30,0.00000000,,,,False,Insufficient coverage,,,,,,
Luzibra,ask,2025-07-01,0,31,0.00000000,,,,False,Insufficient coverage,,,,,,
Luzibra,bid,2025-07-01,0,31,0.00000000,,,,False,Insufficient coverage,,,,,,
Luzibra,ask,2025-08-01,0,31,0.00000000,,,,False,Insufficient coverage,,,,,,
Luzibra,bid,2025-08-01,0,31,0.00000000,,,,False,Insufficient coverage,,,,,,
Luzibra,ask,2025-09-01,2,30,6.66666667,2025-09-26,2025-09-29,23913.50000000,False,Insufficient coverage,,,,,,
Luzibra,bid,2025-09-01,2,30,6.66666667,2025-09-26,2025-09-29,20799.00000000,False,Insufficient coverage,,,,,,
Luzibra,ask,2025-10-01,5,31,16.12903226,2025-10-04,2025-10-26,27000.00000000,False,Insufficient coverage,,,,12.90693541,,
Luzibra,bid,2025-10-01,5,31,16.12903226,2025-10-04,2025-10-26,24505.00000000,False,Insufficient coverage,,,,17.81816433,,
Luzibra,ask,2025-11-01,5,30,16.66666667,2025-11-02,2025-11-27,23387.00000000,False,Insufficient coverage,,,,-13.38148148,,
Luzibra,bid,2025-11-01,5,30,16.66666667,2025-11-02,2025-11-27,21335.00000000,False,Insufficient coverage,,,,-12.93613548,,
Luzibra,ask,2025-12-01,7,31,22.58064516,2025-12-01,2025-12-28,19788.00000000,False,Insufficient coverage,,,,-15.38889126,,
Luzibra,bid,2025-12-01,7,31,22.58064516,2025-12-01,2025-12-28,17148.00000000,False,Insufficient coverage,,,,-19.62502929,,
Luzibra,ask,2026-01-01,7,31,22.58064516,2026-01-07,2026-01-31,24895.00000000,False,Insufficient coverage,,,,25.80857085,,
Luzibra,bid,2026-01-01,7,31,22.58064516,2026-01-07,2026-01-31,22000.00000000,False,Insufficient coverage,,,,28.29484488,,
Luzibra,ask,2026-02-01,5,28,17.85714286,2026-02-04,2026-02-24,23500.00000000,False,Insufficient coverage,,,,-5.60353485,,
Luzibra,bid,2026-02-01,5,28,17.85714286,2026-02-04,2026-02-24,21827.00000000,False,Insufficient coverage,,,,-0.78636364,,
Luzibra,ask,2026-03-01,3,31,9.67741935,2026-03-05,2026-03-29,20680.00000000,False,Insufficient coverage,,,,-12.00000000,,
Luzibra,bid,2026-03-01,3,31,9.67741935,2026-03-05,2026-03-29,19451.00000000,False,Insufficient coverage,,,,-10.88560040,,
Luzibra,ask,2026-04-01,4,30,13.33333333,2026-04-05,2026-04-26,21998.00000000,False,Insufficient coverage,,,,6.37330754,,
Luzibra,bid,2026-04-01,4,30,13.33333333,2026-04-05,2026-04-26,20200.50000000,False,Insufficient coverage,,,,3.85327233,,
Luzibra,ask,2026-05-01,5,31,16.12903226,2026-05-03,2026-05-31,24883.00000000,False,Insufficient coverage,,,,13.11482862,,
Luzibra,bid,2026-05-01,5,31,16.12903226,2026-05-03,2026-05-31,22860.00000000,False,Insufficient coverage,,,,13.16551571,,
Luzibra,ask,2026-06-01,3,30,10.00000000,2026-06-08,2026-06-24,28200.00000000,False,Insufficient coverage,,,,13.33038621,,
Luzibra,bid,2026-06-01,3,30,10.00000000,2026-06-08,2026-06-24,22719.00000000,False,Insufficient coverage,,,,-0.61679790,,
Luzibra,ask,2026-07-01,4,31,12.90322581,2026-07-02,2026-07-26,38772.50000000,False,Insufficient coverage,,,,37.49113475,,
Luzibra,bid,2026-07-01,4,31,12.90322581,2026-07-02,2026-07-26,37001.00000000,False,Insufficient coverage,,,,62.86368238,,
Luzibra,ask,2026-08-01,4,31,12.90322581,2026-08-03,2026-08-27,42749.50000000,False,Insufficient coverage,,,,10.25726997,,
Luzibra,bid,2026-08-01,4,31,12.90322581,2026-08-03,2026-08-27,40204.50000000,False,Insufficient coverage,,,,8.65787411,,
Luzibra,ask,2026-09-01,7,30,23.33333333,2026-09-21,2026-09-28,43999.00000000,False,Partial month,,,,,,
Luzibra,bid,2026-09-01,7,30,23.33333333,2026-09-21,2026-09-28,42002.00000000,False,Partial month,,,,,,
Nefera,ask,2023-01-01,0,31,0.00000000,,,,False,Insufficient coverage,,,,,,
Nefera,bid,2023-01-01,0,31,0.00000000,,,,False,Insufficient coverage,,,,,,
Nefera,ask,2023-02-01,0,28,0.00000000,,,,False,Insufficient coverage,,,,,,
Nefera,bid,2023-02-01,0,28,0.00000000,,,,False,Insufficient coverage,,,,,,
Nefera,ask,2023-03-01,0,31,0.00000000,,,,False,Insufficient coverage,,,,,,
Nefera,bid,2023-03-01,0,31,0.00000000,,,,False,Insufficient coverage,,,,,,
Nefera,ask,2023-04-01,0,30,0.00000000,,,,False,Insufficient coverage,,,,,,
Nefera,bid,2023-04-01,0,30,0.00000000,,,,False,Insufficient coverage,,,,,,
Nefera,ask,2023-05-01,0,31,0.00000000,,,,False,Insufficient coverage,,,,,,
Nefera,bid,2023-05-01,0,31,0.00000000,,,,False,Insufficient coverage,,,,,,
Nefera,ask,2023-06-01,0,30,0.00000000,,,,False,Insufficient coverage,,,,,,
Nefera,bid,2023-06-01,0,30,0.00000000,,,,False,Insufficient coverage,,,,,,
Nefera,ask,2023-07-01,0,31,0.00000000,,,,False,Insufficient coverage,,,,,,
Nefera,bid,2023-07-01,0,31,0.00000000,,,,False,Insufficient coverage,,,,,,
Nefera,ask,2023-08-01,0,31,0.00000000,,,,False,Insufficient coverage,,,,,,
Nefera,bid,2023-08-01,0,31,0.00000000,,,,False,Insufficient coverage,,,,,,
Nefera,ask,2023-09-01,0,30,0.00000000,,,,False,Insufficient coverage,,,,,,
Nefera,bid,2023-09-01,0,30,0.00000000,,,,False,Insufficient coverage,,,,,,
Nefera,ask,2023-10-01,0,31,0.00000000,,,,False,Insufficient coverage,,,,,,
Nefera,bid,2023-10-01,0,31,0.00000000,,,,False,Insufficient coverage,,,,,,
Nefera,ask,2023-11-01,0,30,0.00000000,,,,False,Insufficient coverage,,,,,,
Nefera,bid,2023-11-01,0,30,0.00000000,,,,False,Insufficient coverage,,,,,,
Nefera,ask,2023-12-01,0,31,0.00000000,,,,False,Insufficient coverage,,,,,,
Nefera,bid,2023-12-01,0,31,0.00000000,,,,False,Insufficient coverage,,,,,,
Nefera,ask,2024-01-01,24,31,77.41935484,2024-01-06,2024-01-31,41595.00000000,True,Eligible,,,,,,
Nefera,bid,2024-01-01,24,31,77.41935484,2024-01-06,2024-01-31,40530.00000000,True,Eligible,,,,,,
Nefera,ask,2024-02-01,28,29,96.55172414,2024-02-01,2024-02-29,41723.00000000,True,Eligible,0.30772929,,,0.30772929,,
Nefera,bid,2024-02-01,28,29,96.55172414,2024-02-01,2024-02-29,40850.00000000,True,Eligible,0.78953861,,,0.78953861,,
Nefera,ask,2024-03-01,28,31,90.32258065,2024-03-01,2024-03-31,40874.50000000,True,Eligible,-2.03365050,,,-2.03365050,,
Nefera,bid,2024-03-01,28,31,90.32258065,2024-03-01,2024-03-31,39601.00000000,True,Eligible,-3.05752754,,,-3.05752754,,
Nefera,ask,2024-04-01,28,30,93.33333333,2024-04-01,2024-04-30,41493.00000000,True,Eligible,1.51316836,,,1.51316836,,
Nefera,bid,2024-04-01,28,30,93.33333333,2024-04-01,2024-04-30,40384.50000000,True,Eligible,1.97848539,,,1.97848539,,
Nefera,ask,2024-05-01,29,31,93.54838710,2024-05-01,2024-05-31,41041.00000000,True,Eligible,-1.08934037,,,-1.08934037,,
Nefera,bid,2024-05-01,29,31,93.54838710,2024-05-01,2024-05-31,40000.00000000,True,Eligible,-0.95209796,,,-0.95209796,,
Nefera,ask,2024-06-01,28,30,93.33333333,2024-06-01,2024-06-30,37985.00000000,True,Eligible,-7.44621232,,,-7.44621232,,
Nefera,bid,2024-06-01,28,30,93.33333333,2024-06-01,2024-06-30,36966.00000000,True,Eligible,-7.58500000,,,-7.58500000,,
Nefera,ask,2024-07-01,15,31,48.38709677,2024-07-01,2024-07-30,37219.00000000,False,Insufficient coverage,,,,-2.01658549,,
Nefera,bid,2024-07-01,15,31,48.38709677,2024-07-01,2024-07-30,35601.00000000,False,Insufficient coverage,,,,-3.69258237,,
Nefera,ask,2024-08-01,10,31,32.25806452,2024-08-01,2024-08-26,39448.00000000,False,Insufficient coverage,,,,5.98887665,,
Nefera,bid,2024-08-01,10,31,32.25806452,2024-08-01,2024-08-26,37221.00000000,False,Insufficient coverage,,,,4.55043398,,
Nefera,ask,2024-09-01,11,30,36.66666667,2024-09-02,2024-09-29,41000.00000000,False,Insufficient coverage,,,,3.93429325,,
Nefera,bid,2024-09-01,11,30,36.66666667,2024-09-02,2024-09-29,39101.00000000,False,Insufficient coverage,,,,5.05091212,,
Nefera,ask,2024-10-01,15,31,48.38709677,2024-10-01,2024-10-31,43333.00000000,False,Insufficient coverage,,,,5.69024390,,
Nefera,bid,2024-10-01,15,31,48.38709677,2024-10-01,2024-10-31,41352.00000000,False,Insufficient coverage,,,,5.75688601,,
Nefera,ask,2024-11-01,14,30,46.66666667,2024-11-02,2024-11-30,42994.50000000,False,Insufficient coverage,,,,-0.78115986,,
Nefera,bid,2024-11-01,14,30,46.66666667,2024-11-02,2024-11-30,41752.50000000,False,Insufficient coverage,,,,0.96851422,,
Nefera,ask,2024-12-01,15,31,48.38709677,2024-12-02,2024-12-30,42900.00000000,False,Insufficient coverage,,,,-0.21979556,,
Nefera,bid,2024-12-01,15,31,48.38709677,2024-12-02,2024-12-30,41666.00000000,False,Insufficient coverage,,,,-0.20717322,,
Nefera,ask,2025-01-01,12,31,38.70967742,2025-01-01,2025-01-27,41998.50000000,False,Insufficient coverage,,,,-2.10139860,0.97006852,
Nefera,bid,2025-01-01,12,31,38.70967742,2025-01-01,2025-01-27,41109.00000000,False,Insufficient coverage,,,,-1.33682139,1.42857143,
Nefera,ask,2025-02-01,7,28,25.00000000,2025-02-03,2025-02-27,42577.00000000,False,Insufficient coverage,,,,1.37743015,2.04683268,1.07676416
Nefera,bid,2025-02-01,7,28,25.00000000,2025-02-03,2025-02-27,41613.00000000,False,Insufficient coverage,,,,1.22600890,1.86780906,0.43923763
Nefera,ask,2025-03-01,7,31,22.58064516,2025-03-03,2025-03-31,41427.00000000,False,Insufficient coverage,,,,-2.70098880,1.35169849,-0.69513419
Nefera,bid,2025-03-01,7,31,22.58064516,2025-03-03,2025-03-31,40411.00000000,False,Insufficient coverage,,,,-2.88852041,2.04540289,0.17759384
Nefera,ask,2025-04-01,7,30,23.33333333,2025-04-04,2025-04-29,40554.00000000,False,Insufficient coverage,,,,-2.10732131,-2.26303232,-3.61473081
Nefera,bid,2025-04-01,7,30,23.33333333,2025-04-04,2025-04-29,39412.00000000,False,Insufficient coverage,,,,-2.47209918,-2.40810212,-4.45350501
Nefera,ask,2025-05-01,7,31,22.58064516,2025-05-03,2025-05-31,40498.00000000,False,Insufficient coverage,,,,-0.13808749,-1.32306718,0.93996514
Nefera,bid,2025-05-01,7,31,22.58064516,2025-05-03,2025-05-31,38646.00000000,False,Insufficient coverage,,,,-1.94357049,-3.38500000,-0.97689788
Nefera,ask,2025-06-01,6,30,20.00000000,2025-06-01,2025-06-29,40148.50000000,False,Insufficient coverage,,,,-0.86300558,5.69566934,7.01873652
Nefera,bid,2025-06-01,6,30,20.00000000,2025-06-01,2025-06-29,38659.50000000,False,Insufficient coverage,,,,0.03493246,4.58123681,7.96623681
Nefera,ask,2025-07-01,7,31,22.58064516,2025-07-03,2025-07-27,39900.00000000,False,Insufficient coverage,,,,-0.61895214,7.20331014,1.50764079
Nefera,bid,2025-07-01,7,31,22.58064516,2025-07-03,2025-07-27,38889.00000000,False,Insufficient coverage,,,,0.59364451,9.23569563,4.65445881
Nefera,ask,2025-08-01,5,31,16.12903226,2025-08-04,2025-08-28,41549.00000000,False,Insufficient coverage,,,,4.13283208,5.32599878,-1.87731135
Nefera,bid,2025-08-01,5,31,16.12903226,2025-08-04,2025-08-28,40206.00000000,False,Insufficient coverage,,,,3.38656175,8.01966632,-1.21602931
Nefera,ask,2025-09-01,8,30,26.66666667,2025-09-01,2025-09-29,41894.00000000,False,Insufficient coverage,,,,0.83034489,2.18048780,-3.14551098
Nefera,bid,2025-09-01,8,30,26.66666667,2025-09-01,2025-09-29,40805.50000000,False,Insufficient coverage,,,,1.49107098,4.35922355,-3.66044277
Nefera,ask,2025-10-01,8,31,25.80645161,2025-10-05,2025-10-29,44317.00000000,False,Insufficient coverage,,,,5.78364444,2.27078670,0.09029889
Nefera,bid,2025-10-01,8,31,25.80645161,2025-10-05,2025-10-29,42815.50000000,False,Insufficient coverage,,,,4.92580657,3.53912749,-0.82009606
Nefera,ask,2025-11-01,9,30,30.00000000,2025-11-01,2025-11-28,44983.00000000,False,Insufficient coverage,,,,1.50280931,4.62501018,2.35422348
Nefera,bid,2025-11-01,9,30,30.00000000,2025-11-01,2025-11-28,43902.00000000,False,Insufficient coverage,,,,2.53763240,5.14819472,1.60906723
Nefera,ask,2025-12-01,9,31,29.03225806,2025-12-01,2025-12-29,44317.00000000,False,Insufficient coverage,,,,-1.48055932,3.30303030,-1.32197987
Nefera,bid,2025-12-01,9,31,29.03225806,2025-12-01,2025-12-29,42233.00000000,False,Insufficient coverage,,,,-3.80164913,1.36082177,-3.78737295
Nefera,ask,2026-01-01,9,31,29.03225806,2026-01-07,2026-01-31,41880.00000000,False,Insufficient coverage,,,,-5.49901844,-0.28215293,-3.58518324
Nefera,bid,2026-01-01,9,31,29.03225806,2026-01-07,2026-01-31,40812.00000000,False,Insufficient coverage,,,,-3.36466744,-0.72246953,-2.08329131
Nefera,ask,2026-02-01,7,28,25.00000000,2026-02-06,2026-02-24,42193.00000000,False,Insufficient coverage,,,,0.74737345,-0.90189539,-0.61974246
Nefera,bid,2026-02-01,7,28,25.00000000,2026-02-06,2026-02-24,41119.00000000,False,Insufficient coverage,,,,0.75222974,-1.18712902,-0.46465949
Nefera,ask,2026-03-01,9,31,29.03225806,2026-03-02,2026-03-31,41475.00000000,False,Insufficient coverage,,,,-1.70170407,0.11586646,1.01776185
Nefera,bid,2026-03-01,9,31,29.03225806,2026-03-02,2026-03-31,40152.00000000,False,Insufficient coverage,,,,-2.35171089,-0.64091460,0.54621442
Nefera,ask,2026-04-01,10,30,33.33333333,2026-04-03,2026-04-30,41515.00000000,False,Insufficient coverage,,,,0.09644364,2.36967993,2.25381347
Nefera,bid,2026-04-01,10,30,33.33333333,2026-04-03,2026-04-30,40669.50000000,False,Insufficient coverage,,,,1.28885236,3.19065259,3.83156720
Nefera,ask,2026-05-01,10,31,32.25806452,2026-05-03,2026-05-29,41632.00000000,False,Insufficient coverage,,,,0.28182585,2.80013828,0.43045835
Nefera,bid,2026-05-01,10,31,32.25806452,2026-05-03,2026-05-29,40704.00000000,False,Insufficient coverage,,,,0.08483016,5.32526005,2.13460746
Nefera,ask,2026-06-01,10,30,33.33333333,2026-06-01,2026-06-29,41746.50000000,False,Insufficient coverage,,,,0.27502882,3.98022342,1.18008514
Nefera,bid,2026-06-01,10,30,33.33333333,2026-06-01,2026-06-29,40862.50000000,False,Insufficient coverage,,,,0.38939662,5.69846998,0.37320992
Nefera,ask,2026-07-01,9,31,29.03225806,2026-07-02,2026-07-29,42719.00000000,False,Insufficient coverage,,,,2.32953661,7.06516291,3.08493949
Nefera,bid,2026-07-01,9,31,29.03225806,2026-07-02,2026-07-29,42031.00000000,False,Insufficient coverage,,,,2.85959009,8.07940549,2.38093551
Nefera,ask,2026-08-01,9,31,29.03225806,2026-08-01,2026-08-31,44706.00000000,False,Insufficient coverage,,,,4.65132611,7.59825748,0.53309457
Nefera,bid,2026-08-01,9,31,29.03225806,2026-08-01,2026-08-31,43517.00000000,False,Insufficient coverage,,,,3.53548571,8.23508929,0.15568380
Nefera,ask,2026-09-01,3,30,10.00000000,2026-09-03,2026-09-28,47870.00000000,False,Partial month,,,,,,
Nefera,bid,2026-09-01,3,30,10.00000000,2026-09-03,2026-09-28,44776.00000000,False,Partial month,,,,,,
Nevia,ask,2023-01-01,0,31,0.00000000,,,,False,Insufficient coverage,,,,,,
Nevia,bid,2023-01-01,0,31,0.00000000,,,,False,Insufficient coverage,,,,,,
Nevia,ask,2023-02-01,0,28,0.00000000,,,,False,Insufficient coverage,,,,,,
Nevia,bid,2023-02-01,0,28,0.00000000,,,,False,Insufficient coverage,,,,,,
Nevia,ask,2023-03-01,0,31,0.00000000,,,,False,Insufficient coverage,,,,,,
Nevia,bid,2023-03-01,0,31,0.00000000,,,,False,Insufficient coverage,,,,,,
Nevia,ask,2023-04-01,0,30,0.00000000,,,,False,Insufficient coverage,,,,,,
Nevia,bid,2023-04-01,0,30,0.00000000,,,,False,Insufficient coverage,,,,,,
Nevia,ask,2023-05-01,0,31,0.00000000,,,,False,Insufficient coverage,,,,,,
Nevia,bid,2023-05-01,0,31,0.00000000,,,,False,Insufficient coverage,,,,,,
Nevia,ask,2023-06-01,0,30,0.00000000,,,,False,Insufficient coverage,,,,,,
Nevia,bid,2023-06-01,0,30,0.00000000,,,,False,Insufficient coverage,,,,,,
Nevia,ask,2023-07-01,0,31,0.00000000,,,,False,Insufficient coverage,,,,,,
Nevia,bid,2023-07-01,0,31,0.00000000,,,,False,Insufficient coverage,,,,,,
Nevia,ask,2023-08-01,0,31,0.00000000,,,,False,Insufficient coverage,,,,,,
Nevia,bid,2023-08-01,0,31,0.00000000,,,,False,Insufficient coverage,,,,,,
Nevia,ask,2023-09-01,0,30,0.00000000,,,,False,Insufficient coverage,,,,,,
Nevia,bid,2023-09-01,0,30,0.00000000,,,,False,Insufficient coverage,,,,,,
Nevia,ask,2023-10-01,0,31,0.00000000,,,,False,Insufficient coverage,,,,,,
Nevia,bid,2023-10-01,0,31,0.00000000,,,,False,Insufficient coverage,,,,,,
Nevia,ask,2023-11-01,0,30,0.00000000,,,,False,Insufficient coverage,,,,,,
Nevia,bid,2023-11-01,0,30,0.00000000,,,,False,Insufficient coverage,,,,,,
Nevia,ask,2023-12-01,0,31,0.00000000,,,,False,Insufficient coverage,,,,,,
Nevia,bid,2023-12-01,0,31,0.00000000,,,,False,Insufficient coverage,,,,,,
Nevia,ask,2024-01-01,0,31,0.00000000,,,,False,Insufficient coverage,,,,,,
Nevia,bid,2024-01-01,0,31,0.00000000,,,,False,Insufficient coverage,,,,,,
Nevia,ask,2024-02-01,0,29,0.00000000,,,,False,Insufficient coverage,,,,,,
Nevia,bid,2024-02-01,0,29,0.00000000,,,,False,Insufficient coverage,,,,,,
Nevia,ask,2024-03-01,0,31,0.00000000,,,,False,Insufficient coverage,,,,,,
Nevia,bid,2024-03-01,0,31,0.00000000,,,,False,Insufficient coverage,,,,,,
Nevia,ask,2024-04-01,0,30,0.00000000,,,,False,Insufficient coverage,,,,,,
Nevia,bid,2024-04-01,0,30,0.00000000,,,,False,Insufficient coverage,,,,,,
Nevia,ask,2024-05-01,0,31,0.00000000,,,,False,Insufficient coverage,,,,,,
Nevia,bid,2024-05-01,0,31,0.00000000,,,,False,Insufficient coverage,,,,,,
Nevia,ask,2024-06-01,0,30,0.00000000,,,,False,Insufficient coverage,,,,,,
Nevia,bid,2024-06-01,0,30,0.00000000,,,,False,Insufficient coverage,,,,,,
Nevia,ask,2024-07-01,0,31,0.00000000,,,,False,Insufficient coverage,,,,,,
Nevia,bid,2024-07-01,0,31,0.00000000,,,,False,Insufficient coverage,,,,,,
Nevia,ask,2024-08-01,0,31,0.00000000,,,,False,Insufficient coverage,,,,,,
Nevia,bid,2024-08-01,0,31,0.00000000,,,,False,Insufficient coverage,,,,,,
Nevia,ask,2024-09-01,0,30,0.00000000,,,,False,Insufficient coverage,,,,,,
Nevia,bid,2024-09-01,0,30,0.00000000,,,,False,Insufficient coverage,,,,,,
Nevia,ask,2024-10-01,0,31,0.00000000,,,,False,Insufficient coverage,,,,,,
Nevia,bid,2024-10-01,0,31,0.00000000,,,,False,Insufficient coverage,,,,,,
Nevia,ask,2024-11-01,0,30,0.00000000,,,,False,Insufficient coverage,,,,,,
Nevia,bid,2024-11-01,0,30,0.00000000,,,,False,Insufficient coverage,,,,,,
Nevia,ask,2024-12-01,0,31,0.00000000,,,,False,Insufficient coverage,,,,,,
Nevia,bid,2024-12-01,0,31,0.00000000,,,,False,Insufficient coverage,,,,,,
Nevia,ask,2025-01-01,1,31,3.22580645,2025-01-30,2025-01-30,41989.00000000,False,Insufficient coverage,,,,,,
Nevia,bid,2025-01-01,1,31,3.22580645,2025-01-30,2025-01-30,41500.00000000,False,Insufficient coverage,,,,,,
Nevia,ask,2025-02-01,7,28,25.00000000,2025-02-01,2025-02-25,41884.00000000,False,Insufficient coverage,,,,-0.25006549,,
Nevia,bid,2025-02-01,7,28,25.00000000,2025-02-01,2025-02-25,40552.00000000,False,Insufficient coverage,,,,-2.28433735,,
Nevia,ask,2025-03-01,8,31,25.80645161,2025-03-01,2025-03-29,41562.00000000,False,Insufficient coverage,,,,-0.76878999,,
Nevia,bid,2025-03-01,8,31,25.80645161,2025-03-01,2025-03-29,40034.00000000,False,Insufficient coverage,,,,-1.27737226,,
Nevia,ask,2025-04-01,6,30,20.00000000,2025-04-06,2025-04-26,40267.00000000,False,Insufficient coverage,,,,-3.11582696,,
Nevia,bid,2025-04-01,6,30,20.00000000,2025-04-06,2025-04-26,38902.50000000,False,Insufficient coverage,,,,-2.82634760,,
Nevia,ask,2025-05-01,7,31,22.58064516,2025-05-04,2025-05-28,37797.00000000,False,Insufficient coverage,,,,-6.13405518,,
Nevia,bid,2025-05-01,7,31,22.58064516,2025-05-04,2025-05-28,36522.00000000,False,Insufficient coverage,,,,-6.11914401,,
Nevia,ask,2025-06-01,5,30,16.66666667,2025-06-01,2025-06-29,37250.00000000,False,Insufficient coverage,,,,-1.44720480,,
Nevia,bid,2025-06-01,5,30,16.66666667,2025-06-01,2025-06-29,36525.00000000,False,Insufficient coverage,,,,0.00821423,,
Nevia,ask,2025-07-01,7,31,22.58064516,2025-07-03,2025-07-27,36948.00000000,False,Insufficient coverage,,,,-0.81073826,,
Nevia,bid,2025-07-01,7,31,22.58064516,2025-07-03,2025-07-27,35610.00000000,False,Insufficient coverage,,,,-2.50513347,,
Nevia,ask,2025-08-01,7,31,22.58064516,2025-08-04,2025-08-28,38532.00000000,False,Insufficient coverage,,,,4.28710620,,
Nevia,bid,2025-08-01,7,31,22.58064516,2025-08-04,2025-08-28,37100.00000000,False,Insufficient coverage,,,,4.18421792,,
Nevia,ask,2025-09-01,8,30,26.66666667,2025-09-01,2025-09-30,39239.50000000,False,Insufficient coverage,,,,1.83613620,,
Nevia,bid,2025-09-01,8,30,26.66666667,2025-09-01,2025-09-30,37907.00000000,False,Insufficient coverage,,,,2.17520216,,
Nevia,ask,2025-10-01,21,31,67.74193548,2025-10-06,2025-10-30,41800.00000000,True,Eligible,,,,6.52531250,,
Nevia,bid,2025-10-01,21,31,67.74193548,2025-10-06,2025-10-30,40602.00000000,True,Eligible,,,,7.10950484,,
Nevia,ask,2025-11-01,29,30,96.66666667,2025-11-01,2025-11-30,42417.00000000,True,Eligible,1.47607656,,,1.47607656,,
Nevia,bid,2025-11-01,29,30,96.66666667,2025-11-01,2025-11-30,41252.00000000,True,Eligible,1.60090636,,,1.60090636,,
Nevia,ask,2025-12-01,25,31,80.64516129,2025-12-01,2025-12-30,42300.00000000,True,Eligible,-0.27583280,,,-0.27583280,,
Nevia,bid,2025-12-01,25,31,80.64516129,2025-12-01,2025-12-30,40801.00000000,True,Eligible,-1.09328033,,,-1.09328033,,
Nevia,ask,2026-01-01,26,31,83.87096774,2026-01-04,2026-01-31,39418.50000000,True,Eligible,-6.81205674,,,-6.81205674,-6.12184143,
Nevia,bid,2026-01-01,26,31,83.87096774,2026-01-04,2026-01-31,37760.50000000,True,Eligible,-7.45202323,,,-7.45202323,-9.01084337,
Nevia,ask,2026-02-01,22,28,78.57142857,2026-02-01,2026-02-26,38966.50000000,True,Eligible,-1.14666971,,,-1.14666971,-6.96566708,-0.84382565
Nevia,bid,2026-02-01,22,28,78.57142857,2026-02-01,2026-02-26,38031.00000000,True,Eligible,0.71635704,,,0.71635704,-6.21670941,2.79413396
Nevia,ask,2026-03-01,27,31,87.09677419,2026-03-01,2026-03-31,37900.00000000,True,Eligible,-2.73696637,,,-2.73696637,-8.81093306,-1.84526598
Nevia,bid,2026-03-01,27,31,87.09677419,2026-03-01,2026-03-31,36705.00000000,True,Eligible,-3.48662933,,,-3.48662933,-8.31543188,-2.09872247
Nevia,ask,2026-04-01,30,30,100.00000000,2026-04-01,2026-04-30,37784.00000000,True,Eligible,-0.30606860,,,-0.30606860,-6.16633968,2.64459338
Nevia,bid,2026-04-01,30,30,100.00000000,2026-04-01,2026-04-30,36852.50000000,True,Eligible,0.40185261,,,0.40185261,-5.26958422,3.04584767
Nevia,ask,2026-05-01,12,31,38.70967742,2026-05-06,2026-05-30,37141.50000000,False,Insufficient coverage,,,,-1.70045522,-1.73426462,4.43207506
Nevia,bid,2026-05-01,12,31,38.70967742,2026-05-06,2026-05-30,36092.50000000,False,Insufficient coverage,,,,-2.06227529,-1.17600350,4.09358071
Nevia,ask,2026-06-01,15,30,50.00000000,2026-06-01,2026-06-30,37357.00000000,False,Insufficient coverage,,,,0.58021351,0.28724832,2.02151295
Nevia,bid,2026-06-01,15,30,50.00000000,2026-06-01,2026-06-30,36309.00000000,False,Insufficient coverage,,,,0.59984761,-0.59137577,0.58462773
Nevia,ask,2026-07-01,15,31,48.38709677,2026-07-02,2026-07-30,37723.00000000,False,Insufficient coverage,,,,0.97973606,2.09754249,1.81029417
Nevia,bid,2026-07-01,15,31,48.38709677,2026-07-02,2026-07-30,36815.00000000,False,Insufficient coverage,,,,1.39359387,3.38388093,3.97525670
Nevia,ask,2026-08-01,15,31,48.38709677,2026-08-01,2026-08-31,41000.00000000,False,Insufficient coverage,,,,8.68700793,6.40506592,4.30752343
Nevia,bid,2026-08-01,15,31,48.38709677,2026-08-01,2026-08-31,40030.00000000,False,Insufficient coverage,,,,8.73285346,7.89757412,4.51369319
Nevia,ask,2026-09-01,8,30,26.66666667,2026-09-02,2026-09-28,41997.00000000,False,Partial month,,,,,,
Nevia,bid,2026-09-01,8,30,26.66666667,2026-09-02,2026-09-28,40836.50000000,False,Partial month,,,,,,
Ombra,ask,2023-01-01,0,31,0.00000000,,,,False,Insufficient coverage,,,,,,
Ombra,bid,2023-01-01,0,31,0.00000000,,,,False,Insufficient coverage,,,,,,
Ombra,ask,2023-02-01,0,28,0.00000000,,,,False,Insufficient coverage,,,,,,
Ombra,bid,2023-02-01,0,28,0.00000000,,,,False,Insufficient coverage,,,,,,
Ombra,ask,2023-03-01,0,31,0.00000000,,,,False,Insufficient coverage,,,,,,
Ombra,bid,2023-03-01,0,31,0.00000000,,,,False,Insufficient coverage,,,,,,
Ombra,ask,2023-04-01,0,30,0.00000000,,,,False,Insufficient coverage,,,,,,
Ombra,bid,2023-04-01,0,30,0.00000000,,,,False,Insufficient coverage,,,,,,
Ombra,ask,2023-05-01,0,31,0.00000000,,,,False,Insufficient coverage,,,,,,
Ombra,bid,2023-05-01,0,31,0.00000000,,,,False,Insufficient coverage,,,,,,
Ombra,ask,2023-06-01,0,30,0.00000000,,,,False,Insufficient coverage,,,,,,
Ombra,bid,2023-06-01,0,30,0.00000000,,,,False,Insufficient coverage,,,,,,
Ombra,ask,2023-07-01,0,31,0.00000000,,,,False,Insufficient coverage,,,,,,
Ombra,bid,2023-07-01,0,31,0.00000000,,,,False,Insufficient coverage,,,,,,
Ombra,ask,2023-08-01,0,31,0.00000000,,,,False,Insufficient coverage,,,,,,
Ombra,bid,2023-08-01,0,31,0.00000000,,,,False,Insufficient coverage,,,,,,
Ombra,ask,2023-09-01,0,30,0.00000000,,,,False,Insufficient coverage,,,,,,
Ombra,bid,2023-09-01,0,30,0.00000000,,,,False,Insufficient coverage,,,,,,
Ombra,ask,2023-10-01,0,31,0.00000000,,,,False,Insufficient coverage,,,,,,
Ombra,bid,2023-10-01,0,31,0.00000000,,,,False,Insufficient coverage,,,,,,
Ombra,ask,2023-11-01,0,30,0.00000000,,,,False,Insufficient coverage,,,,,,
Ombra,bid,2023-11-01,0,30,0.00000000,,,,False,Insufficient coverage,,,,,,
Ombra,ask,2023-12-01,0,31,0.00000000,,,,False,Insufficient coverage,,,,,,
Ombra,bid,2023-12-01,0,31,0.00000000,,,,False,Insufficient coverage,,,,,,
Ombra,ask,2024-01-01,0,31,0.00000000,,,,False,Insufficient coverage,,,,,,
Ombra,bid,2024-01-01,0,31,0.00000000,,,,False,Insufficient coverage,,,,,,
Ombra,ask,2024-02-01,0,29,0.00000000,,,,False,Insufficient coverage,,,,,,
Ombra,bid,2024-02-01,0,29,0.00000000,,,,False,Insufficient coverage,,,,,,
Ombra,ask,2024-03-01,0,31,0.00000000,,,,False,Insufficient coverage,,,,,,
Ombra,bid,2024-03-01,0,31,0.00000000,,,,False,Insufficient coverage,,,,,,
Ombra,ask,2024-04-01,0,30,0.00000000,,,,False,Insufficient coverage,,,,,,
Ombra,bid,2024-04-01,0,30,0.00000000,,,,False,Insufficient coverage,,,,,,
Ombra,ask,2024-05-01,0,31,0.00000000,,,,False,Insufficient coverage,,,,,,
Ombra,bid,2024-05-01,0,31,0.00000000,,,,False,Insufficient coverage,,,,,,
Ombra,ask,2024-06-01,0,30,0.00000000,,,,False,Insufficient coverage,,,,,,
Ombra,bid,2024-06-01,0,30,0.00000000,,,,False,Insufficient coverage,,,,,,
Ombra,ask,2024-07-01,0,31,0.00000000,,,,False,Insufficient coverage,,,,,,
Ombra,bid,2024-07-01,0,31,0.00000000,,,,False,Insufficient coverage,,,,,,
Ombra,ask,2024-08-01,0,31,0.00000000,,,,False,Insufficient coverage,,,,,,
Ombra,bid,2024-08-01,0,31,0.00000000,,,,False,Insufficient coverage,,,,,,
Ombra,ask,2024-09-01,0,30,0.00000000,,,,False,Insufficient coverage,,,,,,
Ombra,bid,2024-09-01,0,30,0.00000000,,,,False,Insufficient coverage,,,,,,
Ombra,ask,2024-10-01,0,31,0.00000000,,,,False,Insufficient coverage,,,,,,
Ombra,bid,2024-10-01,0,31,0.00000000,,,,False,Insufficient coverage,,,,,,
Ombra,ask,2024-11-01,0,30,0.00000000,,,,False,Insufficient coverage,,,,,,
Ombra,bid,2024-11-01,0,30,0.00000000,,,,False,Insufficient coverage,,,,,,
Ombra,ask,2024-12-01,0,31,0.00000000,,,,False,Insufficient coverage,,,,,,
Ombra,bid,2024-12-01,0,31,0.00000000,,,,False,Insufficient coverage,,,,,,
Ombra,ask,2025-01-01,0,31,0.00000000,,,,False,Insufficient coverage,,,,,,
Ombra,bid,2025-01-01,0,31,0.00000000,,,,False,Insufficient coverage,,,,,,
Ombra,ask,2025-02-01,0,28,0.00000000,,,,False,Insufficient coverage,,,,,,
Ombra,bid,2025-02-01,0,28,0.00000000,,,,False,Insufficient coverage,,,,,,
Ombra,ask,2025-03-01,0,31,0.00000000,,,,False,Insufficient coverage,,,,,,
Ombra,bid,2025-03-01,0,31,0.00000000,,,,False,Insufficient coverage,,,,,,
Ombra,ask,2025-04-01,0,30,0.00000000,,,,False,Insufficient coverage,,,,,,
Ombra,bid,2025-04-01,0,30,0.00000000,,,,False,Insufficient coverage,,,,,,
Ombra,ask,2025-05-01,0,31,0.00000000,,,,False,Insufficient coverage,,,,,,
Ombra,bid,2025-05-01,0,31,0.00000000,,,,False,Insufficient coverage,,,,,,
Ombra,ask,2025-06-01,0,30,0.00000000,,,,False,Insufficient coverage,,,,,,
Ombra,bid,2025-06-01,0,30,0.00000000,,,,False,Insufficient coverage,,,,,,
Ombra,ask,2025-07-01,0,31,0.00000000,,,,False,Insufficient coverage,,,,,,
Ombra,bid,2025-07-01,0,31,0.00000000,,,,False,Insufficient coverage,,,,,,
Ombra,ask,2025-08-01,0,31,0.00000000,,,,False,Insufficient coverage,,,,,,
Ombra,bid,2025-08-01,0,31,0.00000000,,,,False,Insufficient coverage,,,,,,
Ombra,ask,2025-09-01,0,30,0.00000000,,,,False,Insufficient coverage,,,,,,
Ombra,bid,2025-09-01,0,30,0.00000000,,,,False,Insufficient coverage,,,,,,
Ombra,ask,2025-10-01,9,31,29.03225806,2025-10-03,2025-10-30,40999.00000000,False,Insufficient coverage,,,,,,
Ombra,bid,2025-10-01,9,31,29.03225806,2025-10-03,2025-10-30,40106.00000000,False,Insufficient coverage,,,,,,
Ombra,ask,2025-11-01,10,30,33.33333333,2025-11-02,2025-11-29,40932.50000000,False,Insufficient coverage,,,,-0.16219908,,
Ombra,bid,2025-11-01,10,30,33.33333333,2025-11-02,2025-11-29,39881.00000000,False,Insufficient coverage,,,,-0.56101331,,
Ombra,ask,2025-12-01,6,31,19.35483871,2025-12-07,2025-12-27,40465.50000000,False,Insufficient coverage,,,,-1.14090271,,
Ombra,bid,2025-12-01,6,31,19.35483871,2025-12-07,2025-12-27,39603.00000000,False,Insufficient coverage,,,,-0.69707379,,
Ombra,ask,2026-01-01,9,31,29.03225806,2026-01-05,2026-01-29,38994.00000000,False,Insufficient coverage,,,,-3.63643103,,
Ombra,bid,2026-01-01,9,31,29.03225806,2026-01-05,2026-01-29,37721.00000000,False,Insufficient coverage,,,,-4.75216524,,
Ombra,ask,2026-02-01,9,28,32.14285714,2026-02-01,2026-02-25,38898.00000000,False,Insufficient coverage,,,,-0.24619172,,
Ombra,bid,2026-02-01,9,28,32.14285714,2026-02-01,2026-02-25,37742.00000000,False,Insufficient coverage,,,,0.05567191,,
Ombra,ask,2026-03-01,8,31,25.80645161,2026-03-03,2026-03-30,38529.00000000,False,Insufficient coverage,,,,-0.94863489,,
Ombra,bid,2026-03-01,8,31,25.80645161,2026-03-03,2026-03-30,37185.00000000,False,Insufficient coverage,,,,-1.47580944,,
Ombra,ask,2026-04-01,7,30,23.33333333,2026-04-03,2026-04-27,38099.00000000,False,Insufficient coverage,,,,-1.11604246,,
Ombra,bid,2026-04-01,7,30,23.33333333,2026-04-03,2026-04-27,37251.00000000,False,Insufficient coverage,,,,0.17749092,,
Ombra,ask,2026-05-01,8,31,25.80645161,2026-05-02,2026-05-30,37768.00000000,False,Insufficient coverage,,,,-0.86878921,,
Ombra,bid,2026-05-01,8,31,25.80645161,2026-05-02,2026-05-30,36722.00000000,False,Insufficient coverage,,,,-1.42009610,,
Ombra,ask,2026-06-01,5,30,16.66666667,2026-06-03,2026-06-28,37037.00000000,False,Insufficient coverage,,,,-1.93550095,,
Ombra,bid,2026-06-01,5,30,16.66666667,2026-06-03,2026-06-28,35762.00000000,False,Insufficient coverage,,,,-2.61423670,,
Ombra,ask,2026-07-01,7,31,22.58064516,2026-07-02,2026-07-30,39998.00000000,False,Insufficient coverage,,,,7.99470799,,
Ombra,bid,2026-07-01,7,31,22.58064516,2026-07-02,2026-07-30,37710.00000000,False,Insufficient coverage,,,,5.44712264,,
Ombra,ask,2026-08-01,7,31,22.58064516,2026-08-03,2026-08-31,42584.00000000,False,Insufficient coverage,,,,6.46532327,,
Ombra,bid,2026-08-01,7,31,22.58064516,2026-08-03,2026-08-31,40300.00000000,False,Insufficient coverage,,,,6.86820472,,
Ombra,ask,2026-09-01,6,30,20.00000000,2026-09-21,2026-09-28,44798.00000000,False,Partial month,,,,,,
Ombra,bid,2026-09-01,6,30,20.00000000,2026-09-21,2026-09-28,42571.50000000,False,Partial month,,,,,,
Ourobra,ask,2023-01-01,0,31,0.00000000,,,,False,Insufficient coverage,,,,,,
Ourobra,bid,2023-01-01,0,31,0.00000000,,,,False,Insufficient coverage,,,,,,
Ourobra,ask,2023-02-01,0,28,0.00000000,,,,False,Insufficient coverage,,,,,,
Ourobra,bid,2023-02-01,0,28,0.00000000,,,,False,Insufficient coverage,,,,,,
Ourobra,ask,2023-03-01,0,31,0.00000000,,,,False,Insufficient coverage,,,,,,
Ourobra,bid,2023-03-01,0,31,0.00000000,,,,False,Insufficient coverage,,,,,,
Ourobra,ask,2023-04-01,0,30,0.00000000,,,,False,Insufficient coverage,,,,,,
Ourobra,bid,2023-04-01,0,30,0.00000000,,,,False,Insufficient coverage,,,,,,
Ourobra,ask,2023-05-01,0,31,0.00000000,,,,False,Insufficient coverage,,,,,,
Ourobra,bid,2023-05-01,0,31,0.00000000,,,,False,Insufficient coverage,,,,,,
Ourobra,ask,2023-06-01,0,30,0.00000000,,,,False,Insufficient coverage,,,,,,
Ourobra,bid,2023-06-01,0,30,0.00000000,,,,False,Insufficient coverage,,,,,,
Ourobra,ask,2023-07-01,0,31,0.00000000,,,,False,Insufficient coverage,,,,,,
Ourobra,bid,2023-07-01,0,31,0.00000000,,,,False,Insufficient coverage,,,,,,
Ourobra,ask,2023-08-01,0,31,0.00000000,,,,False,Insufficient coverage,,,,,,
Ourobra,bid,2023-08-01,0,31,0.00000000,,,,False,Insufficient coverage,,,,,,
Ourobra,ask,2023-09-01,0,30,0.00000000,,,,False,Insufficient coverage,,,,,,
Ourobra,bid,2023-09-01,0,30,0.00000000,,,,False,Insufficient coverage,,,,,,
Ourobra,ask,2023-10-01,0,31,0.00000000,,,,False,Insufficient coverage,,,,,,
Ourobra,bid,2023-10-01,0,31,0.00000000,,,,False,Insufficient coverage,,,,,,
Ourobra,ask,2023-11-01,0,30,0.00000000,,,,False,Insufficient coverage,,,,,,
Ourobra,bid,2023-11-01,0,30,0.00000000,,,,False,Insufficient coverage,,,,,,
Ourobra,ask,2023-12-01,0,31,0.00000000,,,,False,Insufficient coverage,,,,,,
Ourobra,bid,2023-12-01,0,31,0.00000000,,,,False,Insufficient coverage,,,,,,
Ourobra,ask,2024-01-01,0,31,0.00000000,,,,False,Insufficient coverage,,,,,,
Ourobra,bid,2024-01-01,0,31,0.00000000,,,,False,Insufficient coverage,,,,,,
Ourobra,ask,2024-02-01,0,29,0.00000000,,,,False,Insufficient coverage,,,,,,
Ourobra,bid,2024-02-01,0,29,0.00000000,,,,False,Insufficient coverage,,,,,,
Ourobra,ask,2024-03-01,0,31,0.00000000,,,,False,Insufficient coverage,,,,,,
Ourobra,bid,2024-03-01,0,31,0.00000000,,,,False,Insufficient coverage,,,,,,
Ourobra,ask,2024-04-01,0,30,0.00000000,,,,False,Insufficient coverage,,,,,,
Ourobra,bid,2024-04-01,0,30,0.00000000,,,,False,Insufficient coverage,,,,,,
Ourobra,ask,2024-05-01,0,31,0.00000000,,,,False,Insufficient coverage,,,,,,
Ourobra,bid,2024-05-01,0,31,0.00000000,,,,False,Insufficient coverage,,,,,,
Ourobra,ask,2024-06-01,0,30,0.00000000,,,,False,Insufficient coverage,,,,,,
Ourobra,bid,2024-06-01,0,30,0.00000000,,,,False,Insufficient coverage,,,,,,
Ourobra,ask,2024-07-01,0,31,0.00000000,,,,False,Insufficient coverage,,,,,,
Ourobra,bid,2024-07-01,0,31,0.00000000,,,,False,Insufficient coverage,,,,,,
Ourobra,ask,2024-08-01,0,31,0.00000000,,,,False,Insufficient coverage,,,,,,
Ourobra,bid,2024-08-01,0,31,0.00000000,,,,False,Insufficient coverage,,,,,,
Ourobra,ask,2024-09-01,0,30,0.00000000,,,,False,Insufficient coverage,,,,,,
Ourobra,bid,2024-09-01,0,30,0.00000000,,,,False,Insufficient coverage,,,,,,
Ourobra,ask,2024-10-01,0,31,0.00000000,,,,False,Insufficient coverage,,,,,,
Ourobra,bid,2024-10-01,0,31,0.00000000,,,,False,Insufficient coverage,,,,,,
Ourobra,ask,2024-11-01,0,30,0.00000000,,,,False,Insufficient coverage,,,,,,
Ourobra,bid,2024-11-01,0,30,0.00000000,,,,False,Insufficient coverage,,,,,,
Ourobra,ask,2024-12-01,0,31,0.00000000,,,,False,Insufficient coverage,,,,,,
Ourobra,bid,2024-12-01,0,31,0.00000000,,,,False,Insufficient coverage,,,,,,
Ourobra,ask,2025-01-01,1,31,3.22580645,2025-01-30,2025-01-30,39620.00000000,False,Insufficient coverage,,,,,,
Ourobra,bid,2025-01-01,1,31,3.22580645,2025-01-30,2025-01-30,39014.00000000,False,Insufficient coverage,,,,,,
Ourobra,ask,2025-02-01,7,28,25.00000000,2025-02-01,2025-02-25,39457.00000000,False,Insufficient coverage,,,,-0.41140838,,
Ourobra,bid,2025-02-01,7,28,25.00000000,2025-02-01,2025-02-25,38701.00000000,False,Insufficient coverage,,,,-0.80227611,,
Ourobra,ask,2025-03-01,8,31,25.80645161,2025-03-01,2025-03-29,38656.00000000,False,Insufficient coverage,,,,-2.03005804,,
Ourobra,bid,2025-03-01,8,31,25.80645161,2025-03-01,2025-03-29,37608.00000000,False,Insufficient coverage,,,,-2.82421643,,
Ourobra,ask,2025-04-01,0,30,0.00000000,,,,False,Insufficient coverage,,,,,,
Ourobra,bid,2025-04-01,0,30,0.00000000,,,,False,Insufficient coverage,,,,,,
Ourobra,ask,2025-05-01,5,31,16.12903226,2025-05-14,2025-05-30,35787.00000000,False,Insufficient coverage,,,,,,
Ourobra,bid,2025-05-01,5,31,16.12903226,2025-05-14,2025-05-30,34363.00000000,False,Insufficient coverage,,,,,,
Ourobra,ask,2025-06-01,6,30,20.00000000,2025-06-04,2025-06-28,34138.50000000,False,Insufficient coverage,,,,-4.60642133,,
Ourobra,bid,2025-06-01,6,30,20.00000000,2025-06-04,2025-06-28,32832.50000000,False,Insufficient coverage,,,,-4.45391846,,
Ourobra,ask,2025-07-01,6,31,19.35483871,2025-07-06,2025-07-26,34483.50000000,False,Insufficient coverage,,,,1.01058922,,
Ourobra,bid,2025-07-01,6,31,19.35483871,2025-07-06,2025-07-26,33373.50000000,False,Insufficient coverage,,,,1.64775756,,
Ourobra,ask,2025-08-01,6,31,19.35483871,2025-08-03,2025-08-31,37567.50000000,False,Insufficient coverage,,,,8.94340772,,
Ourobra,bid,2025-08-01,6,31,19.35483871,2025-08-03,2025-08-31,35802.50000000,False,Insufficient coverage,,,,7.27822973,,
Ourobra,ask,2025-09-01,7,30,23.33333333,2025-09-04,2025-09-28,37983.00000000,False,Insufficient coverage,,,,1.10600918,,
Ourobra,bid,2025-09-01,7,30,23.33333333,2025-09-04,2025-09-28,36777.00000000,False,Insufficient coverage,,,,2.72187696,,
Ourobra,ask,2025-10-01,11,31,35.48387097,2025-10-04,2025-10-30,41037.00000000,False,Insufficient coverage,,,,8.04043914,,
Ourobra,bid,2025-10-01,11,31,35.48387097,2025-10-04,2025-10-30,39818.00000000,False,Insufficient coverage,,,,8.26875493,,
Ourobra,ask,2025-11-01,13,30,43.33333333,2025-11-01,2025-11-29,40698.00000000,False,Insufficient coverage,,,,-0.82608378,,
Ourobra,bid,2025-11-01,13,30,43.33333333,2025-11-01,2025-11-29,39855.00000000,False,Insufficient coverage,,,,0.09292280,,
Ourobra,ask,2025-12-01,13,31,41.93548387,2025-12-01,2025-12-29,40606.00000000,False,Insufficient coverage,,,,-0.22605533,,
Ourobra,bid,2025-12-01,13,31,41.93548387,2025-12-01,2025-12-29,40001.00000000,False,Insufficient coverage,,,,0.36632794,,
Ourobra,ask,2026-01-01,10,31,32.25806452,2026-01-08,2026-01-30,39432.50000000,False,Insufficient coverage,,,,-2.88996700,-0.47324584,
Ourobra,bid,2026-01-01,10,31,32.25806452,2026-01-08,2026-01-30,38150.50000000,False,Insufficient coverage,,,,-4.62613435,-2.21330804,
Ourobra,ask,2026-02-01,11,28,39.28571429,2026-02-01,2026-02-25,39785.00000000,False,Insufficient coverage,,,,0.89393267,0.83128469,1.30453053
Ourobra,bid,2026-02-01,11,28,39.28571429,2026-02-01,2026-02-25,38101.00000000,False,Insufficient coverage,,,,-0.12974928,-1.55034754,0.66296051
Ourobra,ask,2026-03-01,10,31,32.25806452,2026-03-01,2026-03-31,38198.00000000,False,Insufficient coverage,,,,-3.98894056,-1.18480960,-2.01609429
Ourobra,bid,2026-03-01,10,31,32.25806452,2026-03-01,2026-03-31,37183.50000000,False,Insufficient coverage,,,,-2.40807328,-1.12874920,0.42159833
Ourobra,ask,2026-04-01,13,30,43.33333333,2026-04-02,2026-04-30,38248.00000000,False,Insufficient coverage,,,,0.13089691,,
Ourobra,bid,2026-04-01,13,30,43.33333333,2026-04-02,2026-04-30,37057.00000000,False,Insufficient coverage,,,,-0.34020466,,
Ourobra,ask,2026-05-01,14,31,45.16129032,2026-05-04,2026-05-30,37667.50000000,False,Insufficient coverage,,,,-1.51772642,5.25470143,
Ourobra,bid,2026-05-01,14,31,45.16129032,2026-05-04,2026-05-30,36405.50000000,False,Insufficient coverage,,,,-1.75810238,5.94389314,
Ourobra,ask,2026-06-01,15,30,50.00000000,2026-06-01,2026-06-30,37877.00000000,False,Insufficient coverage,,,,0.55618239,10.95097910,5.69627767
Ourobra,bid,2026-06-01,15,30,50.00000000,2026-06-01,2026-06-30,36602.00000000,False,Insufficient coverage,,,,0.53975361,11.48100206,5.53710892
Ourobra,ask,2026-07-01,15,31,48.38709677,2026-07-02,2026-07-30,39893.00000000,False,Insufficient coverage,,,,5.32249122,15.68721272,4.73623363
Ourobra,bid,2026-07-01,15,31,48.38709677,2026-07-02,2026-07-30,37562.00000000,False,Insufficient coverage,,,,2.62280750,12.55037680,1.06937474
Ourobra,ask,2026-08-01,16,31,51.61290323,2026-08-01,2026-08-31,41497.50000000,False,Insufficient coverage,,,,4.02200887,10.46116989,-5.22604283
Ourobra,bid,2026-08-01,16,31,51.61290323,2026-08-01,2026-08-31,40322.00000000,False,Insufficient coverage,,,,7.34785155,12.62342015,0.07304336
Ourobra,ask,2026-09-01,12,30,40.00000000,2026-09-02,2026-09-28,43883.50000000,False,Partial month,,,,,,
Ourobra,bid,2026-09-01,12,30,40.00000000,2026-09-02,2026-09-28,42217.50000000,False,Partial month,,,,,,
Pacera,ask,2023-01-01,0,31,0.00000000,,,,False,Insufficient coverage,,,,,,
Pacera,bid,2023-01-01,0,31,0.00000000,,,,False,Insufficient coverage,,,,,,
Pacera,ask,2023-02-01,0,28,0.00000000,,,,False,Insufficient coverage,,,,,,
Pacera,bid,2023-02-01,0,28,0.00000000,,,,False,Insufficient coverage,,,,,,
Pacera,ask,2023-03-01,0,31,0.00000000,,,,False,Insufficient coverage,,,,,,
Pacera,bid,2023-03-01,0,31,0.00000000,,,,False,Insufficient coverage,,,,,,
Pacera,ask,2023-04-01,0,30,0.00000000,,,,False,Insufficient coverage,,,,,,
Pacera,bid,2023-04-01,0,30,0.00000000,,,,False,Insufficient coverage,,,,,,
Pacera,ask,2023-05-01,0,31,0.00000000,,,,False,Insufficient coverage,,,,,,
Pacera,bid,2023-05-01,0,31,0.00000000,,,,False,Insufficient coverage,,,,,,
Pacera,ask,2023-06-01,0,30,0.00000000,,,,False,Insufficient coverage,,,,,,
Pacera,bid,2023-06-01,0,30,0.00000000,,,,False,Insufficient coverage,,,,,,
Pacera,ask,2023-07-01,0,31,0.00000000,,,,False,Insufficient coverage,,,,,,
Pacera,bid,2023-07-01,0,31,0.00000000,,,,False,Insufficient coverage,,,,,,
Pacera,ask,2023-08-01,0,31,0.00000000,,,,False,Insufficient coverage,,,,,,
Pacera,bid,2023-08-01,0,31,0.00000000,,,,False,Insufficient coverage,,,,,,
Pacera,ask,2023-09-01,0,30,0.00000000,,,,False,Insufficient coverage,,,,,,
Pacera,bid,2023-09-01,0,30,0.00000000,,,,False,Insufficient coverage,,,,,,
Pacera,ask,2023-10-01,0,31,0.00000000,,,,False,Insufficient coverage,,,,,,
Pacera,bid,2023-10-01,0,31,0.00000000,,,,False,Insufficient coverage,,,,,,
Pacera,ask,2023-11-01,0,30,0.00000000,,,,False,Insufficient coverage,,,,,,
Pacera,bid,2023-11-01,0,30,0.00000000,,,,False,Insufficient coverage,,,,,,
Pacera,ask,2023-12-01,0,31,0.00000000,,,,False,Insufficient coverage,,,,,,
Pacera,bid,2023-12-01,0,31,0.00000000,,,,False,Insufficient coverage,,,,,,
Pacera,ask,2024-01-01,0,31,0.00000000,,,,False,Insufficient coverage,,,,,,
Pacera,bid,2024-01-01,0,31,0.00000000,,,,False,Insufficient coverage,,,,,,
Pacera,ask,2024-02-01,0,29,0.00000000,,,,False,Insufficient coverage,,,,,,
Pacera,bid,2024-02-01,0,29,0.00000000,,,,False,Insufficient coverage,,,,,,
Pacera,ask,2024-03-01,0,31,0.00000000,,,,False,Insufficient coverage,,,,,,
Pacera,bid,2024-03-01,0,31,0.00000000,,,,False,Insufficient coverage,,,,,,
Pacera,ask,2024-04-01,0,30,0.00000000,,,,False,Insufficient coverage,,,,,,
Pacera,bid,2024-04-01,0,30,0.00000000,,,,False,Insufficient coverage,,,,,,
Pacera,ask,2024-05-01,0,31,0.00000000,,,,False,Insufficient coverage,,,,,,
Pacera,bid,2024-05-01,0,31,0.00000000,,,,False,Insufficient coverage,,,,,,
Pacera,ask,2024-06-01,0,30,0.00000000,,,,False,Insufficient coverage,,,,,,
Pacera,bid,2024-06-01,0,30,0.00000000,,,,False,Insufficient coverage,,,,,,
Pacera,ask,2024-07-01,0,31,0.00000000,,,,False,Insufficient coverage,,,,,,
Pacera,bid,2024-07-01,0,31,0.00000000,,,,False,Insufficient coverage,,,,,,
Pacera,ask,2024-08-01,0,31,0.00000000,,,,False,Insufficient coverage,,,,,,
Pacera,bid,2024-08-01,0,31,0.00000000,,,,False,Insufficient coverage,,,,,,
Pacera,ask,2024-09-01,0,30,0.00000000,,,,False,Insufficient coverage,,,,,,
Pacera,bid,2024-09-01,0,30,0.00000000,,,,False,Insufficient coverage,,,,,,
Pacera,ask,2024-10-01,0,31,0.00000000,,,,False,Insufficient coverage,,,,,,
Pacera,bid,2024-10-01,0,31,0.00000000,,,,False,Insufficient coverage,,,,,,
Pacera,ask,2024-11-01,0,30,0.00000000,,,,False,Insufficient coverage,,,,,,
Pacera,bid,2024-11-01,0,30,0.00000000,,,,False,Insufficient coverage,,,,,,
Pacera,ask,2024-12-01,0,31,0.00000000,,,,False,Insufficient coverage,,,,,,
Pacera,bid,2024-12-01,0,31,0.00000000,,,,False,Insufficient coverage,,,,,,
Pacera,ask,2025-01-01,2,31,6.45161290,2025-01-30,2025-01-31,41831.50000000,False,Insufficient coverage,,,,,,
Pacera,bid,2025-01-01,2,31,6.45161290,2025-01-30,2025-01-31,40542.00000000,False,Insufficient coverage,,,,,,
Pacera,ask,2025-02-01,7,28,25.00000000,2025-02-04,2025-02-28,42298.00000000,False,Insufficient coverage,,,,1.11518832,,
Pacera,bid,2025-02-01,7,28,25.00000000,2025-02-04,2025-02-28,41000.00000000,False,Insufficient coverage,,,,1.12969266,,
Pacera,ask,2025-03-01,7,31,22.58064516,2025-03-04,2025-03-28,40396.00000000,False,Insufficient coverage,,,,-4.49666651,,
Pacera,bid,2025-03-01,7,31,22.58064516,2025-03-04,2025-03-28,38903.00000000,False,Insufficient coverage,,,,-5.11463415,,
Pacera,ask,2025-04-01,7,30,23.33333333,2025-04-05,2025-04-29,40545.00000000,False,Insufficient coverage,,,,0.36884840,,
Pacera,bid,2025-04-01,7,30,23.33333333,2025-04-05,2025-04-29,39473.00000000,False,Insufficient coverage,,,,1.46518263,,
Pacera,ask,2025-05-01,8,31,25.80645161,2025-05-03,2025-05-31,39943.00000000,False,Insufficient coverage,,,,-1.48477001,,
Pacera,bid,2025-05-01,8,31,25.80645161,2025-05-03,2025-05-31,38636.00000000,False,Insufficient coverage,,,,-2.12043675,,
Pacera,ask,2025-06-01,5,30,16.66666667,2025-06-08,2025-06-28,39496.00000000,False,Insufficient coverage,,,,-1.11909471,,
Pacera,bid,2025-06-01,5,30,16.66666667,2025-06-08,2025-06-28,37500.00000000,False,Insufficient coverage,,,,-2.94026297,,
Pacera,ask,2025-07-01,6,31,19.35483871,2025-07-06,2025-07-26,40248.00000000,False,Insufficient coverage,,,,1.90399028,,
Pacera,bid,2025-07-01,6,31,19.35483871,2025-07-06,2025-07-26,39213.00000000,False,Insufficient coverage,,,,4.56800000,,
Pacera,ask,2025-08-01,7,31,22.58064516,2025-08-03,2025-08-30,41105.00000000,False,Insufficient coverage,,,,2.12929835,,
Pacera,bid,2025-08-01,7,31,22.58064516,2025-08-03,2025-08-30,40000.00000000,False,Insufficient coverage,,,,2.00698748,,
Pacera,ask,2025-09-01,5,30,16.66666667,2025-09-03,2025-09-19,41380.00000000,False,Insufficient coverage,,,,0.66901837,,
Pacera,bid,2025-09-01,5,30,16.66666667,2025-09-03,2025-09-19,40000.00000000,False,Insufficient coverage,,,,0.00000000,,
Pacera,ask,2025-10-01,6,31,19.35483871,2025-10-04,2025-10-30,44635.50000000,False,Insufficient coverage,,,,7.86732721,,
Pacera,bid,2025-10-01,6,31,19.35483871,2025-10-04,2025-10-30,42552.50000000,False,Insufficient coverage,,,,6.38125000,,
Pacera,ask,2025-11-01,7,30,23.33333333,2025-11-03,2025-11-27,45109.00000000,False,Insufficient coverage,,,,1.06081482,,
Pacera,bid,2025-11-01,7,30,23.33333333,2025-11-03,2025-11-27,43502.00000000,False,Insufficient coverage,,,,2.23136126,,
Pacera,ask,2025-12-01,4,31,12.90322581,2025-12-15,2025-12-27,43799.00000000,False,Insufficient coverage,,,,-2.90407679,,
Pacera,bid,2025-12-01,4,31,12.90322581,2025-12-15,2025-12-27,42750.00000000,False,Insufficient coverage,,,,-1.72865615,,
Pacera,ask,2026-01-01,8,31,25.80645161,2026-01-03,2026-01-31,42046.50000000,False,Insufficient coverage,,,,-4.00123290,0.51396675,
Pacera,bid,2026-01-01,8,31,25.80645161,2026-01-03,2026-01-31,40953.00000000,False,Insufficient coverage,,,,-4.20350877,1.01376350,
Pacera,ask,2026-02-01,5,28,17.85714286,2026-02-04,2026-02-20,42076.00000000,False,Insufficient coverage,,,,0.07016042,-0.52484751,-1.03881426
Pacera,bid,2026-02-01,5,28,17.85714286,2026-02-04,2026-02-20,40908.00000000,False,Insufficient coverage,,,,-0.10988206,-0.22439024,-1.23815375
Pacera,ask,2026-03-01,7,31,22.58064516,2026-03-04,2026-03-29,41031.00000000,False,Insufficient coverage,,,,-2.48360110,1.57193782,2.09678533
Pacera,bid,2026-03-01,7,31,22.58064516,2026-03-04,2026-03-29,39602.00000000,False,Insufficient coverage,,,,-3.19252958,1.79677660,2.02116684
Pacera,ask,2026-04-01,10,30,33.33333333,2026-04-01,2026-04-28,41043.50000000,False,Insufficient coverage,,,,0.03046477,1.22949809,-0.34243973
Pacera,bid,2026-04-01,10,30,33.33333333,2026-04-01,2026-04-28,39094.00000000,False,Insufficient coverage,,,,-1.28276350,-0.96014998,-2.75692657
Pacera,ask,2026-05-01,11,31,35.48387097,2026-05-01,2026-05-31,41137.00000000,False,Insufficient coverage,,,,0.22780708,2.98925970,1.75976161
Pacera,bid,2026-05-01,11,31,35.48387097,2026-05-01,2026-05-31,39760.00000000,False,Insufficient coverage,,,,1.70358623,2.90920385,3.86935383
Pacera,ask,2026-06-01,8,30,26.66666667,2026-06-03,2026-06-30,41325.00000000,False,Insufficient coverage,,,,0.45700950,4.63084869,1.64158900
Pacera,bid,2026-06-01,8,30,26.66666667,2026-06-03,2026-06-30,40492.50000000,False,Insufficient coverage,,,,1.84230382,7.98000000,5.07079615
Pacera,ask,2026-07-01,7,31,22.58064516,2026-07-04,2026-07-28,43230.00000000,False,Insufficient coverage,,,,4.60980036,7.40906380,2.77821511
Pacera,bid,2026-07-01,7,31,22.58064516,2026-07-04,2026-07-28,42092.00000000,False,Insufficient coverage,,,,3.95011422,7.34195292,-0.63804708
Pacera,ask,2026-08-01,7,31,22.58064516,2026-08-01,2026-08-29,44496.00000000,False,Insufficient coverage,,,,2.92852186,8.24960467,0.84054087
Pacera,bid,2026-08-01,7,31,22.58064516,2026-08-01,2026-08-29,43507.00000000,False,Insufficient coverage,,,,3.36168393,8.76750000,1.42554708
Pacera,ask,2026-09-01,5,30,16.66666667,2026-09-02,2026-09-28,45830.00000000,False,Partial month,,,,,,
Pacera,bid,2026-09-01,5,30,16.66666667,2026-09-02,2026-09-28,44345.00000000,False,Partial month,,,,,,
Peloria,ask,2023-01-01,0,31,0.00000000,,,,False,Insufficient coverage,,,,,,
Peloria,bid,2023-01-01,0,31,0.00000000,,,,False,Insufficient coverage,,,,,,
Peloria,ask,2023-02-01,0,28,0.00000000,,,,False,Insufficient coverage,,,,,,
Peloria,bid,2023-02-01,0,28,0.00000000,,,,False,Insufficient coverage,,,,,,
Peloria,ask,2023-03-01,0,31,0.00000000,,,,False,Insufficient coverage,,,,,,
Peloria,bid,2023-03-01,0,31,0.00000000,,,,False,Insufficient coverage,,,,,,
Peloria,ask,2023-04-01,0,30,0.00000000,,,,False,Insufficient coverage,,,,,,
Peloria,bid,2023-04-01,0,30,0.00000000,,,,False,Insufficient coverage,,,,,,
Peloria,ask,2023-05-01,0,31,0.00000000,,,,False,Insufficient coverage,,,,,,
Peloria,bid,2023-05-01,0,31,0.00000000,,,,False,Insufficient coverage,,,,,,
Peloria,ask,2023-06-01,0,30,0.00000000,,,,False,Insufficient coverage,,,,,,
Peloria,bid,2023-06-01,0,30,0.00000000,,,,False,Insufficient coverage,,,,,,
Peloria,ask,2023-07-01,0,31,0.00000000,,,,False,Insufficient coverage,,,,,,
Peloria,bid,2023-07-01,0,31,0.00000000,,,,False,Insufficient coverage,,,,,,
Peloria,ask,2023-08-01,0,31,0.00000000,,,,False,Insufficient coverage,,,,,,
Peloria,bid,2023-08-01,0,31,0.00000000,,,,False,Insufficient coverage,,,,,,
Peloria,ask,2023-09-01,0,30,0.00000000,,,,False,Insufficient coverage,,,,,,
Peloria,bid,2023-09-01,0,30,0.00000000,,,,False,Insufficient coverage,,,,,,
Peloria,ask,2023-10-01,0,31,0.00000000,,,,False,Insufficient coverage,,,,,,
Peloria,bid,2023-10-01,0,31,0.00000000,,,,False,Insufficient coverage,,,,,,
Peloria,ask,2023-11-01,0,30,0.00000000,,,,False,Insufficient coverage,,,,,,
Peloria,bid,2023-11-01,0,30,0.00000000,,,,False,Insufficient coverage,,,,,,
Peloria,ask,2023-12-01,0,31,0.00000000,,,,False,Insufficient coverage,,,,,,
Peloria,bid,2023-12-01,0,31,0.00000000,,,,False,Insufficient coverage,,,,,,
Peloria,ask,2024-01-01,0,31,0.00000000,,,,False,Insufficient coverage,,,,,,
Peloria,bid,2024-01-01,0,31,0.00000000,,,,False,Insufficient coverage,,,,,,
Peloria,ask,2024-02-01,0,29,0.00000000,,,,False,Insufficient coverage,,,,,,
Peloria,bid,2024-02-01,0,29,0.00000000,,,,False,Insufficient coverage,,,,,,
Peloria,ask,2024-03-01,27,31,87.09677419,2024-03-01,2024-03-31,33932.00000000,True,Eligible,,,,,,
Peloria,bid,2024-03-01,27,31,87.09677419,2024-03-01,2024-03-31,32717.00000000,True,Eligible,,,,,,
Peloria,ask,2024-04-01,30,30,100.00000000,2024-04-01,2024-04-30,33966.00000000,True,Eligible,0.10020040,,,0.10020040,,
Peloria,bid,2024-04-01,30,30,100.00000000,2024-04-01,2024-04-30,33017.00000000,True,Eligible,0.91695449,,,0.91695449,,
Peloria,ask,2024-05-01,29,31,93.54838710,2024-05-01,2024-05-31,33088.00000000,True,Eligible,-2.58493788,,,-2.58493788,,
Peloria,bid,2024-05-01,29,31,93.54838710,2024-05-01,2024-05-31,32456.00000000,True,Eligible,-1.69912469,,,-1.69912469,,
Peloria,ask,2024-06-01,29,30,96.66666667,2024-06-01,2024-06-30,30000.00000000,True,Eligible,-9.33268859,,,-9.33268859,,
Peloria,bid,2024-06-01,29,30,96.66666667,2024-06-01,2024-06-30,29225.00000000,True,Eligible,-9.95501602,,,-9.95501602,,
Peloria,ask,2024-07-01,28,31,90.32258065,2024-07-01,2024-07-31,29959.00000000,True,Eligible,-0.13666667,,,-0.13666667,,
Peloria,bid,2024-07-01,28,31,90.32258065,2024-07-01,2024-07-31,28945.50000000,True,Eligible,-0.95637297,,,-0.95637297,,
Peloria,ask,2024-08-01,22,31,70.96774194,2024-08-01,2024-08-26,31643.00000000,True,Eligible,5.62101539,,,5.62101539,,
Peloria,bid,2024-08-01,22,31,70.96774194,2024-08-01,2024-08-26,30700.50000000,True,Eligible,6.06311862,,,6.06311862,,
Peloria,ask,2024-09-01,26,30,86.66666667,2024-09-01,2024-09-30,35843.00000000,True,Eligible,13.27307777,,,13.27307777,,
Peloria,bid,2024-09-01,26,30,86.66666667,2024-09-01,2024-09-30,34412.00000000,True,Eligible,12.08937965,,,12.08937965,,
Peloria,ask,2024-10-01,30,31,96.77419355,2024-10-01,2024-10-31,39471.00000000,True,Eligible,10.12192060,,,10.12192060,,
Peloria,bid,2024-10-01,30,31,96.77419355,2024-10-01,2024-10-31,37686.50000000,True,Eligible,9.51557596,,,9.51557596,,
Peloria,ask,2024-11-01,29,30,96.66666667,2024-11-01,2024-11-30,39666.00000000,True,Eligible,0.49403359,,,0.49403359,,
Peloria,bid,2024-11-01,29,30,96.66666667,2024-11-01,2024-11-30,38014.00000000,True,Eligible,0.86901145,,,0.86901145,,
Peloria,ask,2024-12-01,31,31,100.00000000,2024-12-01,2024-12-31,39471.00000000,True,Eligible,-0.49160490,,,-0.49160490,,
Peloria,bid,2024-12-01,31,31,100.00000000,2024-12-01,2024-12-31,38101.00000000,True,Eligible,0.22886305,,,0.22886305,,
Peloria,ask,2025-01-01,26,31,83.87096774,2025-01-01,2025-01-30,38998.00000000,True,Eligible,-1.19834815,,,-1.19834815,,
Peloria,bid,2025-01-01,26,31,83.87096774,2025-01-01,2025-01-30,37598.00000000,True,Eligible,-1.32017532,,,-1.32017532,,
Peloria,ask,2025-02-01,7,28,25.00000000,2025-02-03,2025-02-27,38975.00000000,False,Insufficient coverage,,,,-0.05897738,,
Peloria,bid,2025-02-01,7,28,25.00000000,2025-02-03,2025-02-27,38156.00000000,False,Insufficient coverage,,,,1.48412150,,
Peloria,ask,2025-03-01,8,31,25.80645161,2025-03-03,2025-03-31,38354.50000000,False,Insufficient coverage,,,,-1.59204618,13.03341978,
Peloria,bid,2025-03-01,8,31,25.80645161,2025-03-03,2025-03-31,36757.50000000,False,Insufficient coverage,,,,-3.66521648,12.34984870,
Peloria,ask,2025-04-01,7,30,23.33333333,2025-04-04,2025-04-28,36776.00000000,False,Insufficient coverage,,,,-4.11555359,8.27297886,-4.76044092
Peloria,bid,2025-04-01,7,30,23.33333333,2025-04-04,2025-04-28,36020.00000000,False,Insufficient coverage,,,,-2.00639325,9.09531453,-3.25453417
Peloria,ask,2025-05-01,8,31,25.80645161,2025-05-02,2025-05-30,34139.00000000,False,Insufficient coverage,,,,-7.17043724,3.17637814,-5.09660072
Peloria,bid,2025-05-01,8,31,25.80645161,2025-05-02,2025-05-30,33139.50000000,False,Insufficient coverage,,,,-7.99694614,2.10592803,-6.98938651
Peloria,ask,2025-06-01,6,30,20.00000000,2025-06-03,2025-06-27,33553.50000000,False,Insufficient coverage,,,,-1.71504731,11.84500000,8.66862186
Peloria,bid,2025-06-01,6,30,20.00000000,2025-06-03,2025-06-27,31812.00000000,False,Insufficient coverage,,,,-4.00579369,8.85201027,6.74608224
Peloria,ask,2025-07-01,6,31,19.35483871,2025-07-05,2025-07-27,33760.50000000,False,Insufficient coverage,,,,0.61692521,12.68900831,0.84400831
Peloria,bid,2025-07-01,6,31,19.35483871,2025-07-05,2025-07-27,32554.50000000,False,Insufficient coverage,,,,2.33402490,12.46825931,3.61624905
Peloria,ask,2025-08-01,7,31,22.58064516,2025-08-04,2025-08-28,36282.00000000,False,Insufficient coverage,,,,7.46878749,14.66043043,1.97142212
Peloria,bid,2025-08-01,7,31,22.58064516,2025-08-04,2025-08-28,35148.00000000,False,Insufficient coverage,,,,7.96664056,14.48673474,2.01847543
Peloria,ask,2025-09-01,8,30,26.66666667,2025-09-01,2025-09-30,37324.50000000,False,Insufficient coverage,,,,2.87332562,4.13330357,-10.52712685
Peloria,bid,2025-09-01,8,30,26.66666667,2025-09-01,2025-09-30,36102.00000000,False,Insufficient coverage,,,,2.71423694,4.91107753,-9.57565721
Peloria,ask,2025-10-01,7,31,22.58064516,2025-10-06,2025-10-29,40632.00000000,False,Insufficient coverage,,,,8.86147169,2.94140002,-1.19190356
Peloria,bid,2025-10-01,7,31,22.58064516,2025-10-06,2025-10-29,39611.00000000,False,Insufficient coverage,,,,9.71968312,5.10660316,0.19552563
Peloria,ask,2025-11-01,8,30,26.66666667,2025-11-02,2025-11-30,40438.00000000,False,Insufficient coverage,,,,-0.47745619,1.94625120,-0.99514882
Peloria,bid,2025-11-01,8,30,26.66666667,2025-11-02,2025-11-30,39333.00000000,False,Insufficient coverage,,,,-0.70182525,3.46977429,-1.63682887
Peloria,ask,2025-12-01,7,31,22.58064516,2025-12-06,2025-12-30,40000.00000000,False,Insufficient coverage,,,,-1.08313962,1.34022447,-0.60602673
Peloria,bid,2025-12-01,7,31,22.58064516,2025-12-06,2025-12-30,39050.00000000,False,Insufficient coverage,,,,-0.71949762,2.49074827,-0.97902602
Peloria,ask,2026-01-01,7,31,22.58064516,2026-01-06,2026-01-30,38586.00000000,False,Insufficient coverage,,,,-3.53500000,-1.05646443,-2.39668890
Peloria,bid,2026-01-01,7,31,22.58064516,2026-01-06,2026-01-30,37713.00000000,False,Insufficient coverage,,,,-3.42381562,0.30586733,-2.18488094
Peloria,ask,2026-02-01,6,28,21.42857143,2026-02-07,2026-02-27,38724.50000000,False,Insufficient coverage,,,,0.35893848,-0.64271969,0.41374474
Peloria,bid,2026-02-01,6,28,21.42857143,2026-02-07,2026-02-27,38056.50000000,False,Insufficient coverage,,,,0.91082651,-0.26077157,-0.56663890
Peloria,ask,2026-03-01,2,31,6.45161290,2026-03-03,2026-03-07,38159.00000000,False,Insufficient coverage,,,,-1.46031582,-0.50971855,0.13300115
Peloria,bid,2026-03-01,2,31,6.45161290,2026-03-03,2026-03-07,37034.50000000,False,Insufficient coverage,,,,-2.68548080,0.75358770,1.01435927
Peloria,ask,2026-04-01,6,30,20.00000000,2026-04-10,2026-04-25,38142.00000000,False,Insufficient coverage,,,,-0.04455043,3.71437894,4.22409749
Peloria,bid,2026-04-01,6,30,20.00000000,2026-04-10,2026-04-25,37110.50000000,False,Insufficient coverage,,,,0.20521406,3.02748473,2.27389703
Peloria,ask,2026-05-01,11,31,35.48387097,2026-05-01,2026-05-31,37177.00000000,False,Insufficient coverage,,,,-2.53001940,8.89891327,5.18453432
Peloria,bid,2026-05-01,11,31,35.48387097,2026-05-01,2026-05-31,36010.00000000,False,Insufficient coverage,,,,-2.96546799,8.66186877,5.63438404
Peloria,ask,2026-06-01,8,30,26.66666667,2026-06-03,2026-06-30,37537.00000000,False,Insufficient coverage,,,,0.96834064,11.87208488,2.97317161
Peloria,bid,2026-06-01,8,30,26.66666667,2026-06-03,2026-06-30,36079.00000000,False,Insufficient coverage,,,,0.19161344,13.41317742,4.75130865
Peloria,ask,2026-07-01,7,31,22.58064516,2026-07-04,2026-07-28,37594.00000000,False,Insufficient coverage,,,,0.15185017,11.35498586,-0.51709902
Peloria,bid,2026-07-01,7,31,22.58064516,2026-07-04,2026-07-28,36038.00000000,False,Insufficient coverage,,,,-0.11363951,10.70051759,-2.71265982
Peloria,ask,2026-08-01,7,31,22.58064516,2026-08-01,2026-08-29,41500.00000000,False,Insufficient coverage,,,,10.38995584,14.38178711,3.02680126
Peloria,bid,2026-08-01,7,31,22.58064516,2026-08-01,2026-08-29,39800.00000000,False,Insufficient coverage,,,,10.43898108,13.23546148,2.53494388
Peloria,ask,2026-09-01,3,30,10.00000000,2026-09-02,2026-09-28,46893.00000000,False,Partial month,,,,,,
Peloria,bid,2026-09-01,3,30,10.00000000,2026-09-02,2026-09-28,43539.00000000,False,Partial month,,,,,,
Quelibra,ask,2023-01-01,0,31,0.00000000,,,,False,Insufficient coverage,,,,,,
Quelibra,bid,2023-01-01,0,31,0.00000000,,,,False,Insufficient coverage,,,,,,
Quelibra,ask,2023-02-01,0,28,0.00000000,,,,False,Insufficient coverage,,,,,,
Quelibra,bid,2023-02-01,0,28,0.00000000,,,,False,Insufficient coverage,,,,,,
Quelibra,ask,2023-03-01,0,31,0.00000000,,,,False,Insufficient coverage,,,,,,
Quelibra,bid,2023-03-01,0,31,0.00000000,,,,False,Insufficient coverage,,,,,,
Quelibra,ask,2023-04-01,0,30,0.00000000,,,,False,Insufficient coverage,,,,,,
Quelibra,bid,2023-04-01,0,30,0.00000000,,,,False,Insufficient coverage,,,,,,
Quelibra,ask,2023-05-01,0,31,0.00000000,,,,False,Insufficient coverage,,,,,,
Quelibra,bid,2023-05-01,0,31,0.00000000,,,,False,Insufficient coverage,,,,,,
Quelibra,ask,2023-06-01,0,30,0.00000000,,,,False,Insufficient coverage,,,,,,
Quelibra,bid,2023-06-01,0,30,0.00000000,,,,False,Insufficient coverage,,,,,,
Quelibra,ask,2023-07-01,0,31,0.00000000,,,,False,Insufficient coverage,,,,,,
Quelibra,bid,2023-07-01,0,31,0.00000000,,,,False,Insufficient coverage,,,,,,
Quelibra,ask,2023-08-01,0,31,0.00000000,,,,False,Insufficient coverage,,,,,,
Quelibra,bid,2023-08-01,0,31,0.00000000,,,,False,Insufficient coverage,,,,,,
Quelibra,ask,2023-09-01,0,30,0.00000000,,,,False,Insufficient coverage,,,,,,
Quelibra,bid,2023-09-01,0,30,0.00000000,,,,False,Insufficient coverage,,,,,,
Quelibra,ask,2023-10-01,0,31,0.00000000,,,,False,Insufficient coverage,,,,,,
Quelibra,bid,2023-10-01,0,31,0.00000000,,,,False,Insufficient coverage,,,,,,
Quelibra,ask,2023-11-01,0,30,0.00000000,,,,False,Insufficient coverage,,,,,,
Quelibra,bid,2023-11-01,0,30,0.00000000,,,,False,Insufficient coverage,,,,,,
Quelibra,ask,2023-12-01,0,31,0.00000000,,,,False,Insufficient coverage,,,,,,
Quelibra,bid,2023-12-01,0,31,0.00000000,,,,False,Insufficient coverage,,,,,,
Quelibra,ask,2024-01-01,0,31,0.00000000,,,,False,Insufficient coverage,,,,,,
Quelibra,bid,2024-01-01,0,31,0.00000000,,,,False,Insufficient coverage,,,,,,
Quelibra,ask,2024-02-01,0,29,0.00000000,,,,False,Insufficient coverage,,,,,,
Quelibra,bid,2024-02-01,0,29,0.00000000,,,,False,Insufficient coverage,,,,,,
Quelibra,ask,2024-03-01,0,31,0.00000000,,,,False,Insufficient coverage,,,,,,
Quelibra,bid,2024-03-01,0,31,0.00000000,,,,False,Insufficient coverage,,,,,,
Quelibra,ask,2024-04-01,0,30,0.00000000,,,,False,Insufficient coverage,,,,,,
Quelibra,bid,2024-04-01,0,30,0.00000000,,,,False,Insufficient coverage,,,,,,
Quelibra,ask,2024-05-01,0,31,0.00000000,,,,False,Insufficient coverage,,,,,,
Quelibra,bid,2024-05-01,0,31,0.00000000,,,,False,Insufficient coverage,,,,,,
Quelibra,ask,2024-06-01,0,30,0.00000000,,,,False,Insufficient coverage,,,,,,
Quelibra,bid,2024-06-01,0,30,0.00000000,,,,False,Insufficient coverage,,,,,,
Quelibra,ask,2024-07-01,0,31,0.00000000,,,,False,Insufficient coverage,,,,,,
Quelibra,bid,2024-07-01,0,31,0.00000000,,,,False,Insufficient coverage,,,,,,
Quelibra,ask,2024-08-01,0,31,0.00000000,,,,False,Insufficient coverage,,,,,,
Quelibra,bid,2024-08-01,0,31,0.00000000,,,,False,Insufficient coverage,,,,,,
Quelibra,ask,2024-09-01,0,30,0.00000000,,,,False,Insufficient coverage,,,,,,
Quelibra,bid,2024-09-01,0,30,0.00000000,,,,False,Insufficient coverage,,,,,,
Quelibra,ask,2024-10-01,0,31,0.00000000,,,,False,Insufficient coverage,,,,,,
Quelibra,bid,2024-10-01,0,31,0.00000000,,,,False,Insufficient coverage,,,,,,
Quelibra,ask,2024-11-01,0,30,0.00000000,,,,False,Insufficient coverage,,,,,,
Quelibra,bid,2024-11-01,0,30,0.00000000,,,,False,Insufficient coverage,,,,,,
Quelibra,ask,2024-12-01,0,31,0.00000000,,,,False,Insufficient coverage,,,,,,
Quelibra,bid,2024-12-01,0,31,0.00000000,,,,False,Insufficient coverage,,,,,,
Quelibra,ask,2025-01-01,0,31,0.00000000,,,,False,Insufficient coverage,,,,,,
Quelibra,bid,2025-01-01,0,31,0.00000000,,,,False,Insufficient coverage,,,,,,
Quelibra,ask,2025-02-01,0,28,0.00000000,,,,False,Insufficient coverage,,,,,,
Quelibra,bid,2025-02-01,0,28,0.00000000,,,,False,Insufficient coverage,,,,,,
Quelibra,ask,2025-03-01,0,31,0.00000000,,,,False,Insufficient coverage,,,,,,
Quelibra,bid,2025-03-01,0,31,0.00000000,,,,False,Insufficient coverage,,,,,,
Quelibra,ask,2025-04-01,0,30,0.00000000,,,,False,Insufficient coverage,,,,,,
Quelibra,bid,2025-04-01,0,30,0.00000000,,,,False,Insufficient coverage,,,,,,
Quelibra,ask,2025-05-01,0,31,0.00000000,,,,False,Insufficient coverage,,,,,,
Quelibra,bid,2025-05-01,0,31,0.00000000,,,,False,Insufficient coverage,,,,,,
Quelibra,ask,2025-06-01,0,30,0.00000000,,,,False,Insufficient coverage,,,,,,
Quelibra,bid,2025-06-01,0,30,0.00000000,,,,False,Insufficient coverage,,,,,,
Quelibra,ask,2025-07-01,0,31,0.00000000,,,,False,Insufficient coverage,,,,,,
Quelibra,bid,2025-07-01,0,31,0.00000000,,,,False,Insufficient coverage,,,,,,
Quelibra,ask,2025-08-01,0,31,0.00000000,,,,False,Insufficient coverage,,,,,,
Quelibra,bid,2025-08-01,0,31,0.00000000,,,,False,Insufficient coverage,,,,,,
Quelibra,ask,2025-09-01,0,30,0.00000000,,,,False,Insufficient coverage,,,,,,
Quelibra,bid,2025-09-01,0,30,0.00000000,,,,False,Insufficient coverage,,,,,,
Quelibra,ask,2025-10-01,12,31,38.70967742,2025-10-03,2025-10-30,41059.50000000,False,Insufficient coverage,,,,,,
Quelibra,bid,2025-10-01,12,31,38.70967742,2025-10-03,2025-10-30,39630.50000000,False,Insufficient coverage,,,,,,
Quelibra,ask,2025-11-01,14,30,46.66666667,2025-11-01,2025-11-29,40935.50000000,False,Insufficient coverage,,,,-0.30200076,,
Quelibra,bid,2025-11-01,14,30,46.66666667,2025-11-01,2025-11-29,39952.50000000,False,Insufficient coverage,,,,0.81250552,,
Quelibra,ask,2025-12-01,12,31,38.70967742,2025-12-01,2025-12-30,40591.50000000,False,Insufficient coverage,,,,-0.84034640,,
Quelibra,bid,2025-12-01,12,31,38.70967742,2025-12-01,2025-12-30,39255.00000000,False,Insufficient coverage,,,,-1.74582317,,
Quelibra,ask,2026-01-01,14,31,45.16129032,2026-01-05,2026-01-31,38937.50000000,False,Insufficient coverage,,,,-4.07474471,,
Quelibra,bid,2026-01-01,14,31,45.16129032,2026-01-05,2026-01-31,38078.00000000,False,Insufficient coverage,,,,-2.99834416,,
Quelibra,ask,2026-02-01,12,28,42.85714286,2026-02-02,2026-02-26,38917.00000000,False,Insufficient coverage,,,,-0.05264848,,
Quelibra,bid,2026-02-01,12,28,42.85714286,2026-02-02,2026-02-26,37707.00000000,False,Insufficient coverage,,,,-0.97431588,,
Quelibra,ask,2026-03-01,19,31,61.29032258,2026-03-02,2026-03-31,38300.00000000,True,Eligible,,,,-1.58542539,,
Quelibra,bid,2026-03-01,19,31,61.29032258,2026-03-02,2026-03-31,37175.00000000,True,Eligible,,,,-1.41087862,,
Quelibra,ask,2026-04-01,30,30,100.00000000,2026-04-01,2026-04-30,38199.50000000,True,Eligible,-0.26240209,,,-0.26240209,,
Quelibra,bid,2026-04-01,30,30,100.00000000,2026-04-01,2026-04-30,37326.50000000,True,Eligible,0.40753194,,,0.40753194,,
Quelibra,ask,2026-05-01,30,31,96.77419355,2026-05-01,2026-05-31,37597.00000000,True,Eligible,-1.57724578,,,-1.57724578,,
Quelibra,bid,2026-05-01,30,31,96.77419355,2026-05-01,2026-05-31,36409.50000000,True,Eligible,-2.45669966,,,-2.45669966,,
Quelibra,ask,2026-06-01,28,30,93.33333333,2026-06-01,2026-06-30,37575.50000000,True,Eligible,-0.05718541,,,-0.05718541,,
Quelibra,bid,2026-06-01,28,30,93.33333333,2026-06-01,2026-06-30,36328.50000000,True,Eligible,-0.22246941,,,-0.22246941,,
Quelibra,ask,2026-07-01,30,31,96.77419355,2026-07-01,2026-07-31,39362.50000000,True,Eligible,4.75575841,,,4.75575841,,
Quelibra,bid,2026-07-01,30,31,96.77419355,2026-07-01,2026-07-31,37500.00000000,True,Eligible,3.22474091,,,3.22474091,,
Quelibra,ask,2026-08-01,29,31,93.54838710,2026-08-01,2026-08-31,42110.00000000,True,Eligible,6.97999365,,,6.97999365,,
Quelibra,bid,2026-08-01,29,31,93.54838710,2026-08-01,2026-08-31,40514.00000000,True,Eligible,8.03733333,,,8.03733333,,
Quelibra,ask,2026-09-01,10,30,33.33333333,2026-09-01,2026-09-28,43865.50000000,False,Partial month,,,,,,
Quelibra,bid,2026-09-01,10,30,33.33333333,2026-09-01,2026-09-28,42401.50000000,False,Partial month,,,,,,
Rasteibra,ask,2023-01-01,0,31,0.00000000,,,,False,Insufficient coverage,,,,,,
Rasteibra,bid,2023-01-01,0,31,0.00000000,,,,False,Insufficient coverage,,,,,,
Rasteibra,ask,2023-02-01,0,28,0.00000000,,,,False,Insufficient coverage,,,,,,
Rasteibra,bid,2023-02-01,0,28,0.00000000,,,,False,Insufficient coverage,,,,,,
Rasteibra,ask,2023-03-01,0,31,0.00000000,,,,False,Insufficient coverage,,,,,,
Rasteibra,bid,2023-03-01,0,31,0.00000000,,,,False,Insufficient coverage,,,,,,
Rasteibra,ask,2023-04-01,0,30,0.00000000,,,,False,Insufficient coverage,,,,,,
Rasteibra,bid,2023-04-01,0,30,0.00000000,,,,False,Insufficient coverage,,,,,,
Rasteibra,ask,2023-05-01,0,31,0.00000000,,,,False,Insufficient coverage,,,,,,
Rasteibra,bid,2023-05-01,0,31,0.00000000,,,,False,Insufficient coverage,,,,,,
Rasteibra,ask,2023-06-01,0,30,0.00000000,,,,False,Insufficient coverage,,,,,,
Rasteibra,bid,2023-06-01,0,30,0.00000000,,,,False,Insufficient coverage,,,,,,
Rasteibra,ask,2023-07-01,0,31,0.00000000,,,,False,Insufficient coverage,,,,,,
Rasteibra,bid,2023-07-01,0,31,0.00000000,,,,False,Insufficient coverage,,,,,,
Rasteibra,ask,2023-08-01,0,31,0.00000000,,,,False,Insufficient coverage,,,,,,
Rasteibra,bid,2023-08-01,0,31,0.00000000,,,,False,Insufficient coverage,,,,,,
Rasteibra,ask,2023-09-01,0,30,0.00000000,,,,False,Insufficient coverage,,,,,,
Rasteibra,bid,2023-09-01,0,30,0.00000000,,,,False,Insufficient coverage,,,,,,
Rasteibra,ask,2023-10-01,0,31,0.00000000,,,,False,Insufficient coverage,,,,,,
Rasteibra,bid,2023-10-01,0,31,0.00000000,,,,False,Insufficient coverage,,,,,,
Rasteibra,ask,2023-11-01,0,30,0.00000000,,,,False,Insufficient coverage,,,,,,
Rasteibra,bid,2023-11-01,0,30,0.00000000,,,,False,Insufficient coverage,,,,,,
Rasteibra,ask,2023-12-01,0,31,0.00000000,,,,False,Insufficient coverage,,,,,,
Rasteibra,bid,2023-12-01,0,31,0.00000000,,,,False,Insufficient coverage,,,,,,
Rasteibra,ask,2024-01-01,0,31,0.00000000,,,,False,Insufficient coverage,,,,,,
Rasteibra,bid,2024-01-01,0,31,0.00000000,,,,False,Insufficient coverage,,,,,,
Rasteibra,ask,2024-02-01,0,29,0.00000000,,,,False,Insufficient coverage,,,,,,
Rasteibra,bid,2024-02-01,0,29,0.00000000,,,,False,Insufficient coverage,,,,,,
Rasteibra,ask,2024-03-01,0,31,0.00000000,,,,False,Insufficient coverage,,,,,,
Rasteibra,bid,2024-03-01,0,31,0.00000000,,,,False,Insufficient coverage,,,,,,
Rasteibra,ask,2024-04-01,0,30,0.00000000,,,,False,Insufficient coverage,,,,,,
Rasteibra,bid,2024-04-01,0,30,0.00000000,,,,False,Insufficient coverage,,,,,,
Rasteibra,ask,2024-05-01,0,31,0.00000000,,,,False,Insufficient coverage,,,,,,
Rasteibra,bid,2024-05-01,0,31,0.00000000,,,,False,Insufficient coverage,,,,,,
Rasteibra,ask,2024-06-01,0,30,0.00000000,,,,False,Insufficient coverage,,,,,,
Rasteibra,bid,2024-06-01,0,30,0.00000000,,,,False,Insufficient coverage,,,,,,
Rasteibra,ask,2024-07-01,0,31,0.00000000,,,,False,Insufficient coverage,,,,,,
Rasteibra,bid,2024-07-01,0,31,0.00000000,,,,False,Insufficient coverage,,,,,,
Rasteibra,ask,2024-08-01,0,31,0.00000000,,,,False,Insufficient coverage,,,,,,
Rasteibra,bid,2024-08-01,0,31,0.00000000,,,,False,Insufficient coverage,,,,,,
Rasteibra,ask,2024-09-01,0,30,0.00000000,,,,False,Insufficient coverage,,,,,,
Rasteibra,bid,2024-09-01,0,30,0.00000000,,,,False,Insufficient coverage,,,,,,
Rasteibra,ask,2024-10-01,0,31,0.00000000,,,,False,Insufficient coverage,,,,,,
Rasteibra,bid,2024-10-01,0,31,0.00000000,,,,False,Insufficient coverage,,,,,,
Rasteibra,ask,2024-11-01,0,30,0.00000000,,,,False,Insufficient coverage,,,,,,
Rasteibra,bid,2024-11-01,0,30,0.00000000,,,,False,Insufficient coverage,,,,,,
Rasteibra,ask,2024-12-01,0,31,0.00000000,,,,False,Insufficient coverage,,,,,,
Rasteibra,bid,2024-12-01,0,31,0.00000000,,,,False,Insufficient coverage,,,,,,
Rasteibra,ask,2025-01-01,1,31,3.22580645,2025-01-30,2025-01-30,39549.00000000,False,Insufficient coverage,,,,,,
Rasteibra,bid,2025-01-01,1,31,3.22580645,2025-01-30,2025-01-30,38970.00000000,False,Insufficient coverage,,,,,,
Rasteibra,ask,2025-02-01,7,28,25.00000000,2025-02-02,2025-02-25,39755.00000000,False,Insufficient coverage,,,,0.52087284,,
Rasteibra,bid,2025-02-01,7,28,25.00000000,2025-02-02,2025-02-25,38917.00000000,False,Insufficient coverage,,,,-0.13600205,,
Rasteibra,ask,2025-03-01,8,31,25.80645161,2025-03-01,2025-03-29,38349.50000000,False,Insufficient coverage,,,,-3.53540435,,
Rasteibra,bid,2025-03-01,8,31,25.80645161,2025-03-01,2025-03-29,37560.50000000,False,Insufficient coverage,,,,-3.48562325,,
Rasteibra,ask,2025-04-01,7,30,23.33333333,2025-04-06,2025-04-30,37264.00000000,False,Insufficient coverage,,,,-2.83054538,,
Rasteibra,bid,2025-04-01,7,30,23.33333333,2025-04-06,2025-04-30,36010.00000000,False,Insufficient coverage,,,,-4.12800682,,
Rasteibra,ask,2025-05-01,6,31,19.35483871,2025-05-08,2025-05-28,35686.50000000,False,Insufficient coverage,,,,-4.23330829,,
Rasteibra,bid,2025-05-01,6,31,19.35483871,2025-05-08,2025-05-28,34422.00000000,False,Insufficient coverage,,,,-4.40988614,,
Rasteibra,ask,2025-06-01,6,30,20.00000000,2025-06-01,2025-06-19,34338.50000000,False,Insufficient coverage,,,,-3.77733877,,
Rasteibra,bid,2025-06-01,6,30,20.00000000,2025-06-01,2025-06-19,33618.50000000,False,Insufficient coverage,,,,-2.33426297,,
Rasteibra,ask,2025-07-01,5,31,16.12903226,2025-07-05,2025-07-25,33900.00000000,False,Insufficient coverage,,,,-1.27699230,,
Rasteibra,bid,2025-07-01,5,31,16.12903226,2025-07-05,2025-07-25,33201.00000000,False,Insufficient coverage,,,,-1.24187575,,
Rasteibra,ask,2025-08-01,7,31,22.58064516,2025-08-02,2025-08-30,36400.00000000,False,Insufficient coverage,,,,7.37463127,,
Rasteibra,bid,2025-08-01,7,31,22.58064516,2025-08-02,2025-08-30,36004.00000000,False,Insufficient coverage,,,,8.44251679,,
Rasteibra,ask,2025-09-01,6,30,20.00000000,2025-09-03,2025-09-28,37728.00000000,False,Insufficient coverage,,,,3.64835165,,
Rasteibra,bid,2025-09-01,6,30,20.00000000,2025-09-03,2025-09-28,36704.00000000,False,Insufficient coverage,,,,1.94422842,,
Rasteibra,ask,2025-10-01,12,31,38.70967742,2025-10-04,2025-10-30,40794.50000000,False,Insufficient coverage,,,,8.12791561,,
Rasteibra,bid,2025-10-01,12,31,38.70967742,2025-10-04,2025-10-30,40150.00000000,False,Insufficient coverage,,,,9.38862249,,
Rasteibra,ask,2025-11-01,15,30,50.00000000,2025-11-01,2025-11-29,40627.00000000,False,Insufficient coverage,,,,-0.41059457,,
Rasteibra,bid,2025-11-01,15,30,50.00000000,2025-11-01,2025-11-29,39956.00000000,False,Insufficient coverage,,,,-0.48318804,,
Rasteibra,ask,2025-12-01,14,31,45.16129032,2025-12-01,2025-12-29,40488.50000000,False,Insufficient coverage,,,,-0.34090629,,
Rasteibra,bid,2025-12-01,14,31,45.16129032,2025-12-01,2025-12-29,39328.00000000,False,Insufficient coverage,,,,-1.57172890,,
Rasteibra,ask,2026-01-01,12,31,38.70967742,2026-01-06,2026-01-31,38927.50000000,False,Insufficient coverage,,,,-3.85541574,-1.57146831,
Rasteibra,bid,2026-01-01,12,31,38.70967742,2026-01-06,2026-01-31,38024.00000000,False,Insufficient coverage,,,,-3.31570382,-2.42750834,
Rasteibra,ask,2026-02-01,12,28,42.85714286,2026-02-02,2026-02-26,39045.00000000,False,Insufficient coverage,,,,0.30184317,-1.78593888,-0.21447057
Rasteibra,bid,2026-02-01,12,28,42.85714286,2026-02-02,2026-02-26,37799.50000000,False,Insufficient coverage,,,,-0.59041658,-2.87149575,-0.44398741
Rasteibra,ask,2026-03-01,15,31,48.38709677,2026-03-02,2026-03-31,38000.00000000,False,Insufficient coverage,,,,-2.67639903,-0.91135478,0.87458410
Rasteibra,bid,2026-03-01,15,31,48.38709677,2026-03-02,2026-03-31,37105.00000000,False,Insufficient coverage,,,,-1.83732589,-1.21271016,1.65878559
Rasteibra,ask,2026-04-01,14,30,46.66666667,2026-04-04,2026-04-30,38293.50000000,False,Insufficient coverage,,,,0.77236842,2.76272005,3.67407483
Rasteibra,bid,2026-04-01,14,30,46.66666667,2026-04-04,2026-04-30,37007.50000000,False,Insufficient coverage,,,,-0.26276782,2.77006387,3.98277403
Rasteibra,ask,2026-05-01,13,31,41.93548387,2026-05-02,2026-05-30,37788.00000000,False,Insufficient coverage,,,,-1.32006737,5.88878147,3.12606142
Rasteibra,bid,2026-05-01,13,31,41.93548387,2026-05-02,2026-05-30,36892.00000000,False,Insufficient coverage,,,,-0.31209890,7.17564348,4.40557961
Rasteibra,ask,2026-06-01,15,30,50.00000000,2026-06-01,2026-06-30,37586.00000000,False,Insufficient coverage,,,,-0.53456124,9.45731468,3.56853320
Rasteibra,bid,2026-06-01,15,30,50.00000000,2026-06-01,2026-06-30,36514.00000000,False,Insufficient coverage,,,,-1.02461238,8.61281735,1.43717386
Rasteibra,ask,2026-07-01,15,31,48.38709677,2026-07-02,2026-07-30,39400.00000000,False,Insufficient coverage,,,,4.82626510,16.22418879,6.76687411
Rasteibra,bid,2026-07-01,15,31,48.38709677,2026-07-02,2026-07-30,38018.00000000,False,Insufficient coverage,,,,4.11896807,14.50859914,5.89578179
Rasteibra,ask,2026-08-01,16,31,51.61290323,2026-08-01,2026-08-31,41897.00000000,False,Insufficient coverage,,,,6.33756345,15.10164835,-1.12254044
Rasteibra,bid,2026-08-01,16,31,51.61290323,2026-08-01,2026-08-31,40331.50000000,False,Insufficient coverage,,,,6.08527540,12.01949783,-2.48910131
Rasteibra,ask,2026-09-01,12,30,40.00000000,2026-09-02,2026-09-28,43382.50000000,False,Partial month,,,,,,
Rasteibra,bid,2026-09-01,12,30,40.00000000,2026-09-02,2026-09-28,42183.00000000,False,Partial month,,,,,,
Refugia,ask,2023-01-01,0,31,0.00000000,,,,False,Insufficient coverage,,,,,,
Refugia,bid,2023-01-01,0,31,0.00000000,,,,False,Insufficient coverage,,,,,,
Refugia,ask,2023-02-01,0,28,0.00000000,,,,False,Insufficient coverage,,,,,,
Refugia,bid,2023-02-01,0,28,0.00000000,,,,False,Insufficient coverage,,,,,,
Refugia,ask,2023-03-01,0,31,0.00000000,,,,False,Insufficient coverage,,,,,,
Refugia,bid,2023-03-01,0,31,0.00000000,,,,False,Insufficient coverage,,,,,,
Refugia,ask,2023-04-01,0,30,0.00000000,,,,False,Insufficient coverage,,,,,,
Refugia,bid,2023-04-01,0,30,0.00000000,,,,False,Insufficient coverage,,,,,,
Refugia,ask,2023-05-01,0,31,0.00000000,,,,False,Insufficient coverage,,,,,,
Refugia,bid,2023-05-01,0,31,0.00000000,,,,False,Insufficient coverage,,,,,,
Refugia,ask,2023-06-01,0,30,0.00000000,,,,False,Insufficient coverage,,,,,,
Refugia,bid,2023-06-01,0,30,0.00000000,,,,False,Insufficient coverage,,,,,,
Refugia,ask,2023-07-01,0,31,0.00000000,,,,False,Insufficient coverage,,,,,,
Refugia,bid,2023-07-01,0,31,0.00000000,,,,False,Insufficient coverage,,,,,,
Refugia,ask,2023-08-01,0,31,0.00000000,,,,False,Insufficient coverage,,,,,,
Refugia,bid,2023-08-01,0,31,0.00000000,,,,False,Insufficient coverage,,,,,,
Refugia,ask,2023-09-01,0,30,0.00000000,,,,False,Insufficient coverage,,,,,,
Refugia,bid,2023-09-01,0,30,0.00000000,,,,False,Insufficient coverage,,,,,,
Refugia,ask,2023-10-01,0,31,0.00000000,,,,False,Insufficient coverage,,,,,,
Refugia,bid,2023-10-01,0,31,0.00000000,,,,False,Insufficient coverage,,,,,,
Refugia,ask,2023-11-01,0,30,0.00000000,,,,False,Insufficient coverage,,,,,,
Refugia,bid,2023-11-01,0,30,0.00000000,,,,False,Insufficient coverage,,,,,,
Refugia,ask,2023-12-01,0,31,0.00000000,,,,False,Insufficient coverage,,,,,,
Refugia,bid,2023-12-01,0,31,0.00000000,,,,False,Insufficient coverage,,,,,,
Refugia,ask,2024-01-01,0,31,0.00000000,,,,False,Insufficient coverage,,,,,,
Refugia,bid,2024-01-01,0,31,0.00000000,,,,False,Insufficient coverage,,,,,,
Refugia,ask,2024-02-01,0,29,0.00000000,,,,False,Insufficient coverage,,,,,,
Refugia,bid,2024-02-01,0,29,0.00000000,,,,False,Insufficient coverage,,,,,,
Refugia,ask,2024-03-01,0,31,0.00000000,,,,False,Insufficient coverage,,,,,,
Refugia,bid,2024-03-01,0,31,0.00000000,,,,False,Insufficient coverage,,,,,,
Refugia,ask,2024-04-01,0,30,0.00000000,,,,False,Insufficient coverage,,,,,,
Refugia,bid,2024-04-01,0,30,0.00000000,,,,False,Insufficient coverage,,,,,,
Refugia,ask,2024-05-01,0,31,0.00000000,,,,False,Insufficient coverage,,,,,,
Refugia,bid,2024-05-01,0,31,0.00000000,,,,False,Insufficient coverage,,,,,,
Refugia,ask,2024-06-01,0,30,0.00000000,,,,False,Insufficient coverage,,,,,,
Refugia,bid,2024-06-01,0,30,0.00000000,,,,False,Insufficient coverage,,,,,,
Refugia,ask,2024-07-01,0,31,0.00000000,,,,False,Insufficient coverage,,,,,,
Refugia,bid,2024-07-01,0,31,0.00000000,,,,False,Insufficient coverage,,,,,,
Refugia,ask,2024-08-01,0,31,0.00000000,,,,False,Insufficient coverage,,,,,,
Refugia,bid,2024-08-01,0,31,0.00000000,,,,False,Insufficient coverage,,,,,,
Refugia,ask,2024-09-01,0,30,0.00000000,,,,False,Insufficient coverage,,,,,,
Refugia,bid,2024-09-01,0,30,0.00000000,,,,False,Insufficient coverage,,,,,,
Refugia,ask,2024-10-01,0,31,0.00000000,,,,False,Insufficient coverage,,,,,,
Refugia,bid,2024-10-01,0,31,0.00000000,,,,False,Insufficient coverage,,,,,,
Refugia,ask,2024-11-01,0,30,0.00000000,,,,False,Insufficient coverage,,,,,,
Refugia,bid,2024-11-01,0,30,0.00000000,,,,False,Insufficient coverage,,,,,,
Refugia,ask,2024-12-01,0,31,0.00000000,,,,False,Insufficient coverage,,,,,,
Refugia,bid,2024-12-01,0,31,0.00000000,,,,False,Insufficient coverage,,,,,,
Refugia,ask,2025-01-01,2,31,6.45161290,2025-01-29,2025-01-30,42810.50000000,False,Insufficient coverage,,,,,,
Refugia,bid,2025-01-01,2,31,6.45161290,2025-01-29,2025-01-30,41156.50000000,False,Insufficient coverage,,,,,,
Refugia,ask,2025-02-01,14,28,50.00000000,2025-02-01,2025-02-27,42310.50000000,False,Insufficient coverage,,,,-1.16793777,,
Refugia,bid,2025-02-01,14,28,50.00000000,2025-02-01,2025-02-27,41377.50000000,False,Insufficient coverage,,,,0.53697472,,
Refugia,ask,2025-03-01,15,31,48.38709677,2025-03-01,2025-03-31,40970.00000000,False,Insufficient coverage,,,,-3.16824429,,
Refugia,bid,2025-03-01,15,31,48.38709677,2025-03-01,2025-03-31,39349.00000000,False,Insufficient coverage,,,,-4.90242281,,
Refugia,ask,2025-04-01,14,30,46.66666667,2025-04-04,2025-04-30,41109.00000000,False,Insufficient coverage,,,,0.33927264,,
Refugia,bid,2025-04-01,14,30,46.66666667,2025-04-04,2025-04-30,40014.00000000,False,Insufficient coverage,,,,1.69000483,,
Refugia,ask,2025-05-01,14,31,45.16129032,2025-05-04,2025-05-30,39999.00000000,False,Insufficient coverage,,,,-2.70013866,,
Refugia,bid,2025-05-01,14,31,45.16129032,2025-05-04,2025-05-30,38795.00000000,False,Insufficient coverage,,,,-3.04643375,,
Refugia,ask,2025-06-01,11,30,36.66666667,2025-06-01,2025-06-29,39598.00000000,False,Insufficient coverage,,,,-1.00252506,,
Refugia,bid,2025-06-01,11,30,36.66666667,2025-06-01,2025-06-29,38625.00000000,False,Insufficient coverage,,,,-0.43820080,,
Refugia,ask,2025-07-01,12,31,38.70967742,2025-07-05,2025-07-27,39769.00000000,False,Insufficient coverage,,,,0.43183999,,
Refugia,bid,2025-07-01,12,31,38.70967742,2025-07-05,2025-07-27,38289.00000000,False,Insufficient coverage,,,,-0.86990291,,
Refugia,ask,2025-08-01,14,31,45.16129032,2025-08-02,2025-08-30,40299.50000000,False,Insufficient coverage,,,,1.33395358,,
Refugia,bid,2025-08-01,14,31,45.16129032,2025-08-02,2025-08-30,39223.50000000,False,Insufficient coverage,,,,2.44064875,,
Refugia,ask,2025-09-01,14,30,46.66666667,2025-09-01,2025-09-30,41310.50000000,False,Insufficient coverage,,,,2.50871599,,
Refugia,bid,2025-09-01,14,30,46.66666667,2025-09-01,2025-09-30,39616.50000000,False,Insufficient coverage,,,,1.00195036,,
Refugia,ask,2025-10-01,5,31,16.12903226,2025-10-06,2025-10-27,43100.00000000,False,Insufficient coverage,,,,4.33182847,,
Refugia,bid,2025-10-01,5,31,16.12903226,2025-10-06,2025-10-27,41513.00000000,False,Insufficient coverage,,,,4.78714677,,
Refugia,ask,2025-11-01,6,30,20.00000000,2025-11-01,2025-11-26,44699.50000000,False,Insufficient coverage,,,,3.71113689,,
Refugia,bid,2025-11-01,6,30,20.00000000,2025-11-01,2025-11-26,43421.00000000,False,Insufficient coverage,,,,4.59615060,,
Refugia,ask,2025-12-01,6,31,19.35483871,2025-12-01,2025-12-28,43859.50000000,False,Insufficient coverage,,,,-1.87921565,,
Refugia,bid,2025-12-01,6,31,19.35483871,2025-12-01,2025-12-28,41851.00000000,False,Insufficient coverage,,,,-3.61576196,,
Refugia,ask,2026-01-01,6,31,19.35483871,2026-01-05,2026-01-30,41652.50000000,False,Insufficient coverage,,,,-5.03197711,-2.70494388,
Refugia,bid,2026-01-01,6,31,19.35483871,2026-01-05,2026-01-30,40400.50000000,False,Insufficient coverage,,,,-3.46586700,-1.83689089,
Refugia,ask,2026-02-01,5,28,17.85714286,2026-02-04,2026-02-24,42332.00000000,False,Insufficient coverage,,,,1.63135466,0.05081481,2.75575869
Refugia,bid,2026-02-01,5,28,17.85714286,2026-02-04,2026-02-24,41016.00000000,False,Insufficient coverage,,,,1.52349600,-0.87366322,0.96322767
Refugia,ask,2026-03-01,7,31,22.58064516,2026-03-02,2026-03-31,40848.00000000,False,Insufficient coverage,,,,-3.50562222,-0.29777886,-0.34859367
Refugia,bid,2026-03-01,7,31,22.58064516,2026-03-02,2026-03-31,39714.00000000,False,Insufficient coverage,,,,-3.17437098,0.92759664,1.80125986
Refugia,ask,2026-04-01,7,30,23.33333333,2026-04-04,2026-04-28,41354.00000000,False,Insufficient coverage,,,,1.23873874,0.59597655,0.89375541
Refugia,bid,2026-04-01,7,30,23.33333333,2026-04-04,2026-04-28,40221.00000000,False,Insufficient coverage,,,,1.27662789,0.51731894,-0.41027770
Refugia,ask,2026-05-01,8,31,25.80645161,2026-05-02,2026-05-30,40977.00000000,False,Insufficient coverage,,,,-0.91164095,2.44506113,1.84908458
Refugia,bid,2026-05-01,8,31,25.80645161,2026-05-02,2026-05-30,39955.50000000,False,Insufficient coverage,,,,-0.66010293,2.99136487,2.47404593
Refugia,ask,2026-06-01,7,30,23.33333333,2026-06-03,2026-06-27,41258.00000000,False,Insufficient coverage,,,,0.68575054,4.19213092,1.74706979
Refugia,bid,2026-06-01,7,30,23.33333333,2026-06-03,2026-06-27,40000.00000000,False,Insufficient coverage,,,,0.11137390,3.55987055,0.56850568
Refugia,ask,2026-07-01,7,31,22.58064516,2026-07-01,2026-07-29,42700.00000000,False,Insufficient coverage,,,,3.49507974,7.37006211,3.17793119
Refugia,bid,2026-07-01,7,31,22.58064516,2026-07-01,2026-07-29,41848.00000000,False,Insufficient coverage,,,,4.62000000,9.29509781,5.73522726
Refugia,ask,2026-08-01,8,31,25.80645161,2026-08-02,2026-08-30,44176.00000000,False,Insufficient coverage,,,,3.45667447,9.61922604,2.24916394
Refugia,bid,2026-08-01,8,31,25.80645161,2026-08-02,2026-08-30,43089.00000000,False,Insufficient coverage,,,,2.96549417,9.85506138,0.55996357
Refugia,ask,2026-09-01,6,30,20.00000000,2026-09-03,2026-09-28,44196.00000000,False,Partial month,,,,,,
Refugia,bid,2026-09-01,6,30,20.00000000,2026-09-03,2026-09-28,43170.00000000,False,Partial month,,,,,,
Secura,ask,2023-01-01,0,31,0.00000000,,,,False,Insufficient coverage,,,,,,
Secura,bid,2023-01-01,0,31,0.00000000,,,,False,Insufficient coverage,,,,,,
Secura,ask,2023-02-01,0,28,0.00000000,,,,False,Insufficient coverage,,,,,,
Secura,bid,2023-02-01,0,28,0.00000000,,,,False,Insufficient coverage,,,,,,
Secura,ask,2023-03-01,0,31,0.00000000,,,,False,Insufficient coverage,,,,,,
Secura,bid,2023-03-01,0,31,0.00000000,,,,False,Insufficient coverage,,,,,,
Secura,ask,2023-04-01,0,30,0.00000000,,,,False,Insufficient coverage,,,,,,
Secura,bid,2023-04-01,0,30,0.00000000,,,,False,Insufficient coverage,,,,,,
Secura,ask,2023-05-01,0,31,0.00000000,,,,False,Insufficient coverage,,,,,,
Secura,bid,2023-05-01,0,31,0.00000000,,,,False,Insufficient coverage,,,,,,
Secura,ask,2023-06-01,0,30,0.00000000,,,,False,Insufficient coverage,,,,,,
Secura,bid,2023-06-01,0,30,0.00000000,,,,False,Insufficient coverage,,,,,,
Secura,ask,2023-07-01,0,31,0.00000000,,,,False,Insufficient coverage,,,,,,
Secura,bid,2023-07-01,0,31,0.00000000,,,,False,Insufficient coverage,,,,,,
Secura,ask,2023-08-01,0,31,0.00000000,,,,False,Insufficient coverage,,,,,,
Secura,bid,2023-08-01,0,31,0.00000000,,,,False,Insufficient coverage,,,,,,
Secura,ask,2023-09-01,0,30,0.00000000,,,,False,Insufficient coverage,,,,,,
Secura,bid,2023-09-01,0,30,0.00000000,,,,False,Insufficient coverage,,,,,,
Secura,ask,2023-10-01,0,31,0.00000000,,,,False,Insufficient coverage,,,,,,
Secura,bid,2023-10-01,0,31,0.00000000,,,,False,Insufficient coverage,,,,,,
Secura,ask,2023-11-01,0,30,0.00000000,,,,False,Insufficient coverage,,,,,,
Secura,bid,2023-11-01,0,30,0.00000000,,,,False,Insufficient coverage,,,,,,
Secura,ask,2023-12-01,0,31,0.00000000,,,,False,Insufficient coverage,,,,,,
Secura,bid,2023-12-01,0,31,0.00000000,,,,False,Insufficient coverage,,,,,,
Secura,ask,2024-01-01,3,31,9.67741935,2024-01-29,2024-01-31,40971.50000000,False,Insufficient coverage,,,,,,
Secura,bid,2024-01-01,3,31,9.67741935,2024-01-29,2024-01-31,40400.50000000,False,Insufficient coverage,,,,,,
Secura,ask,2024-02-01,28,29,96.55172414,2024-02-01,2024-02-29,41744.50000000,True,Eligible,,,,1.88667732,,
Secura,bid,2024-02-01,28,29,96.55172414,2024-02-01,2024-02-29,41104.50000000,True,Eligible,,,,1.74255269,,
Secura,ask,2024-03-01,26,31,83.87096774,2024-03-01,2024-03-31,41094.00000000,True,Eligible,-1.55828912,,,-1.55828912,,
Secura,bid,2024-03-01,26,31,83.87096774,2024-03-01,2024-03-31,40515.50000000,True,Eligible,-1.43293313,,,-1.43293313,,
Secura,ask,2024-04-01,30,30,100.00000000,2024-04-01,2024-04-30,41379.00000000,True,Eligible,0.69353190,,,0.69353190,,
Secura,bid,2024-04-01,30,30,100.00000000,2024-04-01,2024-04-30,40945.00000000,True,Eligible,1.06008811,,,1.06008811,,
Secura,ask,2024-05-01,27,31,87.09677419,2024-05-01,2024-05-31,41088.00000000,True,Eligible,-0.70325527,,,-0.70325527,,
Secura,bid,2024-05-01,27,31,87.09677419,2024-05-01,2024-05-31,40652.00000000,True,Eligible,-0.71559409,,,-0.71559409,,
Secura,ask,2024-06-01,30,30,100.00000000,2024-06-01,2024-06-30,37383.50000000,True,Eligible,-9.01601441,,,-9.01601441,,
Secura,bid,2024-06-01,30,30,100.00000000,2024-06-01,2024-06-30,36710.00000000,True,Eligible,-9.69693988,,,-9.69693988,,
Secura,ask,2024-07-01,29,31,93.54838710,2024-07-01,2024-07-31,36995.00000000,True,Eligible,-1.03922854,,,-1.03922854,,
Secura,bid,2024-07-01,29,31,93.54838710,2024-07-01,2024-07-31,35340.00000000,True,Eligible,-3.73195315,,,-3.73195315,,
Secura,ask,2024-08-01,10,31,32.25806452,2024-08-01,2024-08-12,37940.50000000,False,Insufficient coverage,,,,2.55575078,,
Secura,bid,2024-08-01,10,31,32.25806452,2024-08-01,2024-08-12,37032.50000000,False,Insufficient coverage,,,,4.78919072,,
Secura,ask,2024-09-01,23,30,76.66666667,2024-09-01,2024-09-30,41998.00000000,True,Eligible,,,,10.69437672,,
Secura,bid,2024-09-01,23,30,76.66666667,2024-09-01,2024-09-30,40200.00000000,True,Eligible,,,,8.55329778,,
Secura,ask,2024-10-01,29,31,93.54838710,2024-10-01,2024-10-31,42870.00000000,True,Eligible,2.07628935,,,2.07628935,,
Secura,bid,2024-10-01,29,31,93.54838710,2024-10-01,2024-10-31,41518.00000000,True,Eligible,3.27860697,,,3.27860697,,
Secura,ask,2024-11-01,28,30,93.33333333,2024-11-01,2024-11-30,43225.00000000,True,Eligible,0.82808491,,,0.82808491,,
Secura,bid,2024-11-01,28,30,93.33333333,2024-11-01,2024-11-30,42521.00000000,True,Eligible,2.41581964,,,2.41581964,,
Secura,ask,2024-12-01,31,31,100.00000000,2024-12-01,2024-12-31,42895.00000000,True,Eligible,-0.76344708,,,-0.76344708,,
Secura,bid,2024-12-01,31,31,100.00000000,2024-12-01,2024-12-31,42081.00000000,True,Eligible,-1.03478281,,,-1.03478281,,
Secura,ask,2025-01-01,28,31,90.32258065,2025-01-01,2025-01-30,41983.50000000,True,Eligible,-2.12495629,,,-2.12495629,2.47000964,
Secura,bid,2025-01-01,28,31,90.32258065,2025-01-01,2025-01-30,41228.00000000,True,Eligible,-2.02704308,,,-2.02704308,2.04824198,
Secura,ask,2025-02-01,12,28,42.85714286,2025-02-03,2025-02-28,42332.50000000,False,Insufficient coverage,,,,0.83127895,1.40856879,-1.06144085
Secura,bid,2025-02-01,12,28,42.85714286,2025-02-03,2025-02-28,41500.50000000,False,Insufficient coverage,,,,0.66095857,0.96339817,-1.08484381
Secura,ask,2025-03-01,29,31,93.54838710,2025-03-01,2025-03-31,41203.00000000,True,Eligible,,0.26524553,,-2.66816276,0.26524553,-1.14332326
Secura,bid,2025-03-01,29,31,93.54838710,2025-03-01,2025-03-31,40500.00000000,True,Eligible,,-0.03825696,,-2.41081433,-0.03825696,-1.00165513
Secura,ask,2025-04-01,26,30,86.66666667,2025-04-04,2025-04-30,40796.00000000,True,Eligible,-0.98779215,-1.40892723,-1.67417277,-0.98779215,-1.40892723,-1.67417277
Secura,bid,2025-04-01,26,30,86.66666667,2025-04-04,2025-04-30,40259.50000000,True,Eligible,-0.59382716,-1.67419709,-1.63594013,-0.59382716,-1.67419709,-1.63594013
Secura,ask,2025-05-01,31,31,100.00000000,2025-05-01,2025-05-31,40232.00000000,True,Eligible,-1.38248848,-2.08333333,-0.67440610,-1.38248848,-2.08333333,-0.67440610
Secura,bid,2025-05-01,31,31,100.00000000,2025-05-01,2025-05-31,39660.00000000,True,Eligible,-1.48908953,-2.44022434,-0.76602725,-1.48908953,-2.44022434,-0.76602725
Secura,ask,2025-06-01,24,30,80.00000000,2025-06-01,2025-06-30,39897.00000000,True,Eligible,-0.83267051,6.72355451,8.80688784,-0.83267051,6.72355451,8.80688784
Secura,bid,2025-06-01,24,30,80.00000000,2025-06-01,2025-06-30,39469.50000000,True,Eligible,-0.48033283,7.51702533,9.95724968,-0.48033283,7.51702533,9.95724968
Secura,ask,2025-07-01,26,31,83.87096774,2025-07-03,2025-07-28,40196.00000000,True,Eligible,0.74942978,8.65252061,1.92896610,0.74942978,8.65252061,1.92896610
Secura,bid,2025-07-01,26,31,83.87096774,2025-07-03,2025-07-28,39501.50000000,True,Eligible,0.08107526,11.77560838,4.25858304,0.08107526,11.77560838,4.25858304
Secura,ask,2025-08-01,30,31,96.77419355,2025-08-01,2025-08-31,40675.50000000,True,Eligible,1.19290477,,,1.19290477,7.20865566,-1.44386495
Secura,bid,2025-08-01,30,31,96.77419355,2025-08-01,2025-08-31,40041.50000000,True,Eligible,1.36703669,,,1.36703669,8.12529535,-3.65031303
Secura,ask,2025-09-01,27,30,90.00000000,2025-09-01,2025-09-30,41737.00000000,True,Eligible,2.60967905,-0.62145816,,2.60967905,-0.62145816,-7.83011382
Secura,bid,2025-09-01,27,30,90.00000000,2025-09-01,2025-09-30,41203.00000000,True,Eligible,2.90074048,2.49502488,,2.90074048,2.49502488,-5.63027047
Secura,ask,2025-10-01,27,31,87.09677419,2025-10-01,2025-10-31,44194.00000000,True,Eligible,5.88686298,3.08840681,3.70986498,5.88686298,3.08840681,3.70986498
Secura,bid,2025-10-01,27,31,87.09677419,2025-10-01,2025-10-31,43352.00000000,True,Eligible,5.21563964,4.41736114,1.92233627,5.21563964,4.41736114,1.92233627
Secura,ask,2025-11-01,29,30,96.66666667,2025-11-01,2025-11-30,44588.00000000,True,Eligible,0.89152374,3.15326778,0.06486097,0.89152374,3.15326778,0.06486097
Secura,bid,2025-11-01,29,30,96.66666667,2025-11-01,2025-11-30,43900.00000000,True,Eligible,1.26407086,3.24310341,-1.17425774,1.26407086,3.24310341,-1.17425774
Secura,ask,2025-12-01,18,31,58.06451613,2025-12-01,2025-12-30,44904.50000000,False,Insufficient coverage,,,,0.70983224,4.68469519,1.53142740
Secura,bid,2025-12-01,18,31,58.06451613,2025-12-01,2025-12-30,44193.00000000,False,Insufficient coverage,,,,0.66742597,5.01889214,1.77578873
Secura,ask,2026-01-01,26,31,83.87096774,2026-01-02,2026-01-31,42055.50000000,True,Eligible,,0.17149594,,-6.34457571,0.17149594,-4.51319924
Secura,bid,2026-01-01,26,31,83.87096774,2026-01-02,2026-01-31,41266.00000000,True,Eligible,,0.09217037,,-6.62322087,0.09217037,-4.92672177
Secura,ask,2026-02-01,19,28,67.85714286,2026-02-01,2026-02-26,41974.00000000,True,Eligible,-0.19379154,,,-0.19379154,-0.84686706,-1.01836301
Secura,bid,2026-02-01,19,28,67.85714286,2026-02-01,2026-02-26,41511.00000000,True,Eligible,0.59370911,,,0.59370911,0.02530090,-0.06686947
Secura,ask,2026-03-01,24,31,77.41935484,2026-03-01,2026-03-31,41378.00000000,True,Eligible,-1.41992662,0.42472635,,-1.41992662,0.42472635,1.27159342
Secura,bid,2026-03-01,24,31,77.41935484,2026-03-01,2026-03-31,40880.00000000,True,Eligible,-1.52007902,0.93827160,,-1.52007902,0.93827160,0.91297070
Secura,ask,2026-04-01,28,30,93.33333333,2026-04-02,2026-04-30,41597.00000000,True,Eligible,0.52926676,1.96342779,1.53870143,0.52926676,1.96342779,1.53870143
Secura,bid,2026-04-01,28,30,93.33333333,2026-04-02,2026-04-30,41018.00000000,True,Eligible,0.33757339,1.88402737,0.94575577,0.33757339,1.88402737,0.94575577
Secura,ask,2026-05-01,29,31,93.54838710,2026-05-01,2026-05-31,41275.00000000,True,Eligible,-0.77409429,2.59246371,0.62903592,-0.77409429,2.59246371,0.62903592
Secura,bid,2026-05-01,29,31,93.54838710,2026-05-01,2026-05-31,40500.00000000,True,Eligible,-1.26286021,2.11800303,0.23397565,-1.26286021,2.11800303,0.23397565
Secura,ask,2026-06-01,29,30,96.66666667,2026-06-01,2026-06-30,41412.00000000,True,Eligible,0.33192005,3.79727799,1.20481428,0.33192005,3.79727799,1.20481428
Secura,bid,2026-06-01,29,30,96.66666667,2026-06-01,2026-06-30,40800.00000000,True,Eligible,0.74074074,3.37095732,1.25295430,0.74074074,3.37095732,1.25295430
Secura,ask,2026-07-01,28,31,90.32258065,2026-07-01,2026-07-31,42928.50000000,True,Eligible,3.66198203,6.79794009,3.00066210,3.66198203,6.79794009,3.00066210
Secura,bid,2026-07-01,28,31,90.32258065,2026-07-01,2026-07-31,42104.00000000,True,Eligible,3.19607843,6.58835740,3.21740008,3.19607843,6.58835740,3.21740008
Secura,ask,2026-08-01,24,31,77.41935484,2026-08-02,2026-08-31,44416.00000000,True,Eligible,3.46506400,9.19595334,2.39801324,3.46506400,9.19595334,2.39801324
Secura,bid,2026-08-01,24,31,77.41935484,2026-08-02,2026-08-31,43736.50000000,True,Eligible,3.87730382,9.22792603,2.63956862,3.87730382,9.22792603,2.63956862
Secura,ask,2026-09-01,6,30,20.00000000,2026-09-01,2026-09-28,45387.00000000,False,Partial month,,,,,,
Secura,bid,2026-09-01,6,30,20.00000000,2026-09-01,2026-09-28,44671.50000000,False,Partial month,,,,,,
Serdebra,ask,2023-01-01,0,31,0.00000000,,,,False,Insufficient coverage,,,,,,
Serdebra,bid,2023-01-01,0,31,0.00000000,,,,False,Insufficient coverage,,,,,,
Serdebra,ask,2023-02-01,0,28,0.00000000,,,,False,Insufficient coverage,,,,,,
Serdebra,bid,2023-02-01,0,28,0.00000000,,,,False,Insufficient coverage,,,,,,
Serdebra,ask,2023-03-01,0,31,0.00000000,,,,False,Insufficient coverage,,,,,,
Serdebra,bid,2023-03-01,0,31,0.00000000,,,,False,Insufficient coverage,,,,,,
Serdebra,ask,2023-04-01,0,30,0.00000000,,,,False,Insufficient coverage,,,,,,
Serdebra,bid,2023-04-01,0,30,0.00000000,,,,False,Insufficient coverage,,,,,,
Serdebra,ask,2023-05-01,0,31,0.00000000,,,,False,Insufficient coverage,,,,,,
Serdebra,bid,2023-05-01,0,31,0.00000000,,,,False,Insufficient coverage,,,,,,
Serdebra,ask,2023-06-01,0,30,0.00000000,,,,False,Insufficient coverage,,,,,,
Serdebra,bid,2023-06-01,0,30,0.00000000,,,,False,Insufficient coverage,,,,,,
Serdebra,ask,2023-07-01,0,31,0.00000000,,,,False,Insufficient coverage,,,,,,
Serdebra,bid,2023-07-01,0,31,0.00000000,,,,False,Insufficient coverage,,,,,,
Serdebra,ask,2023-08-01,0,31,0.00000000,,,,False,Insufficient coverage,,,,,,
Serdebra,bid,2023-08-01,0,31,0.00000000,,,,False,Insufficient coverage,,,,,,
Serdebra,ask,2023-09-01,0,30,0.00000000,,,,False,Insufficient coverage,,,,,,
Serdebra,bid,2023-09-01,0,30,0.00000000,,,,False,Insufficient coverage,,,,,,
Serdebra,ask,2023-10-01,0,31,0.00000000,,,,False,Insufficient coverage,,,,,,
Serdebra,bid,2023-10-01,0,31,0.00000000,,,,False,Insufficient coverage,,,,,,
Serdebra,ask,2023-11-01,0,30,0.00000000,,,,False,Insufficient coverage,,,,,,
Serdebra,bid,2023-11-01,0,30,0.00000000,,,,False,Insufficient coverage,,,,,,
Serdebra,ask,2023-12-01,0,31,0.00000000,,,,False,Insufficient coverage,,,,,,
Serdebra,bid,2023-12-01,0,31,0.00000000,,,,False,Insufficient coverage,,,,,,
Serdebra,ask,2024-01-01,0,31,0.00000000,,,,False,Insufficient coverage,,,,,,
Serdebra,bid,2024-01-01,0,31,0.00000000,,,,False,Insufficient coverage,,,,,,
Serdebra,ask,2024-02-01,0,29,0.00000000,,,,False,Insufficient coverage,,,,,,
Serdebra,bid,2024-02-01,0,29,0.00000000,,,,False,Insufficient coverage,,,,,,
Serdebra,ask,2024-03-01,0,31,0.00000000,,,,False,Insufficient coverage,,,,,,
Serdebra,bid,2024-03-01,0,31,0.00000000,,,,False,Insufficient coverage,,,,,,
Serdebra,ask,2024-04-01,0,30,0.00000000,,,,False,Insufficient coverage,,,,,,
Serdebra,bid,2024-04-01,0,30,0.00000000,,,,False,Insufficient coverage,,,,,,
Serdebra,ask,2024-05-01,0,31,0.00000000,,,,False,Insufficient coverage,,,,,,
Serdebra,bid,2024-05-01,0,31,0.00000000,,,,False,Insufficient coverage,,,,,,
Serdebra,ask,2024-06-01,0,30,0.00000000,,,,False,Insufficient coverage,,,,,,
Serdebra,bid,2024-06-01,0,30,0.00000000,,,,False,Insufficient coverage,,,,,,
Serdebra,ask,2024-07-01,0,31,0.00000000,,,,False,Insufficient coverage,,,,,,
Serdebra,bid,2024-07-01,0,31,0.00000000,,,,False,Insufficient coverage,,,,,,
Serdebra,ask,2024-08-01,0,31,0.00000000,,,,False,Insufficient coverage,,,,,,
Serdebra,bid,2024-08-01,0,31,0.00000000,,,,False,Insufficient coverage,,,,,,
Serdebra,ask,2024-09-01,0,30,0.00000000,,,,False,Insufficient coverage,,,,,,
Serdebra,bid,2024-09-01,0,30,0.00000000,,,,False,Insufficient coverage,,,,,,
Serdebra,ask,2024-10-01,0,31,0.00000000,,,,False,Insufficient coverage,,,,,,
Serdebra,bid,2024-10-01,0,31,0.00000000,,,,False,Insufficient coverage,,,,,,
Serdebra,ask,2024-11-01,0,30,0.00000000,,,,False,Insufficient coverage,,,,,,
Serdebra,bid,2024-11-01,0,30,0.00000000,,,,False,Insufficient coverage,,,,,,
Serdebra,ask,2024-12-01,0,31,0.00000000,,,,False,Insufficient coverage,,,,,,
Serdebra,bid,2024-12-01,0,31,0.00000000,,,,False,Insufficient coverage,,,,,,
Serdebra,ask,2025-01-01,1,31,3.22580645,2025-01-29,2025-01-29,39697.00000000,False,Insufficient coverage,,,,,,
Serdebra,bid,2025-01-01,1,31,3.22580645,2025-01-29,2025-01-29,38785.00000000,False,Insufficient coverage,,,,,,
Serdebra,ask,2025-02-01,6,28,21.42857143,2025-02-01,2025-02-21,39646.50000000,False,Insufficient coverage,,,,-0.12721364,,
Serdebra,bid,2025-02-01,6,28,21.42857143,2025-02-01,2025-02-21,38901.00000000,False,Insufficient coverage,,,,0.29908470,,
Serdebra,ask,2025-03-01,8,31,25.80645161,2025-03-01,2025-03-29,38726.50000000,False,Insufficient coverage,,,,-2.32050748,,
Serdebra,bid,2025-03-01,8,31,25.80645161,2025-03-01,2025-03-29,37451.50000000,False,Insufficient coverage,,,,-3.72612529,,
Serdebra,ask,2025-04-01,7,30,23.33333333,2025-04-06,2025-04-30,37699.00000000,False,Insufficient coverage,,,,-2.65322195,,
Serdebra,bid,2025-04-01,7,30,23.33333333,2025-04-06,2025-04-30,36015.00000000,False,Insufficient coverage,,,,-3.83562741,,
Serdebra,ask,2025-05-01,7,31,22.58064516,2025-05-04,2025-05-28,35858.00000000,False,Insufficient coverage,,,,-4.88341866,,
Serdebra,bid,2025-05-01,7,31,22.58064516,2025-05-04,2025-05-28,34229.00000000,False,Insufficient coverage,,,,-4.95904484,,
Serdebra,ask,2025-06-01,6,30,20.00000000,2025-06-01,2025-06-29,34128.50000000,False,Insufficient coverage,,,,-4.82319148,,
Serdebra,bid,2025-06-01,6,30,20.00000000,2025-06-01,2025-06-29,32935.50000000,False,Insufficient coverage,,,,-3.77895936,,
Serdebra,ask,2025-07-01,7,31,22.58064516,2025-07-03,2025-07-25,34295.00000000,False,Insufficient coverage,,,,0.48786205,,
Serdebra,bid,2025-07-01,7,31,22.58064516,2025-07-03,2025-07-25,32604.00000000,False,Insufficient coverage,,,,-1.00651273,,
Serdebra,ask,2025-08-01,8,31,25.80645161,2025-08-02,2025-08-30,36468.50000000,False,Insufficient coverage,,,,6.33765855,,
Serdebra,bid,2025-08-01,8,31,25.80645161,2025-08-02,2025-08-30,35544.50000000,False,Insufficient coverage,,,,9.01883205,,
Serdebra,ask,2025-09-01,6,30,20.00000000,2025-09-03,2025-09-28,37915.00000000,False,Insufficient coverage,,,,3.96643679,,
Serdebra,bid,2025-09-01,6,30,20.00000000,2025-09-03,2025-09-28,36414.00000000,False,Insufficient coverage,,,,2.44622937,,
Serdebra,ask,2025-10-01,12,31,38.70967742,2025-10-04,2025-10-31,40832.50000000,False,Insufficient coverage,,,,7.69484373,,
Serdebra,bid,2025-10-01,12,31,38.70967742,2025-10-04,2025-10-31,39825.00000000,False,Insufficient coverage,,,,9.36727632,,
Serdebra,ask,2025-11-01,15,30,50.00000000,2025-11-02,2025-11-30,40985.00000000,False,Insufficient coverage,,,,0.37347701,,
Serdebra,bid,2025-11-01,15,30,50.00000000,2025-11-02,2025-11-30,39861.00000000,False,Insufficient coverage,,,,0.09039548,,
Serdebra,ask,2025-12-01,13,31,41.93548387,2025-12-05,2025-12-29,40498.00000000,False,Insufficient coverage,,,,-1.18823960,,
Serdebra,bid,2025-12-01,13,31,41.93548387,2025-12-05,2025-12-29,39282.00000000,False,Insufficient coverage,,,,-1.45254760,,
Serdebra,ask,2026-01-01,12,31,38.70967742,2026-01-06,2026-01-30,38994.00000000,False,Insufficient coverage,,,,-3.71376364,-1.77091468,
Serdebra,bid,2026-01-01,12,31,38.70967742,2026-01-06,2026-01-30,37739.00000000,False,Insufficient coverage,,,,-3.92800774,-2.69691891,
Serdebra,ask,2026-02-01,12,28,42.85714286,2026-02-01,2026-02-25,38829.50000000,False,Insufficient coverage,,,,-0.42185977,-2.06071154,-0.28979686
Serdebra,bid,2026-02-01,12,28,42.85714286,2026-02-01,2026-02-25,37913.00000000,False,Insufficient coverage,,,,0.46106150,-2.53978047,0.15713844
Serdebra,ask,2026-03-01,9,31,29.03225806,2026-03-01,2026-03-30,38000.00000000,False,Insufficient coverage,,,,-2.13626238,-1.87597640,0.18473514
Serdebra,bid,2026-03-01,9,31,29.03225806,2026-03-01,2026-03-30,37013.00000000,False,Insufficient coverage,,,,-2.37385593,-1.17084763,1.36893284
Serdebra,ask,2026-04-01,9,30,30.00000000,2026-04-05,2026-04-29,38606.00000000,False,Insufficient coverage,,,,1.59473684,2.40589936,4.28187576
Serdebra,bid,2026-04-01,9,30,30.00000000,2026-04-05,2026-04-29,36502.00000000,False,Insufficient coverage,,,,-1.38059601,1.35221436,2.52306198
Serdebra,ask,2026-05-01,10,31,32.25806452,2026-05-03,2026-05-30,37944.50000000,False,Insufficient coverage,,,,-1.71346423,5.81878521,3.41288585
Serdebra,bid,2026-05-01,10,31,32.25806452,2026-05-03,2026-05-30,36751.50000000,False,Insufficient coverage,,,,0.68352419,7.36948202,6.01726766
Serdebra,ask,2026-06-01,9,30,30.00000000,2026-06-02,2026-06-28,37699.00000000,False,Insufficient coverage,,,,-0.64699759,10.46193064,4.64314544
Serdebra,bid,2026-06-01,9,30,30.00000000,2026-06-02,2026-06-28,36451.00000000,False,Insufficient coverage,,,,-0.81765370,10.67389291,3.30441089
Serdebra,ask,2026-07-01,11,31,35.48387097,2026-07-01,2026-07-31,39942.00000000,False,Insufficient coverage,,,,5.94975994,16.46595714,6.00402649
Serdebra,bid,2026-07-01,11,31,35.48387097,2026-07-01,2026-07-31,37567.00000000,False,Insufficient coverage,,,,3.06164440,15.22205864,4.54816573
Serdebra,ask,2026-08-01,10,31,32.25806452,2026-08-03,2026-08-30,41964.50000000,False,Insufficient coverage,,,,5.06359221,15.07054033,-1.39541681
Serdebra,bid,2026-08-01,10,31,32.25806452,2026-08-03,2026-08-30,40558.50000000,False,Insufficient coverage,,,,7.96310592,14.10626117,-1.11579748
Serdebra,ask,2026-09-01,5,30,16.66666667,2026-09-02,2026-09-28,45099.00000000,False,Partial month,,,,,,
Serdebra,bid,2026-09-01,5,30,16.66666667,2026-09-02,2026-09-28,43617.00000000,False,Partial month,,,,,,
Talera,ask,2023-01-01,0,31,0.00000000,,,,False,Insufficient coverage,,,,,,
Talera,bid,2023-01-01,0,31,0.00000000,,,,False,Insufficient coverage,,,,,,
Talera,ask,2023-02-01,0,28,0.00000000,,,,False,Insufficient coverage,,,,,,
Talera,bid,2023-02-01,0,28,0.00000000,,,,False,Insufficient coverage,,,,,,
Talera,ask,2023-03-01,0,31,0.00000000,,,,False,Insufficient coverage,,,,,,
Talera,bid,2023-03-01,0,31,0.00000000,,,,False,Insufficient coverage,,,,,,
Talera,ask,2023-04-01,0,30,0.00000000,,,,False,Insufficient coverage,,,,,,
Talera,bid,2023-04-01,0,30,0.00000000,,,,False,Insufficient coverage,,,,,,
Talera,ask,2023-05-01,0,31,0.00000000,,,,False,Insufficient coverage,,,,,,
Talera,bid,2023-05-01,0,31,0.00000000,,,,False,Insufficient coverage,,,,,,
Talera,ask,2023-06-01,0,30,0.00000000,,,,False,Insufficient coverage,,,,,,
Talera,bid,2023-06-01,0,30,0.00000000,,,,False,Insufficient coverage,,,,,,
Talera,ask,2023-07-01,0,31,0.00000000,,,,False,Insufficient coverage,,,,,,
Talera,bid,2023-07-01,0,31,0.00000000,,,,False,Insufficient coverage,,,,,,
Talera,ask,2023-08-01,0,31,0.00000000,,,,False,Insufficient coverage,,,,,,
Talera,bid,2023-08-01,0,31,0.00000000,,,,False,Insufficient coverage,,,,,,
Talera,ask,2023-09-01,0,30,0.00000000,,,,False,Insufficient coverage,,,,,,
Talera,bid,2023-09-01,0,30,0.00000000,,,,False,Insufficient coverage,,,,,,
Talera,ask,2023-10-01,0,31,0.00000000,,,,False,Insufficient coverage,,,,,,
Talera,bid,2023-10-01,0,31,0.00000000,,,,False,Insufficient coverage,,,,,,
Talera,ask,2023-11-01,0,30,0.00000000,,,,False,Insufficient coverage,,,,,,
Talera,bid,2023-11-01,0,30,0.00000000,,,,False,Insufficient coverage,,,,,,
Talera,ask,2023-12-01,0,31,0.00000000,,,,False,Insufficient coverage,,,,,,
Talera,bid,2023-12-01,0,31,0.00000000,,,,False,Insufficient coverage,,,,,,
Talera,ask,2024-01-01,0,31,0.00000000,,,,False,Insufficient coverage,,,,,,
Talera,bid,2024-01-01,0,31,0.00000000,,,,False,Insufficient coverage,,,,,,
Talera,ask,2024-02-01,0,29,0.00000000,,,,False,Insufficient coverage,,,,,,
Talera,bid,2024-02-01,0,29,0.00000000,,,,False,Insufficient coverage,,,,,,
Talera,ask,2024-03-01,0,31,0.00000000,,,,False,Insufficient coverage,,,,,,
Talera,bid,2024-03-01,0,31,0.00000000,,,,False,Insufficient coverage,,,,,,
Talera,ask,2024-04-01,0,30,0.00000000,,,,False,Insufficient coverage,,,,,,
Talera,bid,2024-04-01,0,30,0.00000000,,,,False,Insufficient coverage,,,,,,
Talera,ask,2024-05-01,0,31,0.00000000,,,,False,Insufficient coverage,,,,,,
Talera,bid,2024-05-01,0,31,0.00000000,,,,False,Insufficient coverage,,,,,,
Talera,ask,2024-06-01,0,30,0.00000000,,,,False,Insufficient coverage,,,,,,
Talera,bid,2024-06-01,0,30,0.00000000,,,,False,Insufficient coverage,,,,,,
Talera,ask,2024-07-01,0,31,0.00000000,,,,False,Insufficient coverage,,,,,,
Talera,bid,2024-07-01,0,31,0.00000000,,,,False,Insufficient coverage,,,,,,
Talera,ask,2024-08-01,0,31,0.00000000,,,,False,Insufficient coverage,,,,,,
Talera,bid,2024-08-01,0,31,0.00000000,,,,False,Insufficient coverage,,,,,,
Talera,ask,2024-09-01,0,30,0.00000000,,,,False,Insufficient coverage,,,,,,
Talera,bid,2024-09-01,0,30,0.00000000,,,,False,Insufficient coverage,,,,,,
Talera,ask,2024-10-01,0,31,0.00000000,,,,False,Insufficient coverage,,,,,,
Talera,bid,2024-10-01,0,31,0.00000000,,,,False,Insufficient coverage,,,,,,
Talera,ask,2024-11-01,0,30,0.00000000,,,,False,Insufficient coverage,,,,,,
Talera,bid,2024-11-01,0,30,0.00000000,,,,False,Insufficient coverage,,,,,,
Talera,ask,2024-12-01,0,31,0.00000000,,,,False,Insufficient coverage,,,,,,
Talera,bid,2024-12-01,0,31,0.00000000,,,,False,Insufficient coverage,,,,,,
Talera,ask,2025-01-01,1,31,3.22580645,2025-01-29,2025-01-29,38982.00000000,False,Insufficient coverage,,,,,,
Talera,bid,2025-01-01,1,31,3.22580645,2025-01-29,2025-01-29,38123.00000000,False,Insufficient coverage,,,,,,
Talera,ask,2025-02-01,7,28,25.00000000,2025-02-02,2025-02-26,39300.00000000,False,Insufficient coverage,,,,0.81576112,,
Talera,bid,2025-02-01,7,28,25.00000000,2025-02-02,2025-02-26,37555.00000000,False,Insufficient coverage,,,,-1.48991423,,
Talera,ask,2025-03-01,8,31,25.80645161,2025-03-02,2025-03-30,38158.00000000,False,Insufficient coverage,,,,-2.90585242,,
Talera,bid,2025-03-01,8,31,25.80645161,2025-03-02,2025-03-30,37132.00000000,False,Insufficient coverage,,,,-1.12634802,,
Talera,ask,2025-04-01,6,30,20.00000000,2025-04-09,2025-04-29,37392.00000000,False,Insufficient coverage,,,,-2.00744274,,
Talera,bid,2025-04-01,6,30,20.00000000,2025-04-09,2025-04-29,35944.00000000,False,Insufficient coverage,,,,-3.19939675,,
Talera,ask,2025-05-01,8,31,25.80645161,2025-05-03,2025-05-31,35573.00000000,False,Insufficient coverage,,,,-4.86467694,,
Talera,bid,2025-05-01,8,31,25.80645161,2025-05-03,2025-05-31,33909.00000000,False,Insufficient coverage,,,,-5.66158469,,
Talera,ask,2025-06-01,5,30,16.66666667,2025-06-04,2025-06-20,34315.00000000,False,Insufficient coverage,,,,-3.53638996,,
Talera,bid,2025-06-01,5,30,16.66666667,2025-06-04,2025-06-20,33100.00000000,False,Insufficient coverage,,,,-2.38579728,,
Talera,ask,2025-07-01,5,31,16.12903226,2025-07-06,2025-07-25,33999.00000000,False,Insufficient coverage,,,,-0.92088008,,
Talera,bid,2025-07-01,5,31,16.12903226,2025-07-06,2025-07-25,32400.00000000,False,Insufficient coverage,,,,-2.11480363,,
Talera,ask,2025-08-01,8,31,25.80645161,2025-08-02,2025-08-29,37066.50000000,False,Insufficient coverage,,,,9.02232419,,
Talera,bid,2025-08-01,8,31,25.80645161,2025-08-02,2025-08-29,35403.00000000,False,Insufficient coverage,,,,9.26851852,,
Talera,ask,2025-09-01,7,30,23.33333333,2025-09-02,2025-09-28,37747.00000000,False,Insufficient coverage,,,,1.83588955,,
Talera,bid,2025-09-01,7,30,23.33333333,2025-09-02,2025-09-28,35602.00000000,False,Insufficient coverage,,,,0.56209926,,
Talera,ask,2025-10-01,12,31,38.70967742,2025-10-07,2025-10-31,41442.50000000,False,Insufficient coverage,,,,9.79018200,,
Talera,bid,2025-10-01,12,31,38.70967742,2025-10-07,2025-10-31,39611.00000000,False,Insufficient coverage,,,,11.26060334,,
Talera,ask,2025-11-01,15,30,50.00000000,2025-11-02,2025-11-30,40500.00000000,False,Insufficient coverage,,,,-2.27423539,,
Talera,bid,2025-11-01,15,30,50.00000000,2025-11-02,2025-11-30,39315.00000000,False,Insufficient coverage,,,,-0.74726717,,
Talera,ask,2025-12-01,12,31,38.70967742,2025-12-06,2025-12-30,39650.00000000,False,Insufficient coverage,,,,-2.09876543,,
Talera,bid,2025-12-01,12,31,38.70967742,2025-12-06,2025-12-30,38402.00000000,False,Insufficient coverage,,,,-2.32226885,,
Talera,ask,2026-01-01,14,31,45.16129032,2026-01-03,2026-01-31,38495.50000000,False,Insufficient coverage,,,,-2.91172762,-1.24801190,
Talera,bid,2026-01-01,14,31,45.16129032,2026-01-03,2026-01-31,37468.00000000,False,Insufficient coverage,,,,-2.43216499,-1.71812292,
Talera,ask,2026-02-01,13,28,46.42857143,2026-02-02,2026-02-26,38576.00000000,False,Insufficient coverage,,,,0.20911535,-1.84223919,-0.59422728
Talera,bid,2026-02-01,13,28,46.42857143,2026-02-02,2026-02-26,37781.00000000,False,Insufficient coverage,,,,0.83537952,0.60178405,2.31990697
Talera,ask,2026-03-01,12,31,38.70967742,2026-03-02,2026-03-30,37918.50000000,False,Insufficient coverage,,,,-1.70442762,-0.62765344,1.21458574
Talera,bid,2026-03-01,12,31,38.70967742,2026-03-02,2026-03-30,36635.50000000,False,Insufficient coverage,,,,-3.03194728,-1.33712162,-1.93890567
Talera,ask,2026-04-01,11,30,36.66666667,2026-04-01,2026-04-29,37772.00000000,False,Insufficient coverage,,,,-0.38635495,1.01626016,1.64391360
Talera,bid,2026-04-01,11,30,36.66666667,2026-04-01,2026-04-29,36785.00000000,False,Insufficient coverage,,,,0.40807414,2.33975072,3.67687234
Talera,ask,2026-05-01,14,31,45.16129032,2026-05-01,2026-05-31,37333.50000000,False,Insufficient coverage,,,,-1.16091285,4.94897816,3.93271799
Talera,bid,2026-05-01,14,31,45.16129032,2026-05-01,2026-05-31,36005.00000000,False,Insufficient coverage,,,,-2.12042952,6.18124982,3.84149909
Talera,ask,2026-06-01,11,30,36.66666667,2026-06-02,2026-06-30,37140.00000000,False,Insufficient coverage,,,,-0.51830126,8.23255136,3.28357320
Talera,bid,2026-06-01,11,30,36.66666667,2026-06-02,2026-06-30,36121.00000000,False,Insufficient coverage,,,,0.32217748,9.12688822,2.94563840
Talera,ask,2026-07-01,10,31,32.25806452,2026-07-03,2026-07-30,38776.00000000,False,Insufficient coverage,,,,4.40495423,14.05041325,5.81786189
Talera,bid,2026-07-01,10,31,32.25806452,2026-07-03,2026-07-30,37319.50000000,False,Insufficient coverage,,,,3.31801445,15.18364198,6.05675376
Talera,ask,2026-08-01,10,31,32.25806452,2026-08-02,2026-08-29,41429.00000000,False,Insufficient coverage,,,,6.84186094,11.76938745,-2.28102580
Talera,bid,2026-08-01,10,31,32.25806452,2026-08-02,2026-08-29,40043.00000000,False,Insufficient coverage,,,,7.29779338,13.10623393,-2.07740804
Talera,ask,2026-09-01,7,30,23.33333333,2026-09-02,2026-09-28,41830.00000000,False,Partial month,,,,,,
Talera,bid,2026-09-01,7,30,23.33333333,2026-09-02,2026-09-28,40264.00000000,False,Partial month,,,,,,
Terribra,ask,2023-01-01,0,31,0.00000000,,,,False,Insufficient coverage,,,,,,
Terribra,bid,2023-01-01,0,31,0.00000000,,,,False,Insufficient coverage,,,,,,
Terribra,ask,2023-02-01,0,28,0.00000000,,,,False,Insufficient coverage,,,,,,
Terribra,bid,2023-02-01,0,28,0.00000000,,,,False,Insufficient coverage,,,,,,
Terribra,ask,2023-03-01,0,31,0.00000000,,,,False,Insufficient coverage,,,,,,
Terribra,bid,2023-03-01,0,31,0.00000000,,,,False,Insufficient coverage,,,,,,
Terribra,ask,2023-04-01,0,30,0.00000000,,,,False,Insufficient coverage,,,,,,
Terribra,bid,2023-04-01,0,30,0.00000000,,,,False,Insufficient coverage,,,,,,
Terribra,ask,2023-05-01,0,31,0.00000000,,,,False,Insufficient coverage,,,,,,
Terribra,bid,2023-05-01,0,31,0.00000000,,,,False,Insufficient coverage,,,,,,
Terribra,ask,2023-06-01,0,30,0.00000000,,,,False,Insufficient coverage,,,,,,
Terribra,bid,2023-06-01,0,30,0.00000000,,,,False,Insufficient coverage,,,,,,
Terribra,ask,2023-07-01,0,31,0.00000000,,,,False,Insufficient coverage,,,,,,
Terribra,bid,2023-07-01,0,31,0.00000000,,,,False,Insufficient coverage,,,,,,
Terribra,ask,2023-08-01,0,31,0.00000000,,,,False,Insufficient coverage,,,,,,
Terribra,bid,2023-08-01,0,31,0.00000000,,,,False,Insufficient coverage,,,,,,
Terribra,ask,2023-09-01,0,30,0.00000000,,,,False,Insufficient coverage,,,,,,
Terribra,bid,2023-09-01,0,30,0.00000000,,,,False,Insufficient coverage,,,,,,
Terribra,ask,2023-10-01,0,31,0.00000000,,,,False,Insufficient coverage,,,,,,
Terribra,bid,2023-10-01,0,31,0.00000000,,,,False,Insufficient coverage,,,,,,
Terribra,ask,2023-11-01,0,30,0.00000000,,,,False,Insufficient coverage,,,,,,
Terribra,bid,2023-11-01,0,30,0.00000000,,,,False,Insufficient coverage,,,,,,
Terribra,ask,2023-12-01,0,31,0.00000000,,,,False,Insufficient coverage,,,,,,
Terribra,bid,2023-12-01,0,31,0.00000000,,,,False,Insufficient coverage,,,,,,
Terribra,ask,2024-01-01,0,31,0.00000000,,,,False,Insufficient coverage,,,,,,
Terribra,bid,2024-01-01,0,31,0.00000000,,,,False,Insufficient coverage,,,,,,
Terribra,ask,2024-02-01,0,29,0.00000000,,,,False,Insufficient coverage,,,,,,
Terribra,bid,2024-02-01,0,29,0.00000000,,,,False,Insufficient coverage,,,,,,
Terribra,ask,2024-03-01,0,31,0.00000000,,,,False,Insufficient coverage,,,,,,
Terribra,bid,2024-03-01,0,31,0.00000000,,,,False,Insufficient coverage,,,,,,
Terribra,ask,2024-04-01,0,30,0.00000000,,,,False,Insufficient coverage,,,,,,
Terribra,bid,2024-04-01,0,30,0.00000000,,,,False,Insufficient coverage,,,,,,
Terribra,ask,2024-05-01,0,31,0.00000000,,,,False,Insufficient coverage,,,,,,
Terribra,bid,2024-05-01,0,31,0.00000000,,,,False,Insufficient coverage,,,,,,
Terribra,ask,2024-06-01,0,30,0.00000000,,,,False,Insufficient coverage,,,,,,
Terribra,bid,2024-06-01,0,30,0.00000000,,,,False,Insufficient coverage,,,,,,
Terribra,ask,2024-07-01,0,31,0.00000000,,,,False,Insufficient coverage,,,,,,
Terribra,bid,2024-07-01,0,31,0.00000000,,,,False,Insufficient coverage,,,,,,
Terribra,ask,2024-08-01,0,31,0.00000000,,,,False,Insufficient coverage,,,,,,
Terribra,bid,2024-08-01,0,31,0.00000000,,,,False,Insufficient coverage,,,,,,
Terribra,ask,2024-09-01,0,30,0.00000000,,,,False,Insufficient coverage,,,,,,
Terribra,bid,2024-09-01,0,30,0.00000000,,,,False,Insufficient coverage,,,,,,
Terribra,ask,2024-10-01,0,31,0.00000000,,,,False,Insufficient coverage,,,,,,
Terribra,bid,2024-10-01,0,31,0.00000000,,,,False,Insufficient coverage,,,,,,
Terribra,ask,2024-11-01,0,30,0.00000000,,,,False,Insufficient coverage,,,,,,
Terribra,bid,2024-11-01,0,30,0.00000000,,,,False,Insufficient coverage,,,,,,
Terribra,ask,2024-12-01,0,31,0.00000000,,,,False,Insufficient coverage,,,,,,
Terribra,bid,2024-12-01,0,31,0.00000000,,,,False,Insufficient coverage,,,,,,
Terribra,ask,2025-01-01,0,31,0.00000000,,,,False,Insufficient coverage,,,,,,
Terribra,bid,2025-01-01,0,31,0.00000000,,,,False,Insufficient coverage,,,,,,
Terribra,ask,2025-02-01,0,28,0.00000000,,,,False,Insufficient coverage,,,,,,
Terribra,bid,2025-02-01,0,28,0.00000000,,,,False,Insufficient coverage,,,,,,
Terribra,ask,2025-03-01,0,31,0.00000000,,,,False,Insufficient coverage,,,,,,
Terribra,bid,2025-03-01,0,31,0.00000000,,,,False,Insufficient coverage,,,,,,
Terribra,ask,2025-04-01,0,30,0.00000000,,,,False,Insufficient coverage,,,,,,
Terribra,bid,2025-04-01,0,30,0.00000000,,,,False,Insufficient coverage,,,,,,
Terribra,ask,2025-05-01,0,31,0.00000000,,,,False,Insufficient coverage,,,,,,
Terribra,bid,2025-05-01,0,31,0.00000000,,,,False,Insufficient coverage,,,,,,
Terribra,ask,2025-06-01,0,30,0.00000000,,,,False,Insufficient coverage,,,,,,
Terribra,bid,2025-06-01,0,30,0.00000000,,,,False,Insufficient coverage,,,,,,
Terribra,ask,2025-07-01,0,31,0.00000000,,,,False,Insufficient coverage,,,,,,
Terribra,bid,2025-07-01,0,31,0.00000000,,,,False,Insufficient coverage,,,,,,
Terribra,ask,2025-08-01,0,31,0.00000000,,,,False,Insufficient coverage,,,,,,
Terribra,bid,2025-08-01,0,31,0.00000000,,,,False,Insufficient coverage,,,,,,
Terribra,ask,2025-09-01,0,30,0.00000000,,,,False,Insufficient coverage,,,,,,
Terribra,bid,2025-09-01,0,30,0.00000000,,,,False,Insufficient coverage,,,,,,
Terribra,ask,2025-10-01,0,31,0.00000000,,,,False,Insufficient coverage,,,,,,
Terribra,bid,2025-10-01,0,31,0.00000000,,,,False,Insufficient coverage,,,,,,
Terribra,ask,2025-11-01,2,30,6.66666667,2025-11-21,2025-11-26,40812.50000000,False,Insufficient coverage,,,,,,
Terribra,bid,2025-11-01,2,30,6.66666667,2025-11-21,2025-11-26,39550.50000000,False,Insufficient coverage,,,,,,
Terribra,ask,2025-12-01,6,31,19.35483871,2025-12-01,2025-12-27,39834.00000000,False,Insufficient coverage,,,,-2.39754977,,
Terribra,bid,2025-12-01,6,31,19.35483871,2025-12-01,2025-12-27,39004.50000000,False,Insufficient coverage,,,,-1.38051352,,
Terribra,ask,2026-01-01,5,31,16.12903226,2026-01-07,2026-01-27,38922.00000000,False,Insufficient coverage,,,,-2.28950143,,
Terribra,bid,2026-01-01,5,31,16.12903226,2026-01-07,2026-01-27,38235.00000000,False,Insufficient coverage,,,,-1.97284929,,
Terribra,ask,2026-02-01,4,28,14.28571429,2026-02-01,2026-02-21,39141.00000000,False,Insufficient coverage,,,,0.56266379,,
Terribra,bid,2026-02-01,4,28,14.28571429,2026-02-01,2026-02-21,38029.00000000,False,Insufficient coverage,,,,-0.53877338,,
Terribra,ask,2026-03-01,5,31,16.12903226,2026-03-04,2026-03-30,39175.00000000,False,Insufficient coverage,,,,0.08686544,,
Terribra,bid,2026-03-01,5,31,16.12903226,2026-03-04,2026-03-30,37466.00000000,False,Insufficient coverage,,,,-1.48044913,,
Terribra,ask,2026-04-01,5,30,16.66666667,2026-04-05,2026-04-29,38119.00000000,False,Insufficient coverage,,,,-2.69559668,,
Terribra,bid,2026-04-01,5,30,16.66666667,2026-04-05,2026-04-29,37358.00000000,False,Insufficient coverage,,,,-0.28826136,,
Terribra,ask,2026-05-01,3,31,9.67741935,2026-05-05,2026-05-29,37777.00000000,False,Insufficient coverage,,,,-0.89719038,,
Terribra,bid,2026-05-01,3,31,9.67741935,2026-05-05,2026-05-29,36510.00000000,False,Insufficient coverage,,,,-2.26992880,,
Terribra,ask,2026-06-01,8,30,26.66666667,2026-06-04,2026-06-29,37731.00000000,False,Insufficient coverage,,,,-0.12176721,,
Terribra,bid,2026-06-01,8,30,26.66666667,2026-06-04,2026-06-29,36386.00000000,False,Insufficient coverage,,,,-0.33963298,,
Terribra,ask,2026-07-01,7,31,22.58064516,2026-07-04,2026-07-27,38085.00000000,False,Insufficient coverage,,,,0.93822056,,
Terribra,bid,2026-07-01,7,31,22.58064516,2026-07-04,2026-07-27,36895.00000000,False,Insufficient coverage,,,,1.39888968,,
Terribra,ask,2026-08-01,9,31,29.03225806,2026-08-02,2026-08-31,39241.00000000,False,Insufficient coverage,,,,3.03531574,,
Terribra,bid,2026-08-01,9,31,29.03225806,2026-08-02,2026-08-31,38111.00000000,False,Insufficient coverage,,,,3.29583954,,
Terribra,ask,2026-09-01,4,30,13.33333333,2026-09-01,2026-09-28,40967.50000000,False,Partial month,,,,,,
Terribra,bid,2026-09-01,4,30,13.33333333,2026-09-01,2026-09-28,39700.00000000,False,Partial month,,,,,,
Tornabra,ask,2023-01-01,0,31,0.00000000,,,,False,Insufficient coverage,,,,,,
Tornabra,bid,2023-01-01,0,31,0.00000000,,,,False,Insufficient coverage,,,,,,
Tornabra,ask,2023-02-01,0,28,0.00000000,,,,False,Insufficient coverage,,,,,,
Tornabra,bid,2023-02-01,0,28,0.00000000,,,,False,Insufficient coverage,,,,,,
Tornabra,ask,2023-03-01,0,31,0.00000000,,,,False,Insufficient coverage,,,,,,
Tornabra,bid,2023-03-01,0,31,0.00000000,,,,False,Insufficient coverage,,,,,,
Tornabra,ask,2023-04-01,0,30,0.00000000,,,,False,Insufficient coverage,,,,,,
Tornabra,bid,2023-04-01,0,30,0.00000000,,,,False,Insufficient coverage,,,,,,
Tornabra,ask,2023-05-01,0,31,0.00000000,,,,False,Insufficient coverage,,,,,,
Tornabra,bid,2023-05-01,0,31,0.00000000,,,,False,Insufficient coverage,,,,,,
Tornabra,ask,2023-06-01,0,30,0.00000000,,,,False,Insufficient coverage,,,,,,
Tornabra,bid,2023-06-01,0,30,0.00000000,,,,False,Insufficient coverage,,,,,,
Tornabra,ask,2023-07-01,0,31,0.00000000,,,,False,Insufficient coverage,,,,,,
Tornabra,bid,2023-07-01,0,31,0.00000000,,,,False,Insufficient coverage,,,,,,
Tornabra,ask,2023-08-01,0,31,0.00000000,,,,False,Insufficient coverage,,,,,,
Tornabra,bid,2023-08-01,0,31,0.00000000,,,,False,Insufficient coverage,,,,,,
Tornabra,ask,2023-09-01,0,30,0.00000000,,,,False,Insufficient coverage,,,,,,
Tornabra,bid,2023-09-01,0,30,0.00000000,,,,False,Insufficient coverage,,,,,,
Tornabra,ask,2023-10-01,0,31,0.00000000,,,,False,Insufficient coverage,,,,,,
Tornabra,bid,2023-10-01,0,31,0.00000000,,,,False,Insufficient coverage,,,,,,
Tornabra,ask,2023-11-01,0,30,0.00000000,,,,False,Insufficient coverage,,,,,,
Tornabra,bid,2023-11-01,0,30,0.00000000,,,,False,Insufficient coverage,,,,,,
Tornabra,ask,2023-12-01,0,31,0.00000000,,,,False,Insufficient coverage,,,,,,
Tornabra,bid,2023-12-01,0,31,0.00000000,,,,False,Insufficient coverage,,,,,,
Tornabra,ask,2024-01-01,0,31,0.00000000,,,,False,Insufficient coverage,,,,,,
Tornabra,bid,2024-01-01,0,31,0.00000000,,,,False,Insufficient coverage,,,,,,
Tornabra,ask,2024-02-01,0,29,0.00000000,,,,False,Insufficient coverage,,,,,,
Tornabra,bid,2024-02-01,0,29,0.00000000,,,,False,Insufficient coverage,,,,,,
Tornabra,ask,2024-03-01,0,31,0.00000000,,,,False,Insufficient coverage,,,,,,
Tornabra,bid,2024-03-01,0,31,0.00000000,,,,False,Insufficient coverage,,,,,,
Tornabra,ask,2024-04-01,0,30,0.00000000,,,,False,Insufficient coverage,,,,,,
Tornabra,bid,2024-04-01,0,30,0.00000000,,,,False,Insufficient coverage,,,,,,
Tornabra,ask,2024-05-01,0,31,0.00000000,,,,False,Insufficient coverage,,,,,,
Tornabra,bid,2024-05-01,0,31,0.00000000,,,,False,Insufficient coverage,,,,,,
Tornabra,ask,2024-06-01,0,30,0.00000000,,,,False,Insufficient coverage,,,,,,
Tornabra,bid,2024-06-01,0,30,0.00000000,,,,False,Insufficient coverage,,,,,,
Tornabra,ask,2024-07-01,0,31,0.00000000,,,,False,Insufficient coverage,,,,,,
Tornabra,bid,2024-07-01,0,31,0.00000000,,,,False,Insufficient coverage,,,,,,
Tornabra,ask,2024-08-01,0,31,0.00000000,,,,False,Insufficient coverage,,,,,,
Tornabra,bid,2024-08-01,0,31,0.00000000,,,,False,Insufficient coverage,,,,,,
Tornabra,ask,2024-09-01,0,30,0.00000000,,,,False,Insufficient coverage,,,,,,
Tornabra,bid,2024-09-01,0,30,0.00000000,,,,False,Insufficient coverage,,,,,,
Tornabra,ask,2024-10-01,0,31,0.00000000,,,,False,Insufficient coverage,,,,,,
Tornabra,bid,2024-10-01,0,31,0.00000000,,,,False,Insufficient coverage,,,,,,
Tornabra,ask,2024-11-01,0,30,0.00000000,,,,False,Insufficient coverage,,,,,,
Tornabra,bid,2024-11-01,0,30,0.00000000,,,,False,Insufficient coverage,,,,,,
Tornabra,ask,2024-12-01,0,31,0.00000000,,,,False,Insufficient coverage,,,,,,
Tornabra,bid,2024-12-01,0,31,0.00000000,,,,False,Insufficient coverage,,,,,,
Tornabra,ask,2025-01-01,0,31,0.00000000,,,,False,Insufficient coverage,,,,,,
Tornabra,bid,2025-01-01,0,31,0.00000000,,,,False,Insufficient coverage,,,,,,
Tornabra,ask,2025-02-01,0,28,0.00000000,,,,False,Insufficient coverage,,,,,,
Tornabra,bid,2025-02-01,0,28,0.00000000,,,,False,Insufficient coverage,,,,,,
Tornabra,ask,2025-03-01,0,31,0.00000000,,,,False,Insufficient coverage,,,,,,
Tornabra,bid,2025-03-01,0,31,0.00000000,,,,False,Insufficient coverage,,,,,,
Tornabra,ask,2025-04-01,0,30,0.00000000,,,,False,Insufficient coverage,,,,,,
Tornabra,bid,2025-04-01,0,30,0.00000000,,,,False,Insufficient coverage,,,,,,
Tornabra,ask,2025-05-01,0,31,0.00000000,,,,False,Insufficient coverage,,,,,,
Tornabra,bid,2025-05-01,0,31,0.00000000,,,,False,Insufficient coverage,,,,,,
Tornabra,ask,2025-06-01,0,30,0.00000000,,,,False,Insufficient coverage,,,,,,
Tornabra,bid,2025-06-01,0,30,0.00000000,,,,False,Insufficient coverage,,,,,,
Tornabra,ask,2025-07-01,0,31,0.00000000,,,,False,Insufficient coverage,,,,,,
Tornabra,bid,2025-07-01,0,31,0.00000000,,,,False,Insufficient coverage,,,,,,
Tornabra,ask,2025-08-01,0,31,0.00000000,,,,False,Insufficient coverage,,,,,,
Tornabra,bid,2025-08-01,0,31,0.00000000,,,,False,Insufficient coverage,,,,,,
Tornabra,ask,2025-09-01,0,30,0.00000000,,,,False,Insufficient coverage,,,,,,
Tornabra,bid,2025-09-01,0,30,0.00000000,,,,False,Insufficient coverage,,,,,,
Tornabra,ask,2025-10-01,6,31,19.35483871,2025-10-03,2025-10-29,41429.00000000,False,Insufficient coverage,,,,,,
Tornabra,bid,2025-10-01,6,31,19.35483871,2025-10-03,2025-10-29,39491.00000000,False,Insufficient coverage,,,,,,
Tornabra,ask,2025-11-01,6,30,20.00000000,2025-11-03,2025-11-28,41537.50000000,False,Insufficient coverage,,,,0.26189384,,
Tornabra,bid,2025-11-01,6,30,20.00000000,2025-11-03,2025-11-28,39703.00000000,False,Insufficient coverage,,,,0.53683118,,
Tornabra,ask,2025-12-01,5,31,16.12903226,2025-12-10,2025-12-30,40753.00000000,False,Insufficient coverage,,,,-1.88865483,,
Tornabra,bid,2025-12-01,5,31,16.12903226,2025-12-10,2025-12-30,38810.00000000,False,Insufficient coverage,,,,-2.24920031,,
Tornabra,ask,2026-01-01,5,31,16.12903226,2026-01-07,2026-01-27,39000.00000000,False,Insufficient coverage,,,,-4.30152381,,
Tornabra,bid,2026-01-01,5,31,16.12903226,2026-01-07,2026-01-27,38100.00000000,False,Insufficient coverage,,,,-1.82942541,,
Tornabra,ask,2026-02-01,5,28,17.85714286,2026-02-01,2026-02-26,39000.00000000,False,Insufficient coverage,,,,0.00000000,,
Tornabra,bid,2026-02-01,5,28,17.85714286,2026-02-01,2026-02-26,37621.00000000,False,Insufficient coverage,,,,-1.25721785,,
Tornabra,ask,2026-03-01,6,31,19.35483871,2026-03-03,2026-03-31,37999.50000000,False,Insufficient coverage,,,,-2.56538462,,
Tornabra,bid,2026-03-01,6,31,19.35483871,2026-03-03,2026-03-31,36562.00000000,False,Insufficient coverage,,,,-2.81491720,,
Tornabra,ask,2026-04-01,6,30,20.00000000,2026-04-05,2026-04-30,38889.50000000,False,Insufficient coverage,,,,2.34213608,,
Tornabra,bid,2026-04-01,6,30,20.00000000,2026-04-05,2026-04-30,36956.50000000,False,Insufficient coverage,,,,1.07898911,,
Tornabra,ask,2026-05-01,5,31,16.12903226,2026-05-10,2026-05-30,37978.00000000,False,Insufficient coverage,,,,-2.34382031,,
Tornabra,bid,2026-05-01,5,31,16.12903226,2026-05-10,2026-05-30,36468.00000000,False,Insufficient coverage,,,,-1.32182431,,
Tornabra,ask,2026-06-01,6,30,20.00000000,2026-06-04,2026-06-29,38095.50000000,False,Insufficient coverage,,,,0.30938965,,
Tornabra,bid,2026-06-01,6,30,20.00000000,2026-06-04,2026-06-29,36335.50000000,False,Insufficient coverage,,,,-0.36333224,,
Tornabra,ask,2026-07-01,6,31,19.35483871,2026-07-04,2026-07-29,39915.00000000,False,Insufficient coverage,,,,4.77615466,,
Tornabra,bid,2026-07-01,6,31,19.35483871,2026-07-04,2026-07-29,37645.50000000,False,Insufficient coverage,,,,3.60528959,,
Tornabra,ask,2026-08-01,6,31,19.35483871,2026-08-03,2026-08-28,41607.50000000,False,Insufficient coverage,,,,4.24026055,,
Tornabra,bid,2026-08-01,6,31,19.35483871,2026-08-03,2026-08-28,40062.50000000,False,Insufficient coverage,,,,6.42042210,,
Tornabra,ask,2026-09-01,7,30,23.33333333,2026-09-02,2026-09-28,44000.00000000,False,Partial month,,,,,,
Tornabra,bid,2026-09-01,7,30,23.33333333,2026-09-02,2026-09-28,42653.00000000,False,Partial month,,,,,,
Unebra,ask,2023-01-01,0,31,0.00000000,,,,False,Insufficient coverage,,,,,,
Unebra,bid,2023-01-01,0,31,0.00000000,,,,False,Insufficient coverage,,,,,,
Unebra,ask,2023-02-01,0,28,0.00000000,,,,False,Insufficient coverage,,,,,,
Unebra,bid,2023-02-01,0,28,0.00000000,,,,False,Insufficient coverage,,,,,,
Unebra,ask,2023-03-01,0,31,0.00000000,,,,False,Insufficient coverage,,,,,,
Unebra,bid,2023-03-01,0,31,0.00000000,,,,False,Insufficient coverage,,,,,,
Unebra,ask,2023-04-01,0,30,0.00000000,,,,False,Insufficient coverage,,,,,,
Unebra,bid,2023-04-01,0,30,0.00000000,,,,False,Insufficient coverage,,,,,,
Unebra,ask,2023-05-01,0,31,0.00000000,,,,False,Insufficient coverage,,,,,,
Unebra,bid,2023-05-01,0,31,0.00000000,,,,False,Insufficient coverage,,,,,,
Unebra,ask,2023-06-01,0,30,0.00000000,,,,False,Insufficient coverage,,,,,,
Unebra,bid,2023-06-01,0,30,0.00000000,,,,False,Insufficient coverage,,,,,,
Unebra,ask,2023-07-01,0,31,0.00000000,,,,False,Insufficient coverage,,,,,,
Unebra,bid,2023-07-01,0,31,0.00000000,,,,False,Insufficient coverage,,,,,,
Unebra,ask,2023-08-01,0,31,0.00000000,,,,False,Insufficient coverage,,,,,,
Unebra,bid,2023-08-01,0,31,0.00000000,,,,False,Insufficient coverage,,,,,,
Unebra,ask,2023-09-01,0,30,0.00000000,,,,False,Insufficient coverage,,,,,,
Unebra,bid,2023-09-01,0,30,0.00000000,,,,False,Insufficient coverage,,,,,,
Unebra,ask,2023-10-01,0,31,0.00000000,,,,False,Insufficient coverage,,,,,,
Unebra,bid,2023-10-01,0,31,0.00000000,,,,False,Insufficient coverage,,,,,,
Unebra,ask,2023-11-01,0,30,0.00000000,,,,False,Insufficient coverage,,,,,,
Unebra,bid,2023-11-01,0,30,0.00000000,,,,False,Insufficient coverage,,,,,,
Unebra,ask,2023-12-01,0,31,0.00000000,,,,False,Insufficient coverage,,,,,,
Unebra,bid,2023-12-01,0,31,0.00000000,,,,False,Insufficient coverage,,,,,,
Unebra,ask,2024-01-01,0,31,0.00000000,,,,False,Insufficient coverage,,,,,,
Unebra,bid,2024-01-01,0,31,0.00000000,,,,False,Insufficient coverage,,,,,,
Unebra,ask,2024-02-01,0,29,0.00000000,,,,False,Insufficient coverage,,,,,,
Unebra,bid,2024-02-01,0,29,0.00000000,,,,False,Insufficient coverage,,,,,,
Unebra,ask,2024-03-01,0,31,0.00000000,,,,False,Insufficient coverage,,,,,,
Unebra,bid,2024-03-01,0,31,0.00000000,,,,False,Insufficient coverage,,,,,,
Unebra,ask,2024-04-01,0,30,0.00000000,,,,False,Insufficient coverage,,,,,,
Unebra,bid,2024-04-01,0,30,0.00000000,,,,False,Insufficient coverage,,,,,,
Unebra,ask,2024-05-01,0,31,0.00000000,,,,False,Insufficient coverage,,,,,,
Unebra,bid,2024-05-01,0,31,0.00000000,,,,False,Insufficient coverage,,,,,,
Unebra,ask,2024-06-01,0,30,0.00000000,,,,False,Insufficient coverage,,,,,,
Unebra,bid,2024-06-01,0,30,0.00000000,,,,False,Insufficient coverage,,,,,,
Unebra,ask,2024-07-01,0,31,0.00000000,,,,False,Insufficient coverage,,,,,,
Unebra,bid,2024-07-01,0,31,0.00000000,,,,False,Insufficient coverage,,,,,,
Unebra,ask,2024-08-01,0,31,0.00000000,,,,False,Insufficient coverage,,,,,,
Unebra,bid,2024-08-01,0,31,0.00000000,,,,False,Insufficient coverage,,,,,,
Unebra,ask,2024-09-01,0,30,0.00000000,,,,False,Insufficient coverage,,,,,,
Unebra,bid,2024-09-01,0,30,0.00000000,,,,False,Insufficient coverage,,,,,,
Unebra,ask,2024-10-01,0,31,0.00000000,,,,False,Insufficient coverage,,,,,,
Unebra,bid,2024-10-01,0,31,0.00000000,,,,False,Insufficient coverage,,,,,,
Unebra,ask,2024-11-01,0,30,0.00000000,,,,False,Insufficient coverage,,,,,,
Unebra,bid,2024-11-01,0,30,0.00000000,,,,False,Insufficient coverage,,,,,,
Unebra,ask,2024-12-01,0,31,0.00000000,,,,False,Insufficient coverage,,,,,,
Unebra,bid,2024-12-01,0,31,0.00000000,,,,False,Insufficient coverage,,,,,,
Unebra,ask,2025-01-01,0,31,0.00000000,,,,False,Insufficient coverage,,,,,,
Unebra,bid,2025-01-01,0,31,0.00000000,,,,False,Insufficient coverage,,,,,,
Unebra,ask,2025-02-01,0,28,0.00000000,,,,False,Insufficient coverage,,,,,,
Unebra,bid,2025-02-01,0,28,0.00000000,,,,False,Insufficient coverage,,,,,,
Unebra,ask,2025-03-01,0,31,0.00000000,,,,False,Insufficient coverage,,,,,,
Unebra,bid,2025-03-01,0,31,0.00000000,,,,False,Insufficient coverage,,,,,,
Unebra,ask,2025-04-01,0,30,0.00000000,,,,False,Insufficient coverage,,,,,,
Unebra,bid,2025-04-01,0,30,0.00000000,,,,False,Insufficient coverage,,,,,,
Unebra,ask,2025-05-01,0,31,0.00000000,,,,False,Insufficient coverage,,,,,,
Unebra,bid,2025-05-01,0,31,0.00000000,,,,False,Insufficient coverage,,,,,,
Unebra,ask,2025-06-01,0,30,0.00000000,,,,False,Insufficient coverage,,,,,,
Unebra,bid,2025-06-01,0,30,0.00000000,,,,False,Insufficient coverage,,,,,,
Unebra,ask,2025-07-01,0,31,0.00000000,,,,False,Insufficient coverage,,,,,,
Unebra,bid,2025-07-01,0,31,0.00000000,,,,False,Insufficient coverage,,,,,,
Unebra,ask,2025-08-01,0,31,0.00000000,,,,False,Insufficient coverage,,,,,,
Unebra,bid,2025-08-01,0,31,0.00000000,,,,False,Insufficient coverage,,,,,,
Unebra,ask,2025-09-01,0,30,0.00000000,,,,False,Insufficient coverage,,,,,,
Unebra,bid,2025-09-01,0,30,0.00000000,,,,False,Insufficient coverage,,,,,,
Unebra,ask,2025-10-01,4,31,12.90322581,2025-10-02,2025-10-22,43441.50000000,False,Insufficient coverage,,,,,,
Unebra,bid,2025-10-01,4,31,12.90322581,2025-10-02,2025-10-22,39380.50000000,False,Insufficient coverage,,,,,,
Unebra,ask,2025-11-01,5,30,16.66666667,2025-11-03,2025-11-27,42989.00000000,False,Insufficient coverage,,,,-1.04163070,,
Unebra,bid,2025-11-01,5,30,16.66666667,2025-11-03,2025-11-27,37042.00000000,False,Insufficient coverage,,,,-5.93821815,,
Unebra,ask,2025-12-01,3,31,9.67741935,2025-12-11,2025-12-23,41499.00000000,False,Insufficient coverage,,,,-3.46600293,,
Unebra,bid,2025-12-01,3,31,9.67741935,2025-12-11,2025-12-23,37503.00000000,False,Insufficient coverage,,,,1.24453323,,
Unebra,ask,2026-01-01,5,31,16.12903226,2026-01-07,2026-01-31,39999.00000000,False,Insufficient coverage,,,,-3.61454493,,
Unebra,bid,2026-01-01,5,31,16.12903226,2026-01-07,2026-01-31,38013.00000000,False,Insufficient coverage,,,,1.35989121,,
Unebra,ask,2026-02-01,4,28,14.28571429,2026-02-06,2026-02-24,39235.50000000,False,Insufficient coverage,,,,-1.90879772,,
Unebra,bid,2026-02-01,4,28,14.28571429,2026-02-06,2026-02-24,38246.00000000,False,Insufficient coverage,,,,0.61294820,,
Unebra,ask,2026-03-01,4,31,12.90322581,2026-03-03,2026-03-27,38622.50000000,False,Insufficient coverage,,,,-1.56236062,,
Unebra,bid,2026-03-01,4,31,12.90322581,2026-03-03,2026-03-27,36900.00000000,False,Insufficient coverage,,,,-3.51932228,,
Unebra,ask,2026-04-01,4,30,13.33333333,2026-04-02,2026-04-26,38242.00000000,False,Insufficient coverage,,,,-0.98517703,,
Unebra,bid,2026-04-01,4,30,13.33333333,2026-04-02,2026-04-26,37068.50000000,False,Insufficient coverage,,,,0.45663957,,
Unebra,ask,2026-05-01,5,31,16.12903226,2026-05-02,2026-05-26,37600.00000000,False,Insufficient coverage,,,,-1.67878249,,
Unebra,bid,2026-05-01,5,31,16.12903226,2026-05-02,2026-05-26,36832.00000000,False,Insufficient coverage,,,,-0.63800801,,
Unebra,ask,2026-06-01,5,30,16.66666667,2026-06-01,2026-06-25,37798.00000000,False,Insufficient coverage,,,,0.52659574,,
Unebra,bid,2026-06-01,5,30,16.66666667,2026-06-01,2026-06-25,36455.00000000,False,Insufficient coverage,,,,-1.02356646,,
Unebra,ask,2026-07-01,5,31,16.12903226,2026-07-01,2026-07-30,39449.00000000,False,Insufficient coverage,,,,4.36795598,,
Unebra,bid,2026-07-01,5,31,16.12903226,2026-07-01,2026-07-30,38004.00000000,False,Insufficient coverage,,,,4.24907420,,
Unebra,ask,2026-08-01,4,31,12.90322581,2026-08-11,2026-08-29,42824.00000000,False,Insufficient coverage,,,,8.55534995,,
Unebra,bid,2026-08-01,4,31,12.90322581,2026-08-11,2026-08-29,40273.00000000,False,Insufficient coverage,,,,5.97042417,,
Unebra,ask,2026-09-01,3,30,10.00000000,2026-09-04,2026-09-28,45699.00000000,False,Partial month,,,,,,
Unebra,bid,2026-09-01,3,30,10.00000000,2026-09-04,2026-09-28,43757.00000000,False,Partial month,,,,,,
Ustebra,ask,2023-01-01,0,31,0.00000000,,,,False,Insufficient coverage,,,,,,
Ustebra,bid,2023-01-01,0,31,0.00000000,,,,False,Insufficient coverage,,,,,,
Ustebra,ask,2023-02-01,0,28,0.00000000,,,,False,Insufficient coverage,,,,,,
Ustebra,bid,2023-02-01,0,28,0.00000000,,,,False,Insufficient coverage,,,,,,
Ustebra,ask,2023-03-01,0,31,0.00000000,,,,False,Insufficient coverage,,,,,,
Ustebra,bid,2023-03-01,0,31,0.00000000,,,,False,Insufficient coverage,,,,,,
Ustebra,ask,2023-04-01,0,30,0.00000000,,,,False,Insufficient coverage,,,,,,
Ustebra,bid,2023-04-01,0,30,0.00000000,,,,False,Insufficient coverage,,,,,,
Ustebra,ask,2023-05-01,0,31,0.00000000,,,,False,Insufficient coverage,,,,,,
Ustebra,bid,2023-05-01,0,31,0.00000000,,,,False,Insufficient coverage,,,,,,
Ustebra,ask,2023-06-01,0,30,0.00000000,,,,False,Insufficient coverage,,,,,,
Ustebra,bid,2023-06-01,0,30,0.00000000,,,,False,Insufficient coverage,,,,,,
Ustebra,ask,2023-07-01,0,31,0.00000000,,,,False,Insufficient coverage,,,,,,
Ustebra,bid,2023-07-01,0,31,0.00000000,,,,False,Insufficient coverage,,,,,,
Ustebra,ask,2023-08-01,0,31,0.00000000,,,,False,Insufficient coverage,,,,,,
Ustebra,bid,2023-08-01,0,31,0.00000000,,,,False,Insufficient coverage,,,,,,
Ustebra,ask,2023-09-01,0,30,0.00000000,,,,False,Insufficient coverage,,,,,,
Ustebra,bid,2023-09-01,0,30,0.00000000,,,,False,Insufficient coverage,,,,,,
Ustebra,ask,2023-10-01,0,31,0.00000000,,,,False,Insufficient coverage,,,,,,
Ustebra,bid,2023-10-01,0,31,0.00000000,,,,False,Insufficient coverage,,,,,,
Ustebra,ask,2023-11-01,0,30,0.00000000,,,,False,Insufficient coverage,,,,,,
Ustebra,bid,2023-11-01,0,30,0.00000000,,,,False,Insufficient coverage,,,,,,
Ustebra,ask,2023-12-01,0,31,0.00000000,,,,False,Insufficient coverage,,,,,,
Ustebra,bid,2023-12-01,0,31,0.00000000,,,,False,Insufficient coverage,,,,,,
Ustebra,ask,2024-01-01,0,31,0.00000000,,,,False,Insufficient coverage,,,,,,
Ustebra,bid,2024-01-01,0,31,0.00000000,,,,False,Insufficient coverage,,,,,,
Ustebra,ask,2024-02-01,0,29,0.00000000,,,,False,Insufficient coverage,,,,,,
Ustebra,bid,2024-02-01,0,29,0.00000000,,,,False,Insufficient coverage,,,,,,
Ustebra,ask,2024-03-01,0,31,0.00000000,,,,False,Insufficient coverage,,,,,,
Ustebra,bid,2024-03-01,0,31,0.00000000,,,,False,Insufficient coverage,,,,,,
Ustebra,ask,2024-04-01,0,30,0.00000000,,,,False,Insufficient coverage,,,,,,
Ustebra,bid,2024-04-01,0,30,0.00000000,,,,False,Insufficient coverage,,,,,,
Ustebra,ask,2024-05-01,0,31,0.00000000,,,,False,Insufficient coverage,,,,,,
Ustebra,bid,2024-05-01,0,31,0.00000000,,,,False,Insufficient coverage,,,,,,
Ustebra,ask,2024-06-01,0,30,0.00000000,,,,False,Insufficient coverage,,,,,,
Ustebra,bid,2024-06-01,0,30,0.00000000,,,,False,Insufficient coverage,,,,,,
Ustebra,ask,2024-07-01,0,31,0.00000000,,,,False,Insufficient coverage,,,,,,
Ustebra,bid,2024-07-01,0,31,0.00000000,,,,False,Insufficient coverage,,,,,,
Ustebra,ask,2024-08-01,0,31,0.00000000,,,,False,Insufficient coverage,,,,,,
Ustebra,bid,2024-08-01,0,31,0.00000000,,,,False,Insufficient coverage,,,,,,
Ustebra,ask,2024-09-01,0,30,0.00000000,,,,False,Insufficient coverage,,,,,,
Ustebra,bid,2024-09-01,0,30,0.00000000,,,,False,Insufficient coverage,,,,,,
Ustebra,ask,2024-10-01,0,31,0.00000000,,,,False,Insufficient coverage,,,,,,
Ustebra,bid,2024-10-01,0,31,0.00000000,,,,False,Insufficient coverage,,,,,,
Ustebra,ask,2024-11-01,0,30,0.00000000,,,,False,Insufficient coverage,,,,,,
Ustebra,bid,2024-11-01,0,30,0.00000000,,,,False,Insufficient coverage,,,,,,
Ustebra,ask,2024-12-01,0,31,0.00000000,,,,False,Insufficient coverage,,,,,,
Ustebra,bid,2024-12-01,0,31,0.00000000,,,,False,Insufficient coverage,,,,,,
Ustebra,ask,2025-01-01,2,31,6.45161290,2025-01-29,2025-01-31,42423.00000000,False,Insufficient coverage,,,,,,
Ustebra,bid,2025-01-01,2,31,6.45161290,2025-01-29,2025-01-31,41930.50000000,False,Insufficient coverage,,,,,,
Ustebra,ask,2025-02-01,6,28,21.42857143,2025-02-04,2025-02-24,42978.50000000,False,Insufficient coverage,,,,1.30943120,,
Ustebra,bid,2025-02-01,6,28,21.42857143,2025-02-04,2025-02-24,41214.50000000,False,Insufficient coverage,,,,-1.70758756,,
Ustebra,ask,2025-03-01,6,31,19.35483871,2025-03-04,2025-03-28,41690.00000000,False,Insufficient coverage,,,,-2.99801063,,
Ustebra,bid,2025-03-01,6,31,19.35483871,2025-03-04,2025-03-28,40511.50000000,False,Insufficient coverage,,,,-1.70571037,,
Ustebra,ask,2025-04-01,5,30,16.66666667,2025-04-09,2025-04-29,40692.00000000,False,Insufficient coverage,,,,-2.39385944,,
Ustebra,bid,2025-04-01,5,30,16.66666667,2025-04-09,2025-04-29,39445.00000000,False,Insufficient coverage,,,,-2.63258581,,
Ustebra,ask,2025-05-01,6,31,19.35483871,2025-05-03,2025-05-31,38331.50000000,False,Insufficient coverage,,,,-5.80089452,,
Ustebra,bid,2025-05-01,6,31,19.35483871,2025-05-03,2025-05-31,36703.00000000,False,Insufficient coverage,,,,-6.95145139,,
Ustebra,ask,2025-06-01,2,30,6.66666667,2025-06-04,2025-06-12,38755.00000000,False,Insufficient coverage,,,,1.10483545,,
Ustebra,bid,2025-06-01,2,30,6.66666667,2025-06-04,2025-06-12,36944.50000000,False,Insufficient coverage,,,,0.65798436,,
Ustebra,ask,2025-07-01,1,31,3.22580645,2025-07-28,2025-07-28,38014.00000000,False,Insufficient coverage,,,,-1.91201135,,
Ustebra,bid,2025-07-01,1,31,3.22580645,2025-07-28,2025-07-28,36680.00000000,False,Insufficient coverage,,,,-0.71593877,,
Ustebra,ask,2025-08-01,7,31,22.58064516,2025-08-05,2025-08-29,39216.00000000,False,Insufficient coverage,,,,3.16199295,,
Ustebra,bid,2025-08-01,7,31,22.58064516,2025-08-05,2025-08-29,38120.00000000,False,Insufficient coverage,,,,3.92584515,,
Ustebra,ask,2025-09-01,6,30,20.00000000,2025-09-06,2025-09-27,40612.50000000,False,Insufficient coverage,,,,3.56104651,,
Ustebra,bid,2025-09-01,6,30,20.00000000,2025-09-06,2025-09-27,38974.00000000,False,Insufficient coverage,,,,2.24029381,,
Ustebra,ask,2025-10-01,7,31,22.58064516,2025-10-01,2025-10-30,43998.00000000,False,Insufficient coverage,,,,8.33610342,,
Ustebra,bid,2025-10-01,7,31,22.58064516,2025-10-01,2025-10-30,41913.00000000,False,Insufficient coverage,,,,7.54092472,,
Ustebra,ask,2025-11-01,7,30,23.33333333,2025-11-03,2025-11-27,43460.00000000,False,Insufficient coverage,,,,-1.22278285,,
Ustebra,bid,2025-11-01,7,30,23.33333333,2025-11-03,2025-11-27,42402.00000000,False,Insufficient coverage,,,,1.16670246,,
Ustebra,ask,2025-12-01,6,31,19.35483871,2025-12-01,2025-12-27,42511.00000000,False,Insufficient coverage,,,,-2.18361712,,
Ustebra,bid,2025-12-01,6,31,19.35483871,2025-12-01,2025-12-27,41011.00000000,False,Insufficient coverage,,,,-3.28050564,,
Ustebra,ask,2026-01-01,6,31,19.35483871,2026-01-07,2026-01-31,40462.00000000,False,Insufficient coverage,,,,-4.81992896,-4.62249252,
Ustebra,bid,2026-01-01,6,31,19.35483871,2026-01-07,2026-01-31,38923.00000000,False,Insufficient coverage,,,,-5.09131696,-7.17258320,
Ustebra,ask,2026-02-01,5,28,17.85714286,2026-02-08,2026-02-24,39898.00000000,False,Insufficient coverage,,,,-1.39390045,-7.16753726,-2.54504474
Ustebra,bid,2026-02-01,5,28,17.85714286,2026-02-08,2026-02-24,38224.00000000,False,Insufficient coverage,,,,-1.79585335,-7.25594148,-0.08335827
Ustebra,ask,2026-03-01,2,31,6.45161290,2026-03-26,2026-03-30,38241.50000000,False,Insufficient coverage,,,,-4.15183718,-8.27176781,-1.10423055
Ustebra,bid,2026-03-01,2,31,6.45161290,2026-03-26,2026-03-30,37462.50000000,False,Insufficient coverage,,,,-1.99220385,-7.52625798,-0.27031650
Ustebra,ask,2026-04-01,9,30,30.00000000,2026-04-01,2026-04-27,38400.00000000,False,Insufficient coverage,,,,0.41447119,-5.63255677,2.63921104
Ustebra,bid,2026-04-01,9,30,30.00000000,2026-04-01,2026-04-27,37432.00000000,False,Insufficient coverage,,,,-0.08141475,-5.10330840,2.42294957
Ustebra,ask,2026-05-01,11,31,35.48387097,2026-05-01,2026-05-31,37983.00000000,False,Insufficient coverage,,,,-1.08593750,-0.90917392,4.72338285
Ustebra,bid,2026-05-01,11,31,35.48387097,2026-05-01,2026-05-31,37005.00000000,False,Insufficient coverage,,,,-1.14073520,0.82282102,5.92612943
Ustebra,ask,2026-06-01,13,30,43.33333333,2026-06-02,2026-06-30,38000.00000000,False,Insufficient coverage,,,,0.04475686,-1.94813572,-1.03896181
Ustebra,bid,2026-06-01,13,30,43.33333333,2026-06-02,2026-06-30,36506.00000000,False,Insufficient coverage,,,,-1.34846642,-1.18691551,-2.00973653
Ustebra,ask,2026-07-01,11,31,35.48387097,2026-07-02,2026-07-30,38775.00000000,False,Insufficient coverage,,,,2.03947368,2.00189404,3.95002976
Ustebra,bid,2026-07-01,11,31,35.48387097,2026-07-02,2026-07-30,37672.00000000,False,Insufficient coverage,,,,3.19399551,2.70447110,3.89138661
Ustebra,ask,2026-08-01,8,31,25.80645161,2026-08-11,2026-08-31,41700.50000000,False,Insufficient coverage,,,,7.54480980,6.33542432,4.33353028
Ustebra,bid,2026-08-01,8,31,25.80645161,2026-08-11,2026-08-31,40776.00000000,False,Insufficient coverage,,,,8.23954130,6.96747114,4.26300004
Ustebra,ask,2026-09-01,8,30,26.66666667,2026-09-02,2026-09-28,44152.00000000,False,Partial month,,,,,,
Ustebra,bid,2026-09-01,8,30,26.66666667,2026-09-02,2026-09-28,43156.50000000,False,Partial month,,,,,,
Venebra,ask,2023-01-01,0,31,0.00000000,,,,False,Insufficient coverage,,,,,,
Venebra,bid,2023-01-01,0,31,0.00000000,,,,False,Insufficient coverage,,,,,,
Venebra,ask,2023-02-01,0,28,0.00000000,,,,False,Insufficient coverage,,,,,,
Venebra,bid,2023-02-01,0,28,0.00000000,,,,False,Insufficient coverage,,,,,,
Venebra,ask,2023-03-01,0,31,0.00000000,,,,False,Insufficient coverage,,,,,,
Venebra,bid,2023-03-01,0,31,0.00000000,,,,False,Insufficient coverage,,,,,,
Venebra,ask,2023-04-01,0,30,0.00000000,,,,False,Insufficient coverage,,,,,,
Venebra,bid,2023-04-01,0,30,0.00000000,,,,False,Insufficient coverage,,,,,,
Venebra,ask,2023-05-01,0,31,0.00000000,,,,False,Insufficient coverage,,,,,,
Venebra,bid,2023-05-01,0,31,0.00000000,,,,False,Insufficient coverage,,,,,,
Venebra,ask,2023-06-01,0,30,0.00000000,,,,False,Insufficient coverage,,,,,,
Venebra,bid,2023-06-01,0,30,0.00000000,,,,False,Insufficient coverage,,,,,,
Venebra,ask,2023-07-01,0,31,0.00000000,,,,False,Insufficient coverage,,,,,,
Venebra,bid,2023-07-01,0,31,0.00000000,,,,False,Insufficient coverage,,,,,,
Venebra,ask,2023-08-01,0,31,0.00000000,,,,False,Insufficient coverage,,,,,,
Venebra,bid,2023-08-01,0,31,0.00000000,,,,False,Insufficient coverage,,,,,,
Venebra,ask,2023-09-01,0,30,0.00000000,,,,False,Insufficient coverage,,,,,,
Venebra,bid,2023-09-01,0,30,0.00000000,,,,False,Insufficient coverage,,,,,,
Venebra,ask,2023-10-01,0,31,0.00000000,,,,False,Insufficient coverage,,,,,,
Venebra,bid,2023-10-01,0,31,0.00000000,,,,False,Insufficient coverage,,,,,,
Venebra,ask,2023-11-01,0,30,0.00000000,,,,False,Insufficient coverage,,,,,,
Venebra,bid,2023-11-01,0,30,0.00000000,,,,False,Insufficient coverage,,,,,,
Venebra,ask,2023-12-01,0,31,0.00000000,,,,False,Insufficient coverage,,,,,,
Venebra,bid,2023-12-01,0,31,0.00000000,,,,False,Insufficient coverage,,,,,,
Venebra,ask,2024-01-01,0,31,0.00000000,,,,False,Insufficient coverage,,,,,,
Venebra,bid,2024-01-01,0,31,0.00000000,,,,False,Insufficient coverage,,,,,,
Venebra,ask,2024-02-01,0,29,0.00000000,,,,False,Insufficient coverage,,,,,,
Venebra,bid,2024-02-01,0,29,0.00000000,,,,False,Insufficient coverage,,,,,,
Venebra,ask,2024-03-01,0,31,0.00000000,,,,False,Insufficient coverage,,,,,,
Venebra,bid,2024-03-01,0,31,0.00000000,,,,False,Insufficient coverage,,,,,,
Venebra,ask,2024-04-01,0,30,0.00000000,,,,False,Insufficient coverage,,,,,,
Venebra,bid,2024-04-01,0,30,0.00000000,,,,False,Insufficient coverage,,,,,,
Venebra,ask,2024-05-01,0,31,0.00000000,,,,False,Insufficient coverage,,,,,,
Venebra,bid,2024-05-01,0,31,0.00000000,,,,False,Insufficient coverage,,,,,,
Venebra,ask,2024-06-01,0,30,0.00000000,,,,False,Insufficient coverage,,,,,,
Venebra,bid,2024-06-01,0,30,0.00000000,,,,False,Insufficient coverage,,,,,,
Venebra,ask,2024-07-01,0,31,0.00000000,,,,False,Insufficient coverage,,,,,,
Venebra,bid,2024-07-01,0,31,0.00000000,,,,False,Insufficient coverage,,,,,,
Venebra,ask,2024-08-01,0,31,0.00000000,,,,False,Insufficient coverage,,,,,,
Venebra,bid,2024-08-01,0,31,0.00000000,,,,False,Insufficient coverage,,,,,,
Venebra,ask,2024-09-01,0,30,0.00000000,,,,False,Insufficient coverage,,,,,,
Venebra,bid,2024-09-01,0,30,0.00000000,,,,False,Insufficient coverage,,,,,,
Venebra,ask,2024-10-01,0,31,0.00000000,,,,False,Insufficient coverage,,,,,,
Venebra,bid,2024-10-01,0,31,0.00000000,,,,False,Insufficient coverage,,,,,,
Venebra,ask,2024-11-01,0,30,0.00000000,,,,False,Insufficient coverage,,,,,,
Venebra,bid,2024-11-01,0,30,0.00000000,,,,False,Insufficient coverage,,,,,,
Venebra,ask,2024-12-01,0,31,0.00000000,,,,False,Insufficient coverage,,,,,,
Venebra,bid,2024-12-01,0,31,0.00000000,,,,False,Insufficient coverage,,,,,,
Venebra,ask,2025-01-01,0,31,0.00000000,,,,False,Insufficient coverage,,,,,,
Venebra,bid,2025-01-01,0,31,0.00000000,,,,False,Insufficient coverage,,,,,,
Venebra,ask,2025-02-01,0,28,0.00000000,,,,False,Insufficient coverage,,,,,,
Venebra,bid,2025-02-01,0,28,0.00000000,,,,False,Insufficient coverage,,,,,,
Venebra,ask,2025-03-01,0,31,0.00000000,,,,False,Insufficient coverage,,,,,,
Venebra,bid,2025-03-01,0,31,0.00000000,,,,False,Insufficient coverage,,,,,,
Venebra,ask,2025-04-01,0,30,0.00000000,,,,False,Insufficient coverage,,,,,,
Venebra,bid,2025-04-01,0,30,0.00000000,,,,False,Insufficient coverage,,,,,,
Venebra,ask,2025-05-01,0,31,0.00000000,,,,False,Insufficient coverage,,,,,,
Venebra,bid,2025-05-01,0,31,0.00000000,,,,False,Insufficient coverage,,,,,,
Venebra,ask,2025-06-01,0,30,0.00000000,,,,False,Insufficient coverage,,,,,,
Venebra,bid,2025-06-01,0,30,0.00000000,,,,False,Insufficient coverage,,,,,,
Venebra,ask,2025-07-01,0,31,0.00000000,,,,False,Insufficient coverage,,,,,,
Venebra,bid,2025-07-01,0,31,0.00000000,,,,False,Insufficient coverage,,,,,,
Venebra,ask,2025-08-01,0,31,0.00000000,,,,False,Insufficient coverage,,,,,,
Venebra,bid,2025-08-01,0,31,0.00000000,,,,False,Insufficient coverage,,,,,,
Venebra,ask,2025-09-01,2,30,6.66666667,2025-09-26,2025-09-29,40953.00000000,False,Insufficient coverage,,,,,,
Venebra,bid,2025-09-01,2,30,6.66666667,2025-09-26,2025-09-29,39030.50000000,False,Insufficient coverage,,,,,,
Venebra,ask,2025-10-01,5,31,16.12903226,2025-10-04,2025-10-31,44000.00000000,False,Insufficient coverage,,,,7.44023637,,
Venebra,bid,2025-10-01,5,31,16.12903226,2025-10-04,2025-10-31,41201.00000000,False,Insufficient coverage,,,,5.56103560,,
Venebra,ask,2025-11-01,6,30,20.00000000,2025-11-05,2025-11-30,43638.00000000,False,Insufficient coverage,,,,-0.82272727,,
Venebra,bid,2025-11-01,6,30,20.00000000,2025-11-05,2025-11-30,42525.00000000,False,Insufficient coverage,,,,3.21351424,,
Venebra,ask,2025-12-01,5,31,16.12903226,2025-12-07,2025-12-27,43185.00000000,False,Insufficient coverage,,,,-1.03808607,,
Venebra,bid,2025-12-01,5,31,16.12903226,2025-12-07,2025-12-27,41507.00000000,False,Insufficient coverage,,,,-2.39388595,,
Venebra,ask,2026-01-01,5,31,16.12903226,2026-01-09,2026-01-29,40286.00000000,False,Insufficient coverage,,,,-6.71297904,,
Venebra,bid,2026-01-01,5,31,16.12903226,2026-01-09,2026-01-29,39065.00000000,False,Insufficient coverage,,,,-5.88334498,,
Venebra,ask,2026-02-01,5,28,17.85714286,2026-02-03,2026-02-23,40050.00000000,False,Insufficient coverage,,,,-0.58581145,,
Venebra,bid,2026-02-01,5,28,17.85714286,2026-02-03,2026-02-23,38828.00000000,False,Insufficient coverage,,,,-0.60668117,,
Venebra,ask,2026-03-01,1,31,3.22580645,2026-03-24,2026-03-24,38800.00000000,False,Insufficient coverage,,,,-3.12109863,,
Venebra,bid,2026-03-01,1,31,3.22580645,2026-03-24,2026-03-24,37515.00000000,False,Insufficient coverage,,,,-3.38158030,,
Venebra,ask,2026-04-01,6,30,20.00000000,2026-04-03,2026-04-28,38952.50000000,False,Insufficient coverage,,,,0.39304124,,
Venebra,bid,2026-04-01,6,30,20.00000000,2026-04-03,2026-04-28,37402.00000000,False,Insufficient coverage,,,,-0.30121285,,
Venebra,ask,2026-05-01,6,31,19.35483871,2026-05-03,2026-05-28,38121.50000000,False,Insufficient coverage,,,,-2.13336756,,
Venebra,bid,2026-05-01,6,31,19.35483871,2026-05-03,2026-05-28,36928.00000000,False,Insufficient coverage,,,,-1.26731191,,
Venebra,ask,2026-06-01,6,30,20.00000000,2026-06-02,2026-06-27,37987.50000000,False,Insufficient coverage,,,,-0.35150768,,
Venebra,bid,2026-06-01,6,30,20.00000000,2026-06-02,2026-06-27,37145.50000000,False,Insufficient coverage,,,,0.58898397,,
Venebra,ask,2026-07-01,6,31,19.35483871,2026-07-02,2026-07-27,38494.00000000,False,Insufficient coverage,,,,1.33333333,,
Venebra,bid,2026-07-01,6,31,19.35483871,2026-07-02,2026-07-27,37668.00000000,False,Insufficient coverage,,,,1.40663068,,
Venebra,ask,2026-08-01,7,31,22.58064516,2026-08-01,2026-08-31,41783.00000000,False,Insufficient coverage,,,,8.54418870,,
Venebra,bid,2026-08-01,7,31,22.58064516,2026-08-01,2026-08-31,40349.00000000,False,Insufficient coverage,,,,7.11744717,,
Venebra,ask,2026-09-01,7,30,23.33333333,2026-09-05,2026-09-28,43984.00000000,False,Partial month,,,,,,
Venebra,bid,2026-09-01,7,30,23.33333333,2026-09-05,2026-09-28,41571.00000000,False,Partial month,,,,,,
Vunira,ask,2023-01-01,0,31,0.00000000,,,,False,Insufficient coverage,,,,,,
Vunira,bid,2023-01-01,0,31,0.00000000,,,,False,Insufficient coverage,,,,,,
Vunira,ask,2023-02-01,0,28,0.00000000,,,,False,Insufficient coverage,,,,,,
Vunira,bid,2023-02-01,0,28,0.00000000,,,,False,Insufficient coverage,,,,,,
Vunira,ask,2023-03-01,0,31,0.00000000,,,,False,Insufficient coverage,,,,,,
Vunira,bid,2023-03-01,0,31,0.00000000,,,,False,Insufficient coverage,,,,,,
Vunira,ask,2023-04-01,0,30,0.00000000,,,,False,Insufficient coverage,,,,,,
Vunira,bid,2023-04-01,0,30,0.00000000,,,,False,Insufficient coverage,,,,,,
Vunira,ask,2023-05-01,0,31,0.00000000,,,,False,Insufficient coverage,,,,,,
Vunira,bid,2023-05-01,0,31,0.00000000,,,,False,Insufficient coverage,,,,,,
Vunira,ask,2023-06-01,0,30,0.00000000,,,,False,Insufficient coverage,,,,,,
Vunira,bid,2023-06-01,0,30,0.00000000,,,,False,Insufficient coverage,,,,,,
Vunira,ask,2023-07-01,0,31,0.00000000,,,,False,Insufficient coverage,,,,,,
Vunira,bid,2023-07-01,0,31,0.00000000,,,,False,Insufficient coverage,,,,,,
Vunira,ask,2023-08-01,0,31,0.00000000,,,,False,Insufficient coverage,,,,,,
Vunira,bid,2023-08-01,0,31,0.00000000,,,,False,Insufficient coverage,,,,,,
Vunira,ask,2023-09-01,0,30,0.00000000,,,,False,Insufficient coverage,,,,,,
Vunira,bid,2023-09-01,0,30,0.00000000,,,,False,Insufficient coverage,,,,,,
Vunira,ask,2023-10-01,0,31,0.00000000,,,,False,Insufficient coverage,,,,,,
Vunira,bid,2023-10-01,0,31,0.00000000,,,,False,Insufficient coverage,,,,,,
Vunira,ask,2023-11-01,26,30,86.66666667,2023-11-01,2023-11-30,39874.00000000,True,Eligible,,,,,,
Vunira,bid,2023-11-01,26,30,86.66666667,2023-11-01,2023-11-30,39214.00000000,True,Eligible,,,,,,
Vunira,ask,2023-12-01,26,31,83.87096774,2023-12-01,2023-12-31,38020.50000000,True,Eligible,-4.64839244,,,-4.64839244,,
Vunira,bid,2023-12-01,26,31,83.87096774,2023-12-01,2023-12-31,37113.00000000,True,Eligible,-5.35778038,,,-5.35778038,,
Vunira,ask,2024-01-01,29,31,93.54838710,2024-01-01,2024-01-31,34996.00000000,True,Eligible,-7.95491906,,,-7.95491906,,
Vunira,bid,2024-01-01,29,31,93.54838710,2024-01-01,2024-01-31,33666.00000000,True,Eligible,-9.28785062,,,-9.28785062,,
Vunira,ask,2024-02-01,28,29,96.55172414,2024-02-01,2024-02-29,35382.50000000,True,Eligible,1.10441193,,,1.10441193,,
Vunira,bid,2024-02-01,28,29,96.55172414,2024-02-01,2024-02-29,34079.00000000,True,Eligible,1.22675697,,,1.22675697,,
Vunira,ask,2024-03-01,29,31,93.54838710,2024-03-01,2024-03-31,33900.00000000,True,Eligible,-4.18992440,,,-4.18992440,,
Vunira,bid,2024-03-01,29,31,93.54838710,2024-03-01,2024-03-31,33005.00000000,True,Eligible,-3.15150092,,,-3.15150092,,
Vunira,ask,2024-04-01,30,30,100.00000000,2024-04-01,2024-04-30,33994.50000000,True,Eligible,0.27876106,,,0.27876106,,
Vunira,bid,2024-04-01,30,30,100.00000000,2024-04-01,2024-04-30,33026.00000000,True,Eligible,0.06362672,,,0.06362672,,
Vunira,ask,2024-05-01,27,31,87.09677419,2024-05-01,2024-05-31,33490.00000000,True,Eligible,-1.48406360,,,-1.48406360,,
Vunira,bid,2024-05-01,27,31,87.09677419,2024-05-01,2024-05-31,32638.00000000,True,Eligible,-1.17483195,,,-1.17483195,,
Vunira,ask,2024-06-01,30,30,100.00000000,2024-06-01,2024-06-30,30351.50000000,True,Eligible,-9.37145417,,,-9.37145417,,
Vunira,bid,2024-06-01,30,30,100.00000000,2024-06-01,2024-06-30,29264.00000000,True,Eligible,-10.33764324,,,-10.33764324,,
Vunira,ask,2024-07-01,29,31,93.54838710,2024-07-01,2024-07-31,29888.00000000,True,Eligible,-1.52710739,,,-1.52710739,,
Vunira,bid,2024-07-01,29,31,93.54838710,2024-07-01,2024-07-31,28200.00000000,True,Eligible,-3.63586659,,,-3.63586659,,
Vunira,ask,2024-08-01,21,31,67.74193548,2024-08-01,2024-08-26,31972.00000000,True,Eligible,6.97269807,,,6.97269807,,
Vunira,bid,2024-08-01,21,31,67.74193548,2024-08-01,2024-08-26,30204.00000000,True,Eligible,7.10638298,,,7.10638298,,
Vunira,ask,2024-09-01,27,30,90.00000000,2024-09-01,2024-09-30,35450.00000000,True,Eligible,10.87826848,,,10.87826848,,
Vunira,bid,2024-09-01,27,30,90.00000000,2024-09-01,2024-09-30,34000.00000000,True,Eligible,12.56787181,,,12.56787181,,
Vunira,ask,2024-10-01,28,31,90.32258065,2024-10-01,2024-10-31,39746.00000000,True,Eligible,12.11847673,,,12.11847673,,
Vunira,bid,2024-10-01,28,31,90.32258065,2024-10-01,2024-10-31,38363.00000000,True,Eligible,12.83235294,,,12.83235294,,
Vunira,ask,2024-11-01,29,30,96.66666667,2024-11-01,2024-11-30,40190.00000000,True,Eligible,1.11709354,0.79249636,,1.11709354,0.79249636,
Vunira,bid,2024-11-01,29,30,96.66666667,2024-11-01,2024-11-30,38614.00000000,True,Eligible,0.65427626,-1.53006579,,0.65427626,-1.53006579,
Vunira,ask,2024-12-01,31,31,100.00000000,2024-12-01,2024-12-31,39452.00000000,True,Eligible,-1.83627768,3.76507410,2.97257774,-1.83627768,3.76507410,2.97257774
Vunira,bid,2024-12-01,31,31,100.00000000,2024-12-01,2024-12-31,38204.00000000,True,Eligible,-1.06179106,2.93967074,4.46973653,-1.06179106,2.93967074,4.46973653
Vunira,ask,2025-01-01,26,31,83.87096774,2025-01-01,2025-01-28,38774.50000000,True,Eligible,-1.71727669,10.79694822,7.03187412,-1.71727669,10.79694822,7.03187412
Vunira,bid,2025-01-01,26,31,83.87096774,2025-01-01,2025-01-28,37395.50000000,True,Eligible,-2.11627055,11.07794214,8.13827140,-2.11627055,11.07794214,8.13827140
Vunira,ask,2025-02-01,6,28,21.42857143,2025-02-07,2025-02-27,38839.50000000,False,Insufficient coverage,,,,0.16763595,9.77036671,-1.02658152
Vunira,bid,2025-02-01,6,28,21.42857143,2025-02-07,2025-02-27,38025.50000000,False,Insufficient coverage,,,,1.68469468,11.58044544,0.50250330
Vunira,ask,2025-03-01,8,31,25.80645161,2025-03-03,2025-03-31,37837.50000000,False,Insufficient coverage,,,,-2.57984784,11.61504425,1.84467754
Vunira,bid,2025-03-01,8,31,25.80645161,2025-03-03,2025-03-31,36717.00000000,False,Insufficient coverage,,,,-3.44111189,11.24678079,-0.33366464
Vunira,ask,2025-04-01,7,30,23.33333333,2025-04-04,2025-04-28,37646.00000000,False,Insufficient coverage,,,,-0.50611166,10.74144347,-0.87360078
Vunira,bid,2025-04-01,7,30,23.33333333,2025-04-04,2025-04-28,36250.00000000,False,Insufficient coverage,,,,-1.27189040,9.76200569,-1.48477510
Vunira,ask,2025-05-01,8,31,25.80645161,2025-05-02,2025-05-30,34465.50000000,False,Insufficient coverage,,,,-8.44844074,2.91280979,-7.82863367
Vunira,bid,2025-05-01,8,31,25.80645161,2025-05-02,2025-05-30,32805.50000000,False,Insufficient coverage,,,,-9.50206897,0.51320547,-9.24880023
Vunira,ask,2025-06-01,5,30,16.66666667,2025-06-03,2025-06-27,33843.00000000,False,Insufficient coverage,,,,-1.80615398,11.50355007,8.59074028
Vunira,bid,2025-06-01,5,30,16.66666667,2025-06-03,2025-06-27,31721.00000000,False,Insufficient coverage,,,,-3.30584810,8.39598141,7.88277594
Vunira,ask,2025-07-01,6,31,19.35483871,2025-07-05,2025-07-25,33724.00000000,False,Insufficient coverage,,,,-0.35162367,12.83458244,1.33103237
Vunira,bid,2025-07-01,6,31,19.35483871,2025-07-05,2025-07-25,32558.50000000,False,Insufficient coverage,,,,2.64020680,15.45567376,7.05969235
Vunira,ask,2025-08-01,8,31,25.80645161,2025-08-02,2025-08-29,36735.50000000,False,Insufficient coverage,,,,8.92984225,14.89897410,2.06439166
Vunira,bid,2025-08-01,8,31,25.80645161,2025-08-02,2025-08-29,35258.00000000,False,Insufficient coverage,,,,8.29122963,16.73288306,1.27720930
Vunira,ask,2025-09-01,7,30,23.33333333,2025-09-02,2025-09-27,37100.00000000,False,Insufficient coverage,,,,0.99222823,4.65444288,-10.24453123
Vunira,bid,2025-09-01,7,30,23.33333333,2025-09-02,2025-09-27,35834.00000000,False,Insufficient coverage,,,,1.63367179,5.39411765,-11.33876541
Vunira,ask,2025-10-01,5,31,16.12903226,2025-10-01,2025-10-28,40200.00000000,False,Insufficient coverage,,,,8.35579515,1.14225331,-3.51218957
Vunira,bid,2025-10-01,5,31,16.12903226,2025-10-01,2025-10-28,39600.00000000,False,Insufficient coverage,,,,10.50957191,3.22446107,-2.16965658
Vunira,ask,2025-11-01,8,30,26.66666667,2025-11-01,2025-11-29,40496.50000000,False,Insufficient coverage,,,,0.73756219,0.76262752,-0.37962579
Vunira,bid,2025-11-01,8,30,26.66666667,2025-11-01,2025-11-29,39359.00000000,False,Insufficient coverage,,,,-0.60858586,1.92935205,-1.29510902
Vunira,ask,2025-12-01,5,31,16.12903226,2025-12-13,2025-12-29,39895.00000000,False,Insufficient coverage,,,,-1.48531355,1.12288350,0.36025598
Vunira,bid,2025-12-01,5,31,16.12903226,2025-12-13,2025-12-29,38003.00000000,False,Insufficient coverage,,,,-3.44520948,-0.52612292,-2.45547497
Vunira,ask,2026-01-01,6,31,19.35483871,2026-01-05,2026-01-25,38735.00000000,False,Insufficient coverage,,,,-2.90763254,-0.10187108,-1.22475458
Vunira,bid,2026-01-01,6,31,19.35483871,2026-01-05,2026-01-25,37816.50000000,False,Insufficient coverage,,,,-0.49075073,1.12580391,1.65192683
Vunira,ask,2026-02-01,6,28,21.42857143,2026-02-02,2026-02-26,38878.50000000,False,Insufficient coverage,,,,0.37046599,0.10041324,0.20228431
Vunira,bid,2026-02-01,6,28,21.42857143,2026-02-02,2026-02-26,37562.00000000,False,Insufficient coverage,,,,-0.67298666,-1.21891888,-2.34472279
Vunira,ask,2026-03-01,8,31,25.80645161,2026-03-02,2026-03-31,37929.00000000,False,Insufficient coverage,,,,-2.44222385,0.24182359,0.14141035
Vunira,bid,2026-03-01,8,31,25.80645161,2026-03-02,2026-03-31,36780.00000000,False,Insufficient coverage,,,,-2.08189127,0.17158265,1.39050153
Vunira,ask,2026-04-01,10,30,33.33333333,2026-04-03,2026-04-30,37898.50000000,False,Insufficient coverage,,,,-0.08041340,0.67072199,0.42889840
Vunira,bid,2026-04-01,10,30,33.33333333,2026-04-03,2026-04-30,36897.50000000,False,Insufficient coverage,,,,0.31946710,1.78620690,1.61462425
Vunira,ask,2026-05-01,10,31,32.25806452,2026-05-03,2026-05-30,37212.50000000,False,Insufficient coverage,,,,-1.81009802,7.97028913,7.29956714
Vunira,bid,2026-05-01,10,31,32.25806452,2026-05-03,2026-05-30,36157.00000000,False,Insufficient coverage,,,,-2.00691104,10.21627471,8.43006781
Vunira,ask,2026-06-01,8,30,26.66666667,2026-06-02,2026-06-29,37446.00000000,False,Insufficient coverage,,,,0.62747733,10.64621931,2.67593018
Vunira,bid,2026-06-01,8,30,26.66666667,2026-06-02,2026-06-29,36312.00000000,False,Insufficient coverage,,,,0.42868601,14.47306201,4.25678730
Vunira,ask,2026-07-01,8,31,25.80645161,2026-07-03,2026-07-31,38715.00000000,False,Insufficient coverage,,,,3.38887999,14.79954928,4.15332998
Vunira,bid,2026-07-01,8,31,25.80645161,2026-07-03,2026-07-31,37181.00000000,False,Insufficient coverage,,,,2.39314827,14.19752138,-0.27554062
Vunira,ask,2026-08-01,6,31,19.35483871,2026-08-08,2026-08-28,41385.50000000,False,Insufficient coverage,,,,6.89784321,12.65805556,-2.14149372
Vunira,bid,2026-08-01,6,31,19.35483871,2026-08-08,2026-08-28,40121.50000000,False,Insufficient coverage,,,,7.90860924,13.79403256,-0.40348882
Vunira,ask,2026-09-01,4,30,13.33333333,2026-09-01,2026-09-28,44645.50000000,False,Partial month,,,,,,
Vunira,bid,2026-09-01,4,30,13.33333333,2026-09-01,2026-09-28,42502.75000000,False,Partial month,,,,,,
Xybra,ask,2023-01-01,0,31,0.00000000,,,,False,Insufficient coverage,,,,,,
Xybra,bid,2023-01-01,0,31,0.00000000,,,,False,Insufficient coverage,,,,,,
Xybra,ask,2023-02-01,0,28,0.00000000,,,,False,Insufficient coverage,,,,,,
Xybra,bid,2023-02-01,0,28,0.00000000,,,,False,Insufficient coverage,,,,,,
Xybra,ask,2023-03-01,0,31,0.00000000,,,,False,Insufficient coverage,,,,,,
Xybra,bid,2023-03-01,0,31,0.00000000,,,,False,Insufficient coverage,,,,,,
Xybra,ask,2023-04-01,0,30,0.00000000,,,,False,Insufficient coverage,,,,,,
Xybra,bid,2023-04-01,0,30,0.00000000,,,,False,Insufficient coverage,,,,,,
Xybra,ask,2023-05-01,0,31,0.00000000,,,,False,Insufficient coverage,,,,,,
Xybra,bid,2023-05-01,0,31,0.00000000,,,,False,Insufficient coverage,,,,,,
Xybra,ask,2023-06-01,0,30,0.00000000,,,,False,Insufficient coverage,,,,,,
Xybra,bid,2023-06-01,0,30,0.00000000,,,,False,Insufficient coverage,,,,,,
Xybra,ask,2023-07-01,0,31,0.00000000,,,,False,Insufficient coverage,,,,,,
Xybra,bid,2023-07-01,0,31,0.00000000,,,,False,Insufficient coverage,,,,,,
Xybra,ask,2023-08-01,0,31,0.00000000,,,,False,Insufficient coverage,,,,,,
Xybra,bid,2023-08-01,0,31,0.00000000,,,,False,Insufficient coverage,,,,,,
Xybra,ask,2023-09-01,0,30,0.00000000,,,,False,Insufficient coverage,,,,,,
Xybra,bid,2023-09-01,0,30,0.00000000,,,,False,Insufficient coverage,,,,,,
Xybra,ask,2023-10-01,0,31,0.00000000,,,,False,Insufficient coverage,,,,,,
Xybra,bid,2023-10-01,0,31,0.00000000,,,,False,Insufficient coverage,,,,,,
Xybra,ask,2023-11-01,0,30,0.00000000,,,,False,Insufficient coverage,,,,,,
Xybra,bid,2023-11-01,0,30,0.00000000,,,,False,Insufficient coverage,,,,,,
Xybra,ask,2023-12-01,0,31,0.00000000,,,,False,Insufficient coverage,,,,,,
Xybra,bid,2023-12-01,0,31,0.00000000,,,,False,Insufficient coverage,,,,,,
Xybra,ask,2024-01-01,0,31,0.00000000,,,,False,Insufficient coverage,,,,,,
Xybra,bid,2024-01-01,0,31,0.00000000,,,,False,Insufficient coverage,,,,,,
Xybra,ask,2024-02-01,0,29,0.00000000,,,,False,Insufficient coverage,,,,,,
Xybra,bid,2024-02-01,0,29,0.00000000,,,,False,Insufficient coverage,,,,,,
Xybra,ask,2024-03-01,0,31,0.00000000,,,,False,Insufficient coverage,,,,,,
Xybra,bid,2024-03-01,0,31,0.00000000,,,,False,Insufficient coverage,,,,,,
Xybra,ask,2024-04-01,0,30,0.00000000,,,,False,Insufficient coverage,,,,,,
Xybra,bid,2024-04-01,0,30,0.00000000,,,,False,Insufficient coverage,,,,,,
Xybra,ask,2024-05-01,0,31,0.00000000,,,,False,Insufficient coverage,,,,,,
Xybra,bid,2024-05-01,0,31,0.00000000,,,,False,Insufficient coverage,,,,,,
Xybra,ask,2024-06-01,0,30,0.00000000,,,,False,Insufficient coverage,,,,,,
Xybra,bid,2024-06-01,0,30,0.00000000,,,,False,Insufficient coverage,,,,,,
Xybra,ask,2024-07-01,0,31,0.00000000,,,,False,Insufficient coverage,,,,,,
Xybra,bid,2024-07-01,0,31,0.00000000,,,,False,Insufficient coverage,,,,,,
Xybra,ask,2024-08-01,0,31,0.00000000,,,,False,Insufficient coverage,,,,,,
Xybra,bid,2024-08-01,0,31,0.00000000,,,,False,Insufficient coverage,,,,,,
Xybra,ask,2024-09-01,0,30,0.00000000,,,,False,Insufficient coverage,,,,,,
Xybra,bid,2024-09-01,0,30,0.00000000,,,,False,Insufficient coverage,,,,,,
Xybra,ask,2024-10-01,0,31,0.00000000,,,,False,Insufficient coverage,,,,,,
Xybra,bid,2024-10-01,0,31,0.00000000,,,,False,Insufficient coverage,,,,,,
Xybra,ask,2024-11-01,0,30,0.00000000,,,,False,Insufficient coverage,,,,,,
Xybra,bid,2024-11-01,0,30,0.00000000,,,,False,Insufficient coverage,,,,,,
Xybra,ask,2024-12-01,0,31,0.00000000,,,,False,Insufficient coverage,,,,,,
Xybra,bid,2024-12-01,0,31,0.00000000,,,,False,Insufficient coverage,,,,,,
Xybra,ask,2025-01-01,0,31,0.00000000,,,,False,Insufficient coverage,,,,,,
Xybra,bid,2025-01-01,0,31,0.00000000,,,,False,Insufficient coverage,,,,,,
Xybra,ask,2025-02-01,0,28,0.00000000,,,,False,Insufficient coverage,,,,,,
Xybra,bid,2025-02-01,0,28,0.00000000,,,,False,Insufficient coverage,,,,,,
Xybra,ask,2025-03-01,0,31,0.00000000,,,,False,Insufficient coverage,,,,,,
Xybra,bid,2025-03-01,0,31,0.00000000,,,,False,Insufficient coverage,,,,,,
Xybra,ask,2025-04-01,0,30,0.00000000,,,,False,Insufficient coverage,,,,,,
Xybra,bid,2025-04-01,0,30,0.00000000,,,,False,Insufficient coverage,,,,,,
Xybra,ask,2025-05-01,0,31,0.00000000,,,,False,Insufficient coverage,,,,,,
Xybra,bid,2025-05-01,0,31,0.00000000,,,,False,Insufficient coverage,,,,,,
Xybra,ask,2025-06-01,0,30,0.00000000,,,,False,Insufficient coverage,,,,,,
Xybra,bid,2025-06-01,0,30,0.00000000,,,,False,Insufficient coverage,,,,,,
Xybra,ask,2025-07-01,0,31,0.00000000,,,,False,Insufficient coverage,,,,,,
Xybra,bid,2025-07-01,0,31,0.00000000,,,,False,Insufficient coverage,,,,,,
Xybra,ask,2025-08-01,0,31,0.00000000,,,,False,Insufficient coverage,,,,,,
Xybra,bid,2025-08-01,0,31,0.00000000,,,,False,Insufficient coverage,,,,,,
Xybra,ask,2025-09-01,0,30,0.00000000,,,,False,Insufficient coverage,,,,,,
Xybra,bid,2025-09-01,0,30,0.00000000,,,,False,Insufficient coverage,,,,,,
Xybra,ask,2025-10-01,5,31,16.12903226,2025-10-03,2025-10-26,29995.00000000,False,Insufficient coverage,,,,,,
Xybra,bid,2025-10-01,5,31,16.12903226,2025-10-03,2025-10-26,27401.00000000,False,Insufficient coverage,,,,,,
Xybra,ask,2025-11-01,7,30,23.33333333,2025-11-01,2025-11-27,32997.00000000,False,Insufficient coverage,,,,10.00833472,,
Xybra,bid,2025-11-01,7,30,23.33333333,2025-11-01,2025-11-27,29200.00000000,False,Insufficient coverage,,,,6.56545382,,
Xybra,ask,2025-12-01,8,31,25.80645161,2025-12-01,2025-12-30,28486.00000000,False,Insufficient coverage,,,,-13.67093978,,
Xybra,bid,2025-12-01,8,31,25.80645161,2025-12-01,2025-12-30,26160.50000000,False,Insufficient coverage,,,,-10.40924658,,
Xybra,ask,2026-01-01,6,31,19.35483871,2026-01-06,2026-01-30,35435.00000000,False,Insufficient coverage,,,,24.39443937,,
Xybra,bid,2026-01-01,6,31,19.35483871,2026-01-06,2026-01-30,32753.00000000,False,Insufficient coverage,,,,25.20020642,,
Xybra,ask,2026-02-01,7,28,25.00000000,2026-02-03,2026-02-24,37944.00000000,False,Insufficient coverage,,,,7.08057006,,
Xybra,bid,2026-02-01,7,28,25.00000000,2026-02-03,2026-02-24,34160.00000000,False,Insufficient coverage,,,,4.29578970,,
Xybra,ask,2026-03-01,6,31,19.35483871,2026-03-04,2026-03-29,37086.00000000,False,Insufficient coverage,,,,-2.26122707,,
Xybra,bid,2026-03-01,6,31,19.35483871,2026-03-04,2026-03-29,33802.50000000,False,Insufficient coverage,,,,-1.04654567,,
Xybra,ask,2026-04-01,5,30,16.66666667,2026-04-04,2026-04-28,33997.00000000,False,Insufficient coverage,,,,-8.32928868,,
Xybra,bid,2026-04-01,5,30,16.66666667,2026-04-04,2026-04-28,30002.00000000,False,Insufficient coverage,,,,-11.24325124,,
Xybra,ask,2026-05-01,4,31,12.90322581,2026-05-10,2026-05-28,33700.00000000,False,Insufficient coverage,,,,-0.87360649,,
Xybra,bid,2026-05-01,4,31,12.90322581,2026-05-10,2026-05-28,30402.50000000,False,Insufficient coverage,,,,1.33491101,,
Xybra,ask,2026-06-01,4,30,13.33333333,2026-06-03,2026-06-24,31922.00000000,False,Insufficient coverage,,,,-5.27596439,,
Xybra,bid,2026-06-01,4,30,13.33333333,2026-06-03,2026-06-24,29716.50000000,False,Insufficient coverage,,,,-2.25639339,,
Xybra,ask,2026-07-01,5,31,16.12903226,2026-07-01,2026-07-29,38500.00000000,False,Insufficient coverage,,,,20.60647829,,
Xybra,bid,2026-07-01,5,31,16.12903226,2026-07-01,2026-07-29,35327.00000000,False,Insufficient coverage,,,,18.88008346,,
Xybra,ask,2026-08-01,3,31,9.67741935,2026-08-12,2026-08-26,42077.00000000,False,Insufficient coverage,,,,9.29090909,,
Xybra,bid,2026-08-01,3,31,9.67741935,2026-08-12,2026-08-26,39262.00000000,False,Insufficient coverage,,,,11.13878903,,
Xybra,ask,2026-09-01,3,30,10.00000000,2026-09-02,2026-09-28,44940.00000000,False,Partial month,,,,,,
Xybra,bid,2026-09-01,3,30,10.00000000,2026-09-02,2026-09-28,41035.00000000,False,Partial month,,,,,,
Yonabra,ask,2023-01-01,0,31,0.00000000,,,,False,Insufficient coverage,,,,,,
Yonabra,bid,2023-01-01,0,31,0.00000000,,,,False,Insufficient coverage,,,,,,
Yonabra,ask,2023-02-01,0,28,0.00000000,,,,False,Insufficient coverage,,,,,,
Yonabra,bid,2023-02-01,0,28,0.00000000,,,,False,Insufficient coverage,,,,,,
Yonabra,ask,2023-03-01,0,31,0.00000000,,,,False,Insufficient coverage,,,,,,
Yonabra,bid,2023-03-01,0,31,0.00000000,,,,False,Insufficient coverage,,,,,,
Yonabra,ask,2023-04-01,0,30,0.00000000,,,,False,Insufficient coverage,,,,,,
Yonabra,bid,2023-04-01,0,30,0.00000000,,,,False,Insufficient coverage,,,,,,
Yonabra,ask,2023-05-01,0,31,0.00000000,,,,False,Insufficient coverage,,,,,,
Yonabra,bid,2023-05-01,0,31,0.00000000,,,,False,Insufficient coverage,,,,,,
Yonabra,ask,2023-06-01,0,30,0.00000000,,,,False,Insufficient coverage,,,,,,
Yonabra,bid,2023-06-01,0,30,0.00000000,,,,False,Insufficient coverage,,,,,,
Yonabra,ask,2023-07-01,0,31,0.00000000,,,,False,Insufficient coverage,,,,,,
Yonabra,bid,2023-07-01,0,31,0.00000000,,,,False,Insufficient coverage,,,,,,
Yonabra,ask,2023-08-01,0,31,0.00000000,,,,False,Insufficient coverage,,,,,,
Yonabra,bid,2023-08-01,0,31,0.00000000,,,,False,Insufficient coverage,,,,,,
Yonabra,ask,2023-09-01,0,30,0.00000000,,,,False,Insufficient coverage,,,,,,
Yonabra,bid,2023-09-01,0,30,0.00000000,,,,False,Insufficient coverage,,,,,,
Yonabra,ask,2023-10-01,0,31,0.00000000,,,,False,Insufficient coverage,,,,,,
Yonabra,bid,2023-10-01,0,31,0.00000000,,,,False,Insufficient coverage,,,,,,
Yonabra,ask,2023-11-01,0,30,0.00000000,,,,False,Insufficient coverage,,,,,,
Yonabra,bid,2023-11-01,0,30,0.00000000,,,,False,Insufficient coverage,,,,,,
Yonabra,ask,2023-12-01,0,31,0.00000000,,,,False,Insufficient coverage,,,,,,
Yonabra,bid,2023-12-01,0,31,0.00000000,,,,False,Insufficient coverage,,,,,,
Yonabra,ask,2024-01-01,0,31,0.00000000,,,,False,Insufficient coverage,,,,,,
Yonabra,bid,2024-01-01,0,31,0.00000000,,,,False,Insufficient coverage,,,,,,
Yonabra,ask,2024-02-01,0,29,0.00000000,,,,False,Insufficient coverage,,,,,,
Yonabra,bid,2024-02-01,0,29,0.00000000,,,,False,Insufficient coverage,,,,,,
Yonabra,ask,2024-03-01,0,31,0.00000000,,,,False,Insufficient coverage,,,,,,
Yonabra,bid,2024-03-01,0,31,0.00000000,,,,False,Insufficient coverage,,,,,,
Yonabra,ask,2024-04-01,0,30,0.00000000,,,,False,Insufficient coverage,,,,,,
Yonabra,bid,2024-04-01,0,30,0.00000000,,,,False,Insufficient coverage,,,,,,
Yonabra,ask,2024-05-01,0,31,0.00000000,,,,False,Insufficient coverage,,,,,,
Yonabra,bid,2024-05-01,0,31,0.00000000,,,,False,Insufficient coverage,,,,,,
Yonabra,ask,2024-06-01,0,30,0.00000000,,,,False,Insufficient coverage,,,,,,
Yonabra,bid,2024-06-01,0,30,0.00000000,,,,False,Insufficient coverage,,,,,,
Yonabra,ask,2024-07-01,0,31,0.00000000,,,,False,Insufficient coverage,,,,,,
Yonabra,bid,2024-07-01,0,31,0.00000000,,,,False,Insufficient coverage,,,,,,
Yonabra,ask,2024-08-01,0,31,0.00000000,,,,False,Insufficient coverage,,,,,,
Yonabra,bid,2024-08-01,0,31,0.00000000,,,,False,Insufficient coverage,,,,,,
Yonabra,ask,2024-09-01,0,30,0.00000000,,,,False,Insufficient coverage,,,,,,
Yonabra,bid,2024-09-01,0,30,0.00000000,,,,False,Insufficient coverage,,,,,,
Yonabra,ask,2024-10-01,0,31,0.00000000,,,,False,Insufficient coverage,,,,,,
Yonabra,bid,2024-10-01,0,31,0.00000000,,,,False,Insufficient coverage,,,,,,
Yonabra,ask,2024-11-01,0,30,0.00000000,,,,False,Insufficient coverage,,,,,,
Yonabra,bid,2024-11-01,0,30,0.00000000,,,,False,Insufficient coverage,,,,,,
Yonabra,ask,2024-12-01,0,31,0.00000000,,,,False,Insufficient coverage,,,,,,
Yonabra,bid,2024-12-01,0,31,0.00000000,,,,False,Insufficient coverage,,,,,,
Yonabra,ask,2025-01-01,0,31,0.00000000,,,,False,Insufficient coverage,,,,,,
Yonabra,bid,2025-01-01,0,31,0.00000000,,,,False,Insufficient coverage,,,,,,
Yonabra,ask,2025-02-01,0,28,0.00000000,,,,False,Insufficient coverage,,,,,,
Yonabra,bid,2025-02-01,0,28,0.00000000,,,,False,Insufficient coverage,,,,,,
Yonabra,ask,2025-03-01,0,31,0.00000000,,,,False,Insufficient coverage,,,,,,
Yonabra,bid,2025-03-01,0,31,0.00000000,,,,False,Insufficient coverage,,,,,,
Yonabra,ask,2025-04-01,0,30,0.00000000,,,,False,Insufficient coverage,,,,,,
Yonabra,bid,2025-04-01,0,30,0.00000000,,,,False,Insufficient coverage,,,,,,
Yonabra,ask,2025-05-01,0,31,0.00000000,,,,False,Insufficient coverage,,,,,,
Yonabra,bid,2025-05-01,0,31,0.00000000,,,,False,Insufficient coverage,,,,,,
Yonabra,ask,2025-06-01,0,30,0.00000000,,,,False,Insufficient coverage,,,,,,
Yonabra,bid,2025-06-01,0,30,0.00000000,,,,False,Insufficient coverage,,,,,,
Yonabra,ask,2025-07-01,0,31,0.00000000,,,,False,Insufficient coverage,,,,,,
Yonabra,bid,2025-07-01,0,31,0.00000000,,,,False,Insufficient coverage,,,,,,
Yonabra,ask,2025-08-01,0,31,0.00000000,,,,False,Insufficient coverage,,,,,,
Yonabra,bid,2025-08-01,0,31,0.00000000,,,,False,Insufficient coverage,,,,,,
Yonabra,ask,2025-09-01,0,30,0.00000000,,,,False,Insufficient coverage,,,,,,
Yonabra,bid,2025-09-01,0,30,0.00000000,,,,False,Insufficient coverage,,,,,,
Yonabra,ask,2025-10-01,6,31,19.35483871,2025-10-02,2025-10-31,44694.50000000,False,Insufficient coverage,,,,,,
Yonabra,bid,2025-10-01,6,31,19.35483871,2025-10-02,2025-10-31,43316.00000000,False,Insufficient coverage,,,,,,
Yonabra,ask,2025-11-01,7,30,23.33333333,2025-11-04,2025-11-28,45399.00000000,False,Insufficient coverage,,,,1.57625659,,
Yonabra,bid,2025-11-01,7,30,23.33333333,2025-11-04,2025-11-28,44200.00000000,False,Insufficient coverage,,,,2.04081633,,
Yonabra,ask,2025-12-01,4,31,12.90322581,2025-12-05,2025-12-25,44432.00000000,False,Insufficient coverage,,,,-2.13000286,,
Yonabra,bid,2025-12-01,4,31,12.90322581,2025-12-05,2025-12-25,43922.00000000,False,Insufficient coverage,,,,-0.62895928,,
Yonabra,ask,2026-01-01,7,31,22.58064516,2026-01-06,2026-01-30,42280.00000000,False,Insufficient coverage,,,,-4.84335614,,
Yonabra,bid,2026-01-01,7,31,22.58064516,2026-01-06,2026-01-30,41263.00000000,False,Insufficient coverage,,,,-6.05391376,,
Yonabra,ask,2026-02-01,6,28,21.42857143,2026-02-07,2026-02-27,42425.00000000,False,Insufficient coverage,,,,0.34295175,,
Yonabra,bid,2026-02-01,6,28,21.42857143,2026-02-07,2026-02-27,41744.50000000,False,Insufficient coverage,,,,1.16690498,,
Yonabra,ask,2026-03-01,8,31,25.80645161,2026-03-03,2026-03-30,42108.00000000,False,Insufficient coverage,,,,-0.74720094,,
Yonabra,bid,2026-03-01,8,31,25.80645161,2026-03-03,2026-03-30,40652.50000000,False,Insufficient coverage,,,,-2.61591347,,
Yonabra,ask,2026-04-01,10,30,33.33333333,2026-04-02,2026-04-29,41963.50000000,False,Insufficient coverage,,,,-0.34316519,,
Yonabra,bid,2026-04-01,10,30,33.33333333,2026-04-02,2026-04-29,41060.00000000,False,Insufficient coverage,,,,1.00239838,,
Yonabra,ask,2026-05-01,8,31,25.80645161,2026-05-02,2026-05-29,41271.50000000,False,Insufficient coverage,,,,-1.64905215,,
Yonabra,bid,2026-05-01,8,31,25.80645161,2026-05-02,2026-05-29,40519.50000000,False,Insufficient coverage,,,,-1.31636629,,
Yonabra,ask,2026-06-01,7,30,23.33333333,2026-06-01,2026-06-27,41499.00000000,False,Insufficient coverage,,,,0.55122784,,
Yonabra,bid,2026-06-01,7,30,23.33333333,2026-06-01,2026-06-27,40704.00000000,False,Insufficient coverage,,,,0.45533632,,
Yonabra,ask,2026-07-01,7,31,22.58064516,2026-07-01,2026-07-29,43450.00000000,False,Insufficient coverage,,,,4.70131810,,
Yonabra,bid,2026-07-01,7,31,22.58064516,2026-07-01,2026-07-29,42351.00000000,False,Insufficient coverage,,,,4.04628538,,
Yonabra,ask,2026-08-01,8,31,25.80645161,2026-08-02,2026-08-30,44795.50000000,False,Insufficient coverage,,,,3.09666283,,
Yonabra,bid,2026-08-01,8,31,25.80645161,2026-08-02,2026-08-30,43485.00000000,False,Insufficient coverage,,,,2.67762272,,
Yonabra,ask,2026-09-01,3,30,10.00000000,2026-09-26,2026-09-28,48986.50000000,False,Partial month,,,,,,
Yonabra,bid,2026-09-01,3,30,10.00000000,2026-09-26,2026-09-28,46120.50000000,False,Partial month,,,,,,
